sector_id,vendor,layer,bandwidth_mhz,mimo_config,antenna_tilt_mechanical,antenna_tilt_electrical,transmit_power_dbm,azimuth,latitude,longitude,dl_throughput_mbps,ul_throughput_mbps,prb_utilization_pct,connected_users_mean,rach_failure_rate_pct,handover_success_rate_pct,ta_mean,dl_payload_gb,cluster_id,dl_throughput_mbps_zscore,ul_throughput_mbps_zscore,prb_utilization_pct_zscore,connected_users_mean_zscore,rach_failure_rate_pct_zscore,handover_success_rate_pct_zscore,ta_mean_zscore,dl_payload_gb_zscore,max_abs_z,outlier_score,is_outlier,top_contributing_kpi,flag_silent_rach,neighbor_interference_surge
SEC_000,Nokia,2100MHz,20,8x8,4.7018259269666505,14.397397771138936,41.49486767709976,64.03972465764843,51.50421463810168,-0.16879283773200462,57.92776826592389,6.576128785731838,23.425660274476623,36,0.2647054995546189,99.76618589390617,2.6618612130432786,56.21784779864353,0,0.4166748389220776,-0.8917956243731405,-0.8664285021766208,0.96,-0.3414443461836145,1.0078367617542336,-0.6334028412820091,-1.2059006126326086,1.2059006126326086,0.14257086164020666,False,dl_payload_gb,False,False
SEC_001,Ericsson,2100MHz,20,8x8,7.4427906559495565,7.1738294186388565,45.26453004136065,185.28610216371803,51.47004059821815,-0.03308180948094558,69.22088823474255,11.971180206277023,40.58310395117904,24,0.9357179835514793,97.70493117764042,4.069848849286616,128.08005241835565,3,0.7307051154250098,0.6392935080518616,-0.20955888356689034,-0.8387096774193549,0.15312104282982164,0.12540804442808595,-0.1788807500925299,0.5605325554502241,0.8387096774193549,0.10328088840458877,False,connected_users_mean,False,False
SEC_002,Nokia,2600MHz,20,2x2,8.718327789731212,13.43721896057823,41.54229521770061,290.97915824013756,51.535494682964696,-0.12833306866566524,93.91887208574977,10.688924249169608,60.0161591122344,26,0.5152875772480657,98.57633541254623,4.124299773422978,92.73068998039076,4,0.6635537866367661,0.2121787853733861,0.3255126207479622,-0.5714285714285714,-0.3120023189586751,0.2785271322909494,0.14974472136915634,-0.29482667265859536,0.6635537866367661,0.08814914642532728,False,dl_throughput_mbps,False,False
SEC_003,Nokia,2100MHz,20,2x2,4.336553339563888,4.8332325516694254,43.806088046598596,91.37558813641014,51.55170037618328,-0.017421511052684913,44.66475634613172,7.234151418804817,26.151751893668084,25,0.23299658519318883,97.78366153879608,7.405138534195774,68.29994221356662,1,-0.31465744213108016,-0.6734166686616504,-0.8495890097201787,-0.5714285714285714,-0.4667685947632558,-0.008002048497952326,0.4837818961342493,-0.8293434593160832,0.8495890097201787,0.10429282387617823,False,prb_utilization_pct,False,False
SEC_004,Ericsson,1800MHz,10,2x2,0.4366165770736119,1.8785035564924069,30.033661490814133,88.49067815021509,51.40292565177553,-0.08686236557179886,21.029347088104423,8.597328670537948,20.715078978694525,22,1.6788249342560173,99.27370309295989,2.8983460249586073,120.55142878785057,1,-1.3846135823470647,-0.3359785763422044,-1.037016389724163,-1.0,0.6833274676436681,0.5316593881754133,-0.54436803616838,0.4108811542584918,1.3846135823470647,0.16584212275221846,False,dl_throughput_mbps,False,False
SEC_005,Ericsson,1800MHz,20,4x4,1.6167254414680265,7.115041648593208,41.48115399570551,144.99518344641066,51.441448459953776,-0.1634655231520664,63.053734908669654,9.95460979191709,28.38154235617632,34,1.3580228976898665,99.64791547298785,7.052701638143255,31.242079697831798,1,0.517796961788548,0.0,-0.7727177704748023,0.7142857142857143,0.4281428467956928,0.667191172549156,0.4033792660875689,-1.7089370600289984,1.7089370600289984,0.21567295154463,False,dl_payload_gb,False,False
SEC_006,Nokia,1800MHz,15,2x2,0.208611392915381,1.7093495207147575,43.27340090984401,322.0714071279484,51.542647173616665,-0.17208022652804,45.54654723019243,7.4676501485016225,62.94415558464772,15,1.0835002507689706,95.9210994964818,7.338331670521777,108.42652075416964,1,-0.27473947157735223,-0.615616873508284,0.4188161225541385,-2.0,0.20977154741572143,-0.6825825022039432,0.46854101867583775,0.12308820583546866,2.0,0.2689414213699951,False,connected_users_mean,False,False
SEC_007,Huawei,2600MHz,15,8x8,6.532630192373301,7.290232544663099,30.648939800714903,0.15940131739483832,51.47732403452677,-0.08470551248844922,76.54939532883907,9.23157821789372,78.36762209938664,39,0.2696281500710809,97.18430018278563,4.2193207222569935,134.53867565613243,4,0.15153844875650338,-0.22231563638363552,0.878295796370555,1.2857142857142858,-0.5750060875916786,-0.2057973837397971,0.18061273485450013,0.7585766405435828,1.2857142857142858,0.15260866484263105,False,connected_users_mean,False,False
SEC_008,Nokia,2100MHz,20,2x2,3.323146253551089,13.804457718291117,43.94556363661169,324.4979147910966,51.532496789388325,-0.04762327762751123,47.338693426872545,2.905292723828155,78.98388197688922,29,0.10298223791085198,96.9619105046636,9.132560828188396,105.38630673588338,0,-0.1102087119830127,-1.82629734930477,0.9573152441458622,-0.16,-0.47557881517145295,-0.2091817890003526,0.7979163474243823,0.08422606053546801,1.82629734930477,0.23618636497737827,False,ul_throughput_mbps,False,False
SEC_009,Nokia,1800MHz,20,8x8,5.424786357193675,7.811522127513191,34.107107652960735,55.3705288709788,51.46939253194691,-0.043698870451563565,29.66705750635598,12.134547970806217,49.638748948411276,34,0.8583976722638136,97.0260756164964,1.9989533252962959,84.80468659647751,0,-0.9895012305103309,0.5232368719708387,-0.005962578754002088,0.64,0.15096833161654982,-0.1813349763401867,-0.7800381104971447,-0.45581317788674336,0.9895012305103309,0.11810501796712151,False,dl_throughput_mbps,False,False
SEC_010,Nokia,2600MHz,15,4x4,4.932768467837995,9.247495903426252,40.644673631648885,356.43109538429354,51.478151030465924,-0.14484851911174376,83.19562977501725,13.681455022368379,72.16113805954085,25,0.8067142414044702,95.62762090613938,1.8158651828952428,62.73454114571883,4,0.34745534500022246,1.104374530232108,0.6913439462974132,-0.7142857142857143,0.0,-0.7474057576934158,-0.6001613882290213,-1.0506163155947599,1.104374530232108,0.13060438647419254,False,ul_throughput_mbps,False,False
SEC_011,Nokia,2100MHz,15,8x8,0.815264895524267,2.3495765546071246,42.805678064374504,343.7449174938485,51.43173577473794,-0.15915064821756653,53.396885466701704,11.363091122495979,64.20958734509024,28,0.2087292006920273,99.0680786299036,4.857983419505364,132.47543906267524,1,0.08063908384464416,0.3486525707891873,0.4624414358924388,-0.14285714285714285,-0.4860722855352563,0.4571865703952249,-0.0973092797664839,0.693905657577254,0.693905657577254,0.0906194863492479,False,dl_payload_gb,False,False
SEC_012,Ericsson,2600MHz,10,8x8,4.032613611238318,0.6560343881995423,40.602632208949686,178.083068252862,51.45164620393323,-0.19664873910152353,65.41975103441703,16.792774383813338,50.0624142190762,37,0.05789047571263706,95.17883121507468,1.4982902319757048,127.82265572926903,2,0.49890604518302073,1.4624645525850044,-0.012890249413614498,1.037037037037037,-0.7329289991449282,-0.7272450394503128,-0.9489469931328598,0.8658575969279766,1.4624645525850044,0.17689383385729254,False,ul_throughput_mbps,False,False
SEC_013,Nokia,1800MHz,15,2x2,2.2056112492232325,1.6621194326971056,31.476556673172116,184.57928921254614,51.52108235150152,-0.06416016975976613,57.06658699793731,12.04628868279968,54.365631977305206,34,0.08415196449321787,97.64113303863579,6.096665293516787,80.63914507326936,1,0.24676354749326931,0.5177698892692885,0.12307454876951168,0.7142857142857143,-0.5851682735968115,-0.05962284722565631,0.18527543703577767,-0.5364640772771266,0.7142857142857143,0.09231302875229802,False,connected_users_mean,False,False
SEC_014,Huawei,1800MHz,15,2x2,4.1839978866765275,8.977973635265485,39.5411443017659,173.35776249930754,51.48663262226303,-0.18468634831329223,29.39000678865041,13.42842891633268,28.233628797012265,31,30.662162202870068,82.30744666986783,4.58560419948482,81.44087459171416,0,-1.003286520362772,0.8526261323628144,-0.7086030308637231,0.16,24.870431002097025,-6.569025906566082,-0.2078707637013431,-0.5440759317877261,24.870431002097025,0.9999999996824644,True,rach_failure_rate_pct,True,False
SEC_015,Ericsson,1800MHz,20,8x8,2.0357828034224266,1.42517548488457,38.793338507554296,228.75971243742813,51.55486053658892,-0.11584775964681485,45.96495836175337,13.715088497530333,76.25968763699552,25,1.530552311224964,96.03734719029438,3.561362150823266,135.60301300679953,1,-0.25579833311594413,0.9308611620511773,0.8778643906699266,-0.5714285714285714,0.565382789064572,-0.6404800539349289,-0.39311190810698776,0.7681407548077028,0.9308611620511773,0.11213274635096693,False,ul_throughput_mbps,False,False
SEC_016,Huawei,2600MHz,15,2x2,8.404524062769335,5.639893349119671,44.405140289188346,32.659812804575175,51.57051699098767,-0.07966356719634078,75.58786814105525,1.7469599302430954,41.115786243906605,24,2.5508859006325837,99.52925096049398,1.7709358220111147,115.94839440365634,3,0.9997092116010702,-1.803032324303949,-0.19308499065959103,-0.8387096774193549,1.2165918049923932,0.8242631585687482,-0.638062394543915,0.26211155007629167,1.803032324303949,0.23201508931693857,False,ul_throughput_mbps,False,False
SEC_017,Huawei,2600MHz,10,4x4,1.7419333657825364,8.25137910687234,36.467835674307345,11.742461402963942,51.50832928364335,-0.0125782110160646,35.9641282769611,11.271019596248689,46.76895538743017,32,0.2169809818075487,99.19274603512396,2.8126309015937245,46.40246980867762,4,-1.0448291513360128,0.3857252018103611,-0.0735199440259415,0.2857142857142857,-0.6313703143599403,0.49299208983912524,-0.2763572374173983,-1.4621228203885557,1.4621228203885557,0.1768440823213256,False,dl_payload_gb,False,False
SEC_018,Huawei,1800MHz,15,4x4,9.607805514869769,5.829791979447705,35.1372975533928,20.773054229723588,51.55165345841121,-0.1376395726088463,49.1435508374592,5.851195149049657,60.29961385987392,33,3.2331912108948053,97.35541864741963,6.471634157491078,94.12892785891023,2,-0.1319662562362781,-0.7947318235157145,0.32590845134556257,0.4444444444444444,2.1314723524043964,0.1337501895500771,0.4501248415525082,-0.031364954999627645,2.1314723524043964,0.29556076023995453,False,rach_failure_rate_pct,False,False
SEC_019,Huawei,2600MHz,20,2x2,4.159073661469408,2.4552570219795222,41.997612230983464,159.97152572694517,51.461380902638915,-0.15004556751069606,91.50701580032916,6.457289645287584,40.03414829159324,37,0.15391411786226888,97.0557446617007,4.327446828603293,93.02330656666508,1,1.8058543111226455,-0.8657194337776842,-0.370998293351413,1.1428571428571428,-0.5296753944132072,-0.2716380971533425,-0.21834240008476546,-0.24251757145367345,1.8058543111226455,0.2325183026846798,False,dl_throughput_mbps,False,False
SEC_020,Ericsson,1800MHz,20,4x4,8.462452920190493,4.106869612711598,36.60280521733435,99.19725811901402,51.482994243080014,-0.06916796914278031,45.45153613935698,6.979080184594255,35.255549659335834,34,0.7114778220346201,96.1828396260555,2.4726160018921046,107.42903417888814,2,-0.2750702842821467,-0.5620544411867746,-0.5029213762038931,0.5925925925925926,-0.1433355608236224,-0.33008826142029607,-0.6748554034672785,0.32280052586474806,0.6748554034672785,0.08906179595178905,False,ta_mean,False,False
SEC_021,Ericsson,1800MHz,15,2x2,6.287648182059451,13.924762992728654,40.337538800081006,223.93424245355777,51.542555535243366,-0.07615219358928367,49.48827646228484,9.061852599947871,57.862963596213234,34,1.770168350572119,98.64996612322481,2.124278296665701,100.18138047805917,0,-0.0032513091996703354,-0.2589934090424298,0.2640039459609396,0.64,0.9071976738305333,0.5234120961706015,-0.75231621842766,-0.05234552096687621,0.9071976738305333,0.10979836781717273,False,rach_failure_rate_pct,False,False
SEC_022,Huawei,2100MHz,20,8x8,7.353502986657526,10.139734133795331,40.34320144199371,357.27922417492044,51.477242398563405,-0.13357804333837509,58.4351605885125,11.951379882213091,21.499044936910966,33,0.43048043032524,95.65871899815983,1.2400908634798529,84.61866514683345,0,0.44192130026934867,0.4766069239545993,-0.929671215240307,0.48,-0.20394939286395428,-0.7747497231215796,-0.9478985379298414,-0.4606941775998628,0.9478985379298414,0.11384021238953562,False,ta_mean,False,False
SEC_023,Huawei,2600MHz,10,8x8,7.677238880667803,7.4407175801982985,44.20862502976188,139.07634230752774,51.517700987031795,-0.014379632898042699,66.27449755050887,11.301969475020112,63.24350672160073,34,0.553087079467907,98.40118876921892,0.7782812409017732,105.35078957079635,3,0.6062204814766587,0.4794347988190744,0.4912435526558575,0.45161290322580644,-0.09881361665009258,0.3921283766895671,-0.8363338200037024,0.0014260044611892004,0.8363338200037024,0.10306105817697306,False,ta_mean,False,False
SEC_024,Ericsson,1800MHz,10,4x4,5.0484488189301775,0.19072334980340278,39.57907843710556,206.5828514776248,51.4370745558165,-0.03102753450207346,45.533039006835665,9.962255851547207,50.841402192590586,33,0.1371781600613605,99.21228493059206,8.918293921477167,86.56667011459841,2,-0.27191119917896894,0.05336067944992033,0.012890249413614734,0.4444444444444444,-0.6614045140171689,0.8682729507059381,1.1384047626915166,-0.23273858209699305,1.1384047626915166,0.13451722238775513,False,ta_mean,False,False
SEC_025,Ericsson,1800MHz,15,2x2,5.433005233632883,14.886231007342053,38.03445775939179,149.61740252664077,51.5199542629941,-0.1552034908269838,32.34944728201299,12.168050323617884,56.345223831256064,33,0.13115921417904214,96.14235787958512,1.4057997040485093,202.42561077940178,0,-0.8560328141102926,0.5317657209752081,0.21418290561678124,0.48,-0.4522086227142798,-0.5648568242933515,-0.9112437312858945,2.6304314368725645,2.6304314368725645,0.408645276038189,False,dl_payload_gb,False,False
SEC_026,Ericsson,2600MHz,15,2x2,5.1399586780872495,10.071824023419648,32.22194122234427,305.01780037986936,51.57230274144538,-0.15217149091309537,74.66392251028279,12.350458964776308,57.91280955481311,40,0.966448420723349,99.33213701449378,5.306692992201452,103.68183703040609,4,0.09595870874660065,0.7075502002560358,0.2621554786710764,1.4285714285714286,0.17101192338976912,0.5414897622967045,0.5338508608057196,-0.01889913395050728,1.4285714285714286,0.17201283293576136,False,connected_users_mean,False,False
SEC_027,Nokia,2100MHz,15,4x4,5.880583780900793,4.753837160174174,31.851801706859284,324.80510524640573,51.57372792796468,-0.09753993062258388,44.977272745928296,11.327872567700036,51.62300938955382,19,1.1255694970276267,95.16661599719754,8.847865866204614,99.55901592612994,2,-0.2934529310222135,0.3350809902665796,0.03875743107722561,-1.6296296296296295,0.2302116564125564,-0.7320770274316494,1.1185923567973712,0.11323161477170121,1.6296296296296295,0.20256001411651053,False,connected_users_mean,False,False
SEC_028,Nokia,2100MHz,20,8x8,0.2939444575650729,13.189029899967574,32.46914504452927,315.8480203938936,51.544868881265906,-0.045285579653855934,57.486346925799836,4.826485641775642,54.95202664644416,25,1.5020757148487824,99.56393692693263,1.8825206370621181,155.28422674934689,0,0.39471091415386994,-1.3372103768897472,0.1684500766071648,-0.8,0.6848396594868018,0.9200633762936014,-0.8057930289409225,1.3934929958109106,1.3934929958109106,0.16707413504871138,False,dl_payload_gb,False,False
SEC_029,Nokia,1800MHz,10,4x4,3.9551516984901527,3.8764743043772714,32.74957570123351,350.77400592453273,51.54915067581523,-0.19119192412230712,58.45189931274859,7.782001631929829,61.02729205339247,32,0.8134680523338784,95.59181113925649,4.926712814497159,59.0696981966709,1,0.3094755319217065,-0.537802954041142,0.3527329288238599,0.42857142857142855,-0.005027787750578556,-0.8018437586725574,-0.0816298086874003,-1.0484295862299837,1.0484295862299837,0.12438222149243279,False,dl_payload_gb,False,False
SEC_030,Huawei,2600MHz,10,8x8,6.061887135611715,8.160248687741273,40.20603348261814,9.906906650549505,51.51158548903014,-0.06133296925305867,92.80220337778982,10.078983501827947,65.18713083078045,29,1.0377786315565265,98.22879588969016,6.762508793997943,96.70081377749554,3,1.727012699246482,0.1872922046363625,0.5513526568326085,-0.1935483870967742,0.22032056677584078,0.3260886140161291,0.35894734809621953,-0.21135072148750922,1.727012699246482,0.21874630435391235,False,dl_throughput_mbps,False,False
SEC_031,Nokia,2100MHz,20,2x2,5.977235652558644,9.541061455947377,41.855700004393256,302.33381837239114,51.516933618033164,-0.0703528205235806,42.37609473657304,12.200358649423254,63.647143477167226,28,0.013609461731244802,96.25041234456971,8.507247944712265,71.5119073898718,0,-0.3571341194812378,0.5399906009986201,0.45387434789707803,-0.32,-0.5497052565564087,-0.5179626109494803,0.6595970956745641,-0.8046011892593594,0.8046011892593594,0.10016443903884498,False,dl_payload_gb,False,False
SEC_032,Huawei,2600MHz,10,8x8,7.9295609460563155,3.315950571805927,38.479864366822696,270.6379822940736,51.4267301162821,-0.15370398081740236,26.02692557345739,6.0142610268280405,72.1769874639357,38,0.17694093092345814,99.18276195584806,3.7851354007044864,119.05030169530266,2,-1.0279762834460777,-0.7610920992593101,0.7189884816939702,1.1851851851851851,-0.6255349872864343,0.8565945131560642,-0.30562517309138826,0.6322605932645199,1.1851851851851851,0.1400572180658816,False,connected_users_mean,False,False
SEC_033,Huawei,2600MHz,15,4x4,6.550093388321086,14.675959182008938,43.26428372072786,82.32998738413133,51.48877183768426,-0.06372939735173025,91.68689429545744,9.965964430674159,31.366605990044164,38,4.194038895513922,97.56150180457733,5.504198010586783,85.16951553465601,3,1.6798910315069138,0.16029460583904562,-0.49459107341993575,0.967741935483871,2.2984887083026773,0.07046353753558347,0.1076141276122743,-0.4950037564416207,2.2984887083026773,0.3314772402184099,False,rach_failure_rate_pct,False,False
SEC_034,Nokia,1800MHz,15,2x2,9.921333163406723,11.222878589684964,45.86021162773813,344.2752336195099,51.49015525677727,-0.011963361749583484,56.46681446146114,5.303126630831644,44.068878169507855,27,0.0790361795684289,95.67620595623251,8.500398619884976,117.40281205599243,3,0.19184711077782907,-0.9535477120279642,-0.10175678097073168,-0.45161290322580644,-0.4109417034505165,-0.6517501103496881,0.7060710098694869,0.29788809253387166,0.9535477120279642,0.1144113489725339,False,ul_throughput_mbps,False,False
SEC_035,Huawei,2100MHz,15,4x4,2.8385452860864504,8.367198382666048,43.120202065909695,53.34405416278037,51.59169956713355,-0.1906428310056463,40.47062592970865,13.077753957157833,76.86776396086742,30,1.135654629649793,97.8549578566299,4.132242668698474,115.24152995303628,1,-0.5045223834539971,0.7730966811671538,0.8988276073298567,0.14285714285714285,0.2512581774344181,0.017819965125894864,-0.26287499025393257,0.2848470897316322,0.8988276073298567,0.10898292304778646,False,prb_utilization_pct,False,False
SEC_036,Nokia,1800MHz,10,4x4,3.5915102966623147,2.708918972629513,41.11811797881535,244.63797376820702,51.486217372524656,-0.1360695889415875,58.32410299351006,10.727041835094173,43.79543446317979,22,0.19368503690680294,97.03941305098492,9.029376251829648,123.41116785970223,1,0.3036902944005993,0.19120623878127482,-0.24132928003923143,-1.0,-0.49803928946266335,-0.277553060046451,0.8543247813471537,0.478759008418088,1.0,0.11920292202211755,False,connected_users_mean,False,False
SEC_037,Nokia,2100MHz,15,8x8,3.838471518677963,0.8078731049703919,38.51988319099435,80.9604780537285,51.509868528980554,-0.11236465666672896,2.827115296225638,0.5961591892132172,27.49220461435536,25,1.2613144788428918,98.30723908306551,5.234259877094411,115.73556377565869,2,-1.9272105964292714,-1.8788210459503372,-0.759848202589358,-0.7407407407407407,0.35266560386688367,0.510262909314005,0.10203399350450097,0.5439931974252333,1.9272105964292714,0.2548729787675928,False,dl_throughput_mbps,False,False
SEC_038,Ericsson,2100MHz,20,4x4,4.658128070202485,4.800897487814752,37.18164914679533,155.29703355866687,51.50665027985582,-0.02014792821506209,65.45360319305412,5.9418143865871205,51.526707581730776,28,1.2241428691898093,99.4095164238173,5.75026627202947,93.2788181843495,1,0.6264370863810458,-0.9933191187875465,0.025203632160488838,-0.14285714285714285,0.321646876016971,0.5808480950575056,0.10625024788808274,-0.23645282922177616,0.9933191187875465,0.11850325494743584,False,ul_throughput_mbps,False,False
SEC_039,Nokia,2100MHz,20,8x8,8.359980637812095,11.297810038701043,31.350278088712678,258.8975629000448,51.527352343408864,-0.007547710678168673,44.99563172308925,11.16229561475278,26.56945835326773,26,0.26683301218844324,97.04694565591709,9.99736874039648,58.0704187969304,0,-0.22679308684513938,0.2757260901001835,-0.7632307771557182,-0.64,-0.33967977147430933,-0.1722776543569793,0.9892119155869578,-1.157291172546674,1.157291172546674,0.13673123919265073,False,dl_payload_gb,False,False
SEC_040,Ericsson,2100MHz,10,2x2,2.3579209395920984,4.039969474530376,36.38989997431506,202.7968711318968,51.54964656626638,-0.11117695070073355,3.7566085804926574,1.4124396743689498,32.17119432367191,22,0.314210047222284,96.4494033976693,8.589726695369452,130.27254823039792,1,-2.1665366885986543,-2.1145112164019007,-0.642070856359665,-1.0,-0.40216667783816595,-0.4912420382294425,0.7540260298992103,0.6416185436532508,2.1665366885986543,0.30291326957593573,False,dl_throughput_mbps,False,False
SEC_041,Nokia,2100MHz,20,8x8,7.760002070354295,8.093343307432576,44.56215418851415,153.9006592781202,51.445008375234174,-0.04999431757156175,4.0674476656416685,0.6709642487651959,79.8991253942574,32,1.0635464844435807,95.07257547263805,4.25593005195682,142.2708227399547,3,-2.0220195124122005,-2.0600623938278586,1.0063402285997896,0.1935483870967742,0.23728682635745213,-0.8829871196043585,-0.14171315321964637,0.9096047054622857,2.0600623938278586,0.28091294601838657,False,ul_throughput_mbps,False,False
SEC_042,Nokia,2600MHz,20,2x2,4.053101830857434,10.919207650961148,42.92836207850485,117.4818351355154,51.50574488381969,-0.0936677952471034,6.979158781499523,1.2359812325848232,52.48175830376792,39,0.4944373789435472,97.87419518929937,0.7651772577780096,71.86395066125188,4,-1.8992445811942127,-2.606129922200501,0.09856123228191194,1.2857142857142858,-0.3343246079660622,0.03423466286239945,-0.9414824278458808,-0.8205896813093853,2.606129922200501,0.4027860064434083,False,ul_throughput_mbps,False,False
SEC_043,Ericsson,1800MHz,10,8x8,6.018553836620085,1.6191557196969653,33.456821840187,302.2774760551645,51.565183541463206,-0.09244341305172471,49.819818900508054,8.37328684591651,37.04350334242574,43,0.21635163083851652,97.01137383715717,6.635566664145052,122.07632084838063,2,-0.10575382433268533,-0.27443615904031754,-0.44374929730505447,1.9259259259259258,-0.589983059605568,-0.002344017278632298,0.49624136924170864,0.7128397632855044,1.9259259259259258,0.25462908030684506,False,connected_users_mean,False,False
SEC_044,Ericsson,2600MHz,15,4x4,6.3254053322630615,10.279470241738101,37.465724555155454,51.773166113332934,51.492622942767504,-0.1443800969867287,76.08630630898665,12.46958230807866,79.68649727443437,30,1.3155734856321255,96.87324609507414,5.134654584607079,64.88911757243241,4,0.13788756656317314,0.7430657381277138,0.918022983681076,0.0,0.5447863347788252,-0.31402102439878066,0.477963354410718,-0.9963291283561669,0.9963291283561669,0.11881804248550226,False,dl_payload_gb,False,False
SEC_045,Nokia,2100MHz,15,8x8,3.7284863718893444,1.3780633156506705,43.067571240936715,154.83703555072802,51.455691509274715,-0.1566087508272241,43.555888340628144,12.049572731095939,77.99353511330858,30,0.16741031322978708,95.91467660642107,6.857224211290417,106.10296524285692,1,-0.3648550129971167,0.5185828158280067,0.9376381704970799,0.14285714285714285,-0.5189397347066325,-0.6849087367093396,0.3587843345983764,0.06793703359006192,0.9376381704970799,0.11280923410390903,False,prb_utilization_pct,False,False
SEC_046,Huawei,1800MHz,15,8x8,5.1261520520580515,14.476946131904947,31.07815287656836,325.3527258390512,51.53094181507126,-0.14239893081519178,53.003593601922184,10.465899524447318,46.44434246505581,35,1.9354704815257058,97.15027672595637,9.710761160468918,112.28261458624992,0,0.17166130641988103,0.09844131446555501,-0.1108215657539143,0.8,1.0443004834860672,-0.12743333215183997,0.925814299691011,0.2651776481272781,1.0443004834860672,0.12393321264357549,False,rach_failure_rate_pct,False,False
SEC_047,Ericsson,2100MHz,10,2x2,4.13031174647697,7.325911950974094,36.19828137069855,304.5058381655884,51.564753479159826,-0.08873439854858414,50.124189115001506,4.496826081158251,35.6241865272745,38,0.7229252263803715,99.92220976791684,8.7667392459893,87.21340678585977,0,0.02838997406836359,-1.4211333369026746,-0.46600197148144024,1.28,0.03860648331864577,1.075549066244725,0.7169965889149686,-0.3926109903118369,1.4211333369026746,0.17095605005528908,False,ul_throughput_mbps,False,False
SEC_048,Huawei,1800MHz,20,4x4,0.6913278618661944,2.260141615648161,43.62945978998316,144.3390344902968,51.412628058585476,-0.1941689627955822,4.028640506638402,1.204355695037234,70.3039782855314,22,0.11171466488383654,96.48877076836122,5.039485238625836,102.85214310679228,1,-2.1542220201054247,-2.1660198965377098,0.6725434126990497,-1.0,-0.5632432966733061,-0.47698401182320777,-0.05590265129201162,-0.00922344339978716,2.1660198965377098,0.3028041565232931,False,ul_throughput_mbps,False,False
SEC_049,Huawei,2600MHz,15,8x8,4.371653888168265,5.135754540503197,36.46236582672198,274.719010896471,51.555358096681445,-0.018550211128718852,57.040710950521564,11.506057812990594,62.93724301830714,30,1.1844065890610629,97.9985220670405,1.096002171076,125.44609514491647,4,-0.42353619300491135,0.45579970153961796,0.4135015750340265,0.0,0.4043586356894217,0.07749115063242554,-0.8340123592949089,0.5294779580488173,0.8340123592949089,0.10284666122281501,False,ta_mean,False,False
SEC_050,Huawei,1800MHz,15,4x4,0.9739339255355217,6.201246739428922,31.241834315703052,296.3378990551893,51.56432958659236,-0.16874325809004476,59.125483143422564,11.231289259583507,61.21648610021062,28,0.7322270259506,98.88243440657834,5.2845289255179715,96.71750484246968,1,0.3399681351050024,0.3160266088104436,0.3592553268165392,-0.14285714285714285,-0.06965163096811486,0.3899501715244292,0.0,-0.15483325987788546,0.3899501715244292,0.06849442445281737,False,handover_success_rate_pct,False,False
SEC_051,Ericsson,1800MHz,10,8x8,4.050207990803215,11.37277516614806,38.68054989651603,319.9994726413067,51.49230458551772,-0.1559822646257227,57.86489053996858,10.587022189692934,73.58682447934835,36,0.3539038894231376,98.74578911588266,7.2031961796582085,79.74587486319406,0,0.41354621437010125,0.12927607191360227,0.7801524488281062,0.96,-0.2674625420944866,0.5649980117696095,0.37114075781279643,-0.5885508738144365,0.96,0.1150667320455498,False,connected_users_mean,False,False
SEC_052,Huawei,1800MHz,15,8x8,5.929183998317819,11.151356791149139,43.787879918692724,196.02207685772208,51.596661131363696,-0.09634476471047074,50.85704532741895,7.3636393350036755,61.365028032279476,17,0.5491150297751091,96.64387143746295,6.469388274043041,63.286623616829836,3,-0.04516492599068531,-0.4613396737198524,0.43314915534059073,-1.7419354838709677,-0.10142892287892188,-0.2810596334435564,0.300399869014399,-1.033290823114151,1.7419354838709677,0.22130725491884337,False,connected_users_mean,False,True
SEC_053,Ericsson,1800MHz,10,4x4,5.794148993435008,9.179107580059965,39.44456868725055,73.60591897969624,51.55734166814146,-0.05797704673254414,63.86293198985302,13.248888313057334,37.02787658249295,43,0.3543031069513786,98.05430041758426,5.843233609397964,88.2770690123677,0,0.71199243612465,0.8069196500719477,-0.4199247054794483,2.08,-0.2671314281247523,0.26490103245917196,0.07031694609080882,-0.36470165495091333,2.08,0.28495789429901025,False,connected_users_mean,False,False
SEC_054,Huawei,1800MHz,20,8x8,6.626212790083203,1.5889606883773943,33.62046573142771,91.91126754141538,51.554732512979136,-0.18085418905112055,20.58008515748548,12.694419162449908,61.631789712543934,28,0.3052024426891834,99.35632342635078,5.219370622137172,64.75835256372733,2,-1.2390980874977455,0.6169931306678377,0.3699966262277493,-0.2962962962962963,-0.5098317899222244,0.9252504264543131,0.09784543595406682,-0.8134672685019665,1.2390980874977455,0.14667741761225936,False,dl_throughput_mbps,False,False
SEC_055,Nokia,2100MHz,10,4x4,0.9526150795462629,2.2735405738151035,36.1478339221981,106.45008265497752,51.549567714882414,-0.13646106049056755,41.534080377399455,6.773731669466004,38.34881067701984,30,0.178658379440694,95.0772371386654,3.643856857246477,88.6784793508168,1,-0.45638064815655044,-0.7873880261542724,-0.42909971281545173,0.14285714285714285,-0.509992367844417,-0.9882115439586472,-0.37429210962491694,-0.3456450039557712,0.9882115439586472,0.11797075523377232,False,handover_success_rate_pct,False,False
SEC_056,Nokia,1800MHz,10,8x8,6.521232455304379,1.4063538096833494,37.20197377891091,213.7688930914616,51.430121620643654,-0.006265078885128561,32.65524331498034,13.942885031553255,65.55433877941971,30,0.45062012214066505,97.17867178421653,3.496120855521663,86.04272609711234,2,-0.7710599259712823,0.8745457722894449,0.49981284298154094,0.0,-0.3786522159861847,0.06383422674646105,-0.38692904349238566,-0.24669056717400228,0.8745457722894449,0.10664731027569554,False,ul_throughput_mbps,False,False
SEC_057,Ericsson,1800MHz,10,2x2,3.121480566964471,8.657591749313251,39.26826166112843,11.811464686299038,51.4434461772906,-0.14753140664381087,83.84408397706775,10.395008303906163,57.18487126949396,47,0.2889992145908643,96.12136709120952,5.502083310332217,124.12314909887561,1,1.4589594946696416,0.1090153415903748,0.2202668283866855,2.5714285714285716,-0.42222084219190137,-0.6100498284755708,0.04963142313750913,0.4956583679410138,2.5714285714285716,0.3944675127794144,False,connected_users_mean,False,False
SEC_058,Nokia,2600MHz,10,4x4,3.9904594613711106,13.15707662267106,42.14961641204181,228.97528876078857,51.49279802629289,-0.13738997098737063,91.04744595890969,10.387410859435517,24.644693119085034,28,1.1502250668870284,96.9431614519942,1.7117998225067885,102.20425048630932,3,1.6528744201220147,0.26096824863317836,-0.7024749739741685,-0.3225806451612903,0.2943583773457175,-0.16640848552954646,-0.6498741356478636,-0.0759742450268249,1.6528744201220147,0.20634070163073198,False,dl_throughput_mbps,False,False
SEC_059,Nokia,1800MHz,20,8x8,8.579862539227058,6.507007683821577,31.581977882250165,131.1675258341635,51.45280086999189,-0.032700301876393306,48.81407024512586,9.470933990743951,50.77012174610852,28,1.1516230818389082,97.07994803987621,4.066168812173214,176.41779069151573,0,-0.03679797603679258,-0.1548516661561745,0.031175652120477543,-0.32,0.39417165442445734,-0.1579550547822513,-0.3227699062008769,1.9480146369243116,1.9480146369243116,0.2588440388957394,False,dl_payload_gb,False,False
SEC_060,Huawei,2600MHz,20,8x8,0.09030404129550251,2.412722609366193,44.23443252828106,106.28704889627117,51.48304819446681,-0.18995711366190896,92.66228802403852,9.766019810244833,40.59805815174445,25,0.6968344553211392,98.73335482393318,2.741069430673627,39.59232290477095,1,1.8581525639637293,-0.046683176061761256,-0.35155769994078856,-0.5714285714285714,-0.09780494262906429,0.335956709715171,-0.5802480815522002,-1.5107383515605446,1.8581525639637293,0.2419813310068999,False,dl_throughput_mbps,False,True
SEC_061,Ericsson,2100MHz,15,2x2,5.884126333406055,8.370634877234505,30.19695524825721,316.6187654621255,51.577692821984584,-0.10707736623820584,66.74413495632672,14.11269756492931,39.714237963937656,34,1.5048280520639155,95.46910936197722,6.284195214257808,109.4011429515634,0,0.8553532559250268,1.0268235690357475,-0.3317427115341803,0.64,0.6871224683237924,-0.8570378056406049,0.1678576826506385,0.18957097884705143,1.0268235690357475,0.12204811588466519,False,ul_throughput_mbps,False,False
SEC_062,Huawei,1800MHz,20,4x4,5.987139801001076,12.176283252985648,35.920837354788084,165.6008624090876,51.564865378375856,-0.12407664710966596,66.58447537286106,13.099224953795545,56.13537814263543,29,1.8409899600651505,97.56291951566256,1.6001407032672212,86.45331143501465,0,0.8474090294887211,0.7688191560616887,0.20729455047171377,-0.16,0.9659376403984655,0.05164819879694162,-0.8682554892288759,-0.4125550623342696,0.9659376403984655,0.11567272373984826,False,rach_failure_rate_pct,False,False
SEC_063,Huawei,2600MHz,20,8x8,3.9665977634356198,11.12568092269395,30.43872495956252,34.2190963917694,51.526007975696,-0.1366826480182698,95.73832841475794,13.035541250918245,39.339489468165496,24,0.8669446685173902,97.82097395899373,5.926912685670098,71.31878138546662,4,0.7171875005415248,0.9118012328763514,-0.29731048142920785,-0.8571428571428571,0.06448288795227419,0.01571764112382445,0.7353322193565454,-0.8343258877322993,0.9118012328763514,0.11024914097964891,False,ul_throughput_mbps,False,False
SEC_064,Huawei,2600MHz,15,2x2,2.370278571083362,13.221761695125322,36.287587605524664,297.62883648944893,51.57162407885022,-0.1428600811910471,69.0928427261536,10.553693057636135,66.61362489229236,21,0.9647857418598825,97.47078801775902,4.242983796421733,99.10691516271488,4,-0.06826490823103251,0.17186083952671022,0.5242416314821501,-1.2857142857142858,0.1692318540794101,-0.10612096818956387,0.1882997986165953,-0.13416988366910199,1.2857142857142858,0.15260866484263105,False,connected_users_mean,False,False
SEC_065,Huawei,2100MHz,20,8x8,2.346740382615511,4.168531458733018,38.41300158197318,17.150852677142375,51.55675447780345,-0.18172517902791818,42.479518707740716,12.667515170603188,24.247486160670466,38,0.3325203294041529,98.6593662653136,7.037440126983418,96.86149202917119,1,-0.4135814084352996,0.6715470159607803,-0.9152378988016081,1.2857142857142858,-0.3876016131452673,0.30915962360004806,0.3998976055421452,-0.1514156259559741,1.2857142857142858,0.15260866484263105,False,connected_users_mean,False,False
SEC_066,Huawei,1800MHz,10,4x4,8.837096696607526,2.909308009016623,38.18690218530419,261.6297207005508,51.48579698636818,-0.13703483412967024,35.56716230028972,7.497060777878284,59.62329514374952,27,2.2525499965080495,96.91895627953424,7.327845133834895,132.33438452038095,2,-0.6581927327948282,-0.4551974790458372,0.3035257773368523,-0.4444444444444444,1.246847476167833,-0.03890173832707168,0.6909890728407072,0.9859993881581428,1.246847476167833,0.1476500136640868,False,rach_failure_rate_pct,False,False
SEC_067,Huawei,1800MHz,10,8x8,4.420243737828575,13.19724728912908,32.65005355245225,278.60623983743943,51.440213030409986,-0.1913895194568663,57.53670900093511,11.7503289354942,68.55168821940447,28,0.024503825944784806,99.72483531820038,3.6233572315828284,102.73775340409007,0,0.3972167939763796,0.4254244539833021,0.614870012051418,-0.32,-0.5406693903248571,0.989891157013922,-0.4207198575163363,0.014730913188746152,0.989891157013922,0.11814563728701329,False,handover_success_rate_pct,False,False
SEC_068,Huawei,2600MHz,15,8x8,3.3088936298917195,9.863404691670347,40.3318481615298,126.93693813438894,51.50284020800187,-0.04380722727111294,71.42394595510243,9.539535904093098,60.3699013952258,39,0.42863517712484656,97.4090172126947,3.6633408745246587,79.21595236843694,4,0.00045107119126792803,-0.13050086218503026,0.3361680536516426,1.2857142857142858,-0.4047726557431969,-0.12761260477174163,0.0,-0.6353470097996097,1.2857142857142858,0.15260866484263105,False,connected_users_mean,False,False
SEC_069,Ericsson,1800MHz,15,8x8,4.48777573831403,4.663933950113313,30.71645520807469,296.9236282600032,51.54724577650571,-0.12035444120839767,43.72293454224206,3.8205850377750323,49.833751701199745,29,1.2794165147702043,97.85606954807399,9.606213602827005,110.02631691100962,2,-0.3420716024407177,-1.2136371466047133,-0.020457803694780136,-0.14814814814814814,0.3689952370261862,0.3317932501928353,1.3319262776152114,0.3919629720611983,1.3319262776152114,0.1586811706675608,False,ta_mean,False,False
SEC_070,Nokia,2600MHz,15,8x8,6.693904014593613,11.135220758587637,42.19050912211865,185.63738610832323,51.48728391974592,-0.11121923353601769,64.41011936112444,5.24169502353411,77.01842082417087,24,0.08347890679316118,99.12765411673375,5.530242999379934,93.11045308865447,4,-0.2063016619859363,-1.4118629053281346,0.8376551255973331,-0.8571428571428571,-0.7742980629613152,0.4703449533314718,0.6064721587501138,-0.2852580768506165,1.4118629053281346,0.16964615611046543,False,ul_throughput_mbps,False,False
SEC_071,Huawei,1800MHz,10,2x2,1.457565682447517,12.226775767205519,45.14631094389674,166.78571517820686,51.53335438195678,-0.021281082709973698,71.75288945952033,8.01106365973234,37.99630938788381,38,0.20232370556545035,96.37618052965561,9.726011877008668,66.2356436463788,3,0.8376818470953444,-0.3066852247652663,-0.2895588707838572,0.967741935483871,-0.3297658220758207,-0.383605887498583,0.9508732725868542,-0.9607492528671531,0.967741935483871,0.11585741769960438,False,connected_users_mean,False,False
SEC_072,Huawei,2600MHz,20,2x2,4.494338352137377,9.224673605116985,35.43630123441788,16.345181328729318,51.41886548525821,-0.06838900322775585,96.43530928893759,11.24546195304613,21.150073251498668,37,0.8898575078633768,95.37601014381401,5.4014023744216155,92.54363891461671,4,0.737733018566251,0.3781054236887258,-0.8452124806327314,1.0,0.08901344705732134,-0.8349475512386266,0.5646176603739644,-0.2995396529478782,1.0,0.11920292202211755,False,connected_users_mean,False,False
SEC_073,Huawei,1800MHz,10,4x4,5.878843711103869,10.318261648198726,38.275830107429314,104.41050971360612,51.54960094727428,-0.19838817933157604,77.45590784192248,8.013760634998093,45.91936228780645,33,0.8209661691358968,98.53891989181241,2.5804012573766566,106.92826232220067,0,1.3883419277623092,-0.5258110311360225,-0.12805446640955598,0.48,0.11992236615402205,0.47521949563689175,-0.6514217889370523,0.12468529138684935,1.3883419277623092,0.16635853929562422,False,dl_throughput_mbps,False,False
SEC_074,Huawei,2100MHz,15,2x2,9.485833548514337,5.628898566639995,36.06256444894103,335.1635895187079,51.562542723978616,-0.011365035407743002,57.93524449838163,8.226649787845874,21.980716154019635,29,1.3429601819225188,97.41505927774189,1.5808229546020862,102.1684729069644,2,0.20880345328574357,-0.3046866949983711,-0.942250147958222,-0.14814814814814814,0.4263172298871388,0.1573423032409674,-0.9257293734798002,0.18271824624501037,0.942250147958222,0.11327164098489141,False,prb_utilization_pct,False,False
SEC_075,Huawei,1800MHz,20,2x2,2.5252778207541926,8.080435010145587,30.10736624486496,141.05662678206,51.54136757115611,-0.15257110680445776,50.85431660382347,12.289782765624526,77.23620515158453,32,1.6745773558929118,99.48252125479497,6.198952930476973,109.90939163895646,0,0.06471913122052862,0.5627557121153605,0.8999463330634587,0.32,0.8279137960445516,0.8847300478716597,0.1490020837631403,0.20290686942367936,0.8999463330634587,0.10909160516298443,False,prb_utilization_pct,False,False
SEC_076,Huawei,1800MHz,20,4x4,3.592507479162456,7.862387560892434,36.17399204632186,196.81218740043658,51.59345271750527,-0.17847716304802824,49.618963238826126,8.334963641650939,32.595082744883086,37,0.1376307303102216,99.91340024361217,4.220319517323486,84.20544372978425,0,0.003251309199670689,-0.4440408952028351,-0.56543476307956,1.12,-0.44684109938474126,1.0717258488306185,-0.28867175988640653,-0.4715366563673987,1.12,0.13238887354206538,False,connected_users_mean,False,False
SEC_077,Nokia,2100MHz,10,2x2,3.7935858992242375,12.720716866961578,42.66752414818154,191.52780443433065,51.56533041149213,-0.04637436432382355,34.69547679107791,13.992421726103233,67.33562143693277,35,0.018552019203325647,96.99554675287365,3.4791211912435323,109.5283588430183,3,-0.7279891536273089,1.1221205837627735,0.617797523953795,0.5806451612903226,-0.45076613002684607,-0.14634087689563852,-0.2968718590317859,0.10418808535113744,1.1221205837627735,0.13263263809618833,False,ul_throughput_mbps,False,False
SEC_078,Nokia,1800MHz,15,2x2,6.055381576448829,12.59945970423274,39.53582147493571,212.5551923361696,51.58061874557531,-0.09990453682665637,31.07871512372899,13.495371219460404,66.4743249904619,19,1.1700175952129825,97.0771950812983,8.264898967828756,103.60347438452247,0,-0.9192609886186848,0.8696679442794469,0.5466788770306263,-1.76,0.40942819982579887,-0.1591498025133885,0.6059894857393363,0.037446486393972904,1.76,0.22443598573092652,False,connected_users_mean,False,False
SEC_079,Huawei,2100MHz,10,4x4,3.567320530400017,12.490207040205648,31.620158633842543,22.07914403158174,51.58671421669153,-0.1132458867963965,57.61011532839312,10.065643961713954,33.06373398097601,29,0.3586652028569482,97.03981301102863,4.302939403737526,103.8468815132063,0,0.40086929309059327,-0.003453596524785605,-0.5500509056622219,-0.16,-0.2635134735273708,-0.17537312821040227,-0.2703962354722654,0.043833223662982965,0.5500509056622219,0.07944227189630815,False,prb_utilization_pct,False,False
SEC_080,Nokia,1800MHz,20,4x4,5.3351192529969556,0.1654742139369869,43.55423183510056,130.3834517275422,51.56026959837476,-0.15009938406345166,35.97981934275118,12.260384354974986,57.27359182881004,22,0.9834564715779854,96.62277054865463,3.853008727608735,100.9706965848006,2,-0.6421979738876971,0.5274537896354894,0.22576267236638062,-1.1851851851851851,0.10201317188464534,-0.15606427330991932,-0.28653144834194083,0.15082293526769133,1.1851851851851851,0.1400572180658816,False,connected_users_mean,False,False
SEC_081,Ericsson,2600MHz,10,4x4,7.817903298450294,11.243182267033324,38.49736551816389,260.3261785977195,51.5348517684013,-0.09050570202753627,79.75779946201281,11.851721363069146,22.884738109187012,21,0.16315982666640907,98.90843548883198,6.054921836964766,165.2827963070789,4,0.24611539826937764,0.5588561350088683,-0.7929608672684348,-1.2857142857142858,-0.6889914152351093,0.3940732084836724,0.776916609503118,1.5332123478550188,1.5332123478550188,0.18743136610785074,False,dl_payload_gb,False,False
SEC_082,Huawei,2600MHz,10,8x8,7.053855941122036,11.380145851665073,43.467573787914816,72.20169038627385,51.40114371627216,-0.1451230789594825,100.09800036964225,9.26300417212179,49.014475142232044,33,0.6330686780342614,98.79497881245364,6.031610219864698,133.30378731400208,3,2.0352591998725345,-0.007626071946660092,0.05119223949349997,0.3225806451612903,-0.04615154313636357,0.5429803206298934,0.21295869814915203,0.6890287772755421,2.0352591998725345,0.2759300124483756,False,dl_throughput_mbps,False,False
SEC_083,Ericsson,1800MHz,15,8x8,4.463686465125855,10.175682342827127,39.28354430056047,73.28821591668975,51.49316515064462,-0.019683398942586472,40.018191004536554,12.58490398891644,20.878827636349204,33,0.7020360619980572,97.39322435275263,4.207299739795509,108.86175270785897,0,-0.4744569932837849,0.6378860877516946,-0.9500303518109329,0.48,0.021280855925640607,-0.021997264850082847,-0.2915517355485226,0.17541796783773828,0.9500303518109329,0.11405544819732241,False,prb_utilization_pct,False,False
SEC_084,Ericsson,1800MHz,15,4x4,8.64216177674169,11.343969868371788,38.95501511740704,3.632618408048902,51.514232459724475,-0.15695910405336144,80.15722451887368,13.026706166171582,75.2686328108505,28,0.8796642856665625,95.22330608189449,8.492488308873696,75.99378169455349,0,1.5227520952702664,0.7503577126788428,0.8353591731095082,-0.32,0.16860701801795852,-0.9637131888232111,0.656332263237494,-0.6870017014731539,1.5227520952702664,0.18584346694659415,False,dl_throughput_mbps,False,True
SEC_085,Huawei,1800MHz,20,4x4,5.581402495938629,12.62955557245063,31.684146963152198,157.4934935789555,51.4608060544896,-0.0231289699088493,35.13957318583851,7.142694307628799,78.5651614519743,33,0.719840326360804,96.54779650756537,8.657006412993944,91.23002500730608,0,-0.7172037411247658,-0.7475624173949663,0.9435704028717706,0.48,0.0360478444326905,-0.38890180456266754,0.6927236788992186,-0.28721931411480167,0.9435704028717706,0.11340431666374662,False,prb_utilization_pct,False,False
SEC_086,Nokia,2600MHz,10,4x4,5.399058395022125,7.054785811526784,32.677755730218045,317.7843770424319,51.46362088938069,-0.08811891485452861,97.27938202102153,10.460645914962225,33.336965998315115,32,0.6845656479228069,96.46151523277419,3.370762370686897,148.47364453445016,4,0.7626144926118942,0.14411968294164773,-0.4781186266836771,0.2857142857142857,-0.1307726749511363,-0.45727267949707817,-0.09504553798722638,1.1096852182119503,1.1096852182119503,0.13120858238690214,False,dl_payload_gb,False,False
SEC_087,Ericsson,1800MHz,10,8x8,0.34187765939158177,7.530753202326707,45.552404103945456,18.684339691431244,51.592231883142034,-0.03430237322095181,56.37134271698543,10.427511467728497,32.48636207578237,31,0.4045667427349859,99.0554362310013,1.5982581718825442,83.11187611499489,3,0.1878134416425493,0.270547341109961,-0.45996115969726903,0.06451612903225806,-0.19660347121050248,0.6427555906668118,-0.6725527847436726,-0.5456186702125417,0.6725527847436726,0.08887516165482305,False,ta_mean,False,False
SEC_088,Huawei,2600MHz,10,8x8,9.866929803571615,1.8707108536708572,33.65578794807633,68.80273541856094,51.578342173040554,-0.05743080082780902,101.8671431237884,12.548858402352113,65.22321059372777,32,49.854782306003635,75.9866394933614,0.7099832601379426,95.02811100593604,2,1.911622149059095,0.5869646299235113,0.48885420165055776,0.2962962962962963,44.18825993934402,-8.319122701195965,-1.1707088696292725,-0.007420813201814769,44.18825993934402,1.0,True,rach_failure_rate_pct,True,False
SEC_089,Ericsson,2100MHz,20,2x2,1.2297080852962672,5.780638245710427,45.63923388784589,111.63043380339182,51.56983580110034,-0.060660977712650305,33.25703582960465,8.66842494865199,35.20276392976007,38,0.0937835621547811,99.02837689521353,5.709632166000955,93.35790023156774,1,-0.8310758582150137,-0.3183795499299649,-0.5375585641075612,1.2857142857142858,-0.5775067399490366,0.44280744444306885,0.09698025081660303,-0.2345757629815174,1.2857142857142858,0.15260866484263105,False,connected_users_mean,False,True
SEC_090,Ericsson,2600MHz,20,2x2,2.311309124276466,9.650477698676765,38.51060330438821,263.42090516311663,51.48120236034122,-0.13513083846098886,126.90797063145624,8.206719001670713,73.7045935497107,34,0.5687695361594386,98.34591826099572,2.8676756082332404,111.03661831475549,4,1.636002449002193,-0.5278680604330694,0.7378359468472078,0.5714285714285714,-0.25474436265222844,0.19835913580347728,-0.2584756990019756,0.1664135724042121,1.636002449002193,0.2035913636200548,False,dl_throughput_mbps,False,False
SEC_091,Ericsson,2600MHz,15,4x4,0.5169683724152696,11.705996642209119,32.172624753022994,230.62881340893114,51.40273971008178,-0.1532206137055593,70.97756061488462,10.50699898093346,54.43574816737893,27,0.43973537436949717,98.66220729565225,6.981930933197706,86.90060568143707,4,-0.012707421951335196,0.15793942661515578,0.15741935834507367,-0.42857142857142855,-0.3928887490620601,0.3084041478555096,1.078059985092219,-0.44172277438418683,1.078059985092219,0.12764538560384397,False,ta_mean,False,False
SEC_092,Ericsson,2100MHz,15,8x8,6.400029668369137,3.258136465368158,31.588835244059087,149.73980564946783,51.41604444929114,-0.1578227544638424,60.149719089489224,13.54407766976072,41.046657380618726,31,0.725948933114724,97.16106593792512,7.951698996645558,105.30574024444766,2,0.29463741113960007,0.7922736877497362,-0.3112654702168731,0.14814814814814814,-0.1302813421548222,0.05686986159661121,0.8664879688531362,0.26625981865416276,0.8664879688531362,0.10588204353720428,False,ta_mean,False,False
SEC_093,Nokia,2600MHz,15,8x8,2.2470117697268,2.067343487388531,33.34182513129184,273.26481813301524,51.46243927364352,-0.028561668588082262,107.50096850129628,6.401868653770199,69.9616247809652,21,0.3636106105317137,98.3986289800088,5.496035375007598,87.57049316045128,4,1.063925184270348,-1.0659677234090876,0.6250901584764466,-1.2857142857142858,-0.47438816476007967,0.21669853765901229,0.5953596469999805,-0.4248441403514626,1.2857142857142858,0.15260866484263105,False,connected_users_mean,False,False
SEC_094,Ericsson,1800MHz,10,8x8,1.800104374727235,9.945630067507384,44.810197280405376,219.4671641964847,51.40314858259914,-0.035914635948195994,40.930068987571765,6.925581539988617,49.60440202480371,33,1.1644639642727748,98.04514472353458,9.597184914586093,139.43532098595196,3,-0.4645784214556377,-0.5659813813460032,0.06943649581533154,0.3225806451612903,0.30373365708910155,0.2557360596602413,0.9251415568790263,0.8398555184060911,0.9251415568790263,0.11156457023439305,False,ta_mean,False,False
SEC_095,Ericsson,1800MHz,10,4x4,0.8855558422324139,0.028198252873659624,36.62640358925163,322.5746878765989,51.403429956383036,-0.11188529439753854,62.38589544420768,8.438485276088235,74.69797482250854,20,1.9947682573027945,98.84490097614315,8.989519581039886,79.41167126698019,1,0.4875644014855373,-0.3752983434029517,0.8240248925585405,-1.2857142857142858,0.9346471848254395,0.37635635936843115,0.8452321432258487,-0.5655990038961739,1.2857142857142858,0.15260866484263105,False,connected_users_mean,False,False
SEC_096,Ericsson,2600MHz,15,2x2,1.0330895712401567,2.675588764609947,36.32694828788663,294.4896296899295,51.58332066032848,-0.1735190773007091,57.64193298251641,8.972268783755343,75.68085420376286,29,0.3550522452079815,97.23384917234127,2.7045811205752486,129.32934534365307,1,0.2728090016772262,-0.24316667211092433,0.8579093123442267,0.0,-0.3696784152350418,-0.2071324222466897,-0.5885722840710855,0.6192309808788882,0.8579093123442267,0.10507263481154357,False,prb_utilization_pct,False,False
SEC_097,Nokia,1800MHz,10,4x4,5.8467070044258875,0.436070705159306,35.011300177122784,91.0128981921122,51.541231700423815,-0.12354954960450833,70.95442370686759,4.703251592687455,29.92520912770456,27,0.2144117942282741,97.36412812448151,2.4938849944348873,82.44592431029002,2,0.7134322640927641,-1.0315471844241617,-0.6793282560232197,-0.4444444444444444,-0.5917329633380233,0.1371954075486448,-0.6688721356972626,-0.3424689770420735,1.0315471844241617,0.1225551667788858,False,ul_throughput_mbps,False,False
SEC_098,Ericsson,2600MHz,15,2x2,6.882078658665955,2.503276767823064,32.35298960906542,97.71788794831207,51.46179119801363,-0.07613130917261773,57.895933547353486,14.494585860745444,20.139404367915816,37,0.12350250672855356,98.21788111369911,5.399121269912538,74.38761016357773,2,0.20727974444424502,0.9883590606297423,-1.0031881058679617,1.037037037037037,-0.6737411596317977,0.47491547316036115,0.14841182998097985,-0.5570519763102553,1.037037037037037,0.12314674459627277,False,connected_users_mean,False,False
SEC_099,Ericsson,1800MHz,20,2x2,3.97378988464401,2.7197891988825784,37.8056191550785,45.128331285258824,51.42652891552019,-0.10911936910400943,50.57760473743639,9.609080225952663,79.03585640854413,26,42.66293301866082,74.00607912023632,4.404465043145857,78.97621760530234,1,-0.04698750786522974,-0.0855316778729726,0.9735718292887103,-0.42857142857142855,33.28447362699696,-8.619737911005739,-0.20077197235690677,-0.5759347930706363,33.28447362699696,0.9999999999999296,True,rach_failure_rate_pct,True,False
SEC_100,Nokia,1800MHz,15,4x4,4.7989708159207325,5.815103921255913,32.08076452017822,121.30730125828434,51.502327143579016,-0.043962146303401006,54.591810515179404,9.159686427460086,74.36825216764876,21,0.5867280095285444,97.18122224182159,5.258553864678608,48.65692818895737,0,0.2506866584533221,-0.2340873987970648,0.8058034472955251,-1.44,-0.07435649537938747,-0.11400338621460923,-0.059014252641710355,-1.4042908870682316,1.44,0.17364664701900503,False,connected_users_mean,False,False
SEC_101,Nokia,2600MHz,20,2x2,6.859677359829841,6.0349068702983395,43.36768378211724,359.83581073887393,51.40106923217087,-0.00047543554972290236,92.64674481875886,14.867912614106253,23.326714142230486,29,0.20827429516085708,99.85975422629903,4.671505707031409,113.1579533915292,4,0.6260541727133994,1.4581060354464557,-0.7796476553863145,-0.14285714285714285,-0.640691720937742,0.7250612303844897,0.3275072079066354,0.21986320319046715,1.4581060354464557,0.17626011672202704,False,ul_throughput_mbps,False,False
SEC_102,Nokia,1800MHz,10,2x2,0.17379790185479638,13.113937059153567,35.9263517804049,146.07042070142197,51.58768274877163,-0.16177358231022065,79.52714462639818,12.153380485371438,69.9820558364642,38,1.05882462075979,95.18776160030023,9.170854092417166,65.08071671430687,0,1.491401034280775,0.528031152360705,0.6618229906857503,1.28,0.3172039246543606,-0.9791390252596427,0.8063868200392069,-0.9733486100676206,1.491401034280775,0.18114651918011068,False,dl_throughput_mbps,False,False
SEC_103,Ericsson,2600MHz,15,8x8,3.2313065707027855,7.651645687482378,35.99685708450874,79.3758364880783,51.48296302387779,-0.10806983606808551,19.449209320102195,8.393734367999954,96.81313185347884,22,0.1607360292274255,96.58002361433196,3.3402528481270854,89.26241417222181,4,-1.5316539376035072,-0.472111135372683,1.4339118507953723,-1.1428571428571428,-0.6915863405273369,-0.41604059476497895,-0.10495670352876153,-0.38221412193109194,1.5316539376035072,0.1871941345092241,False,dl_throughput_mbps,False,False
SEC_104,Nokia,1800MHz,10,2x2,9.730977480703464,10.851071484184294,37.58410285573049,274.4938384111991,51.480466991047464,-0.1138032196158356,67.08102161410409,10.493823535924466,35.537696301498514,32,0.8081107827148669,96.57054909544685,8.049852011974252,122.8486479279629,0,0.8721158193406415,0.10555005929979673,-0.468841083381419,0.32,0.10926001360379586,-0.37902748136471665,0.5584210846862232,0.5424188254667355,0.8721158193406415,0.106416020947768,False,dl_throughput_mbps,False,False
SEC_105,Nokia,1800MHz,20,4x4,5.801122296954681,1.5620603688043118,37.10604341065203,195.2895612465562,51.47811872151635,-0.13910149345020983,79.55387672951206,9.874788602870563,72.72479142061579,29,0.7489736429300146,98.16732059617887,3.415058121471917,121.88058039233904,2,1.0467506463744511,0.0353165971008987,0.737117977582114,-0.14814814814814814,-0.10951102292703868,0.4549151902800098,-0.40973313461299676,0.7076274355739243,1.0467506463744511,0.12419948128237049,False,dl_throughput_mbps,False,False
SEC_106,Ericsson,2100MHz,20,4x4,2.5422457989749327,3.3815813319554078,45.91772756894915,53.85652182970291,51.413865666077555,-0.1603808966559421,52.48600041297376,14.34505257078783,31.800033943418434,24,1.3251157325529117,95.5290017971207,7.2817461183125225,57.05023252008203,1,0.03940404341748608,1.08680117266941,-0.654866479476994,-0.7142857142857143,0.40196657139376296,-0.8245919697669338,0.4556319638316201,-1.096362979183577,1.096362979183577,0.1296973888917955,False,dl_payload_gb,False,False
SEC_107,Nokia,2100MHz,20,2x2,5.217300466362131,10.544151614680151,38.72609793949284,137.04828521791168,51.527664447958365,-0.18686157670206816,41.74800874819563,9.497727394949221,76.837999965204,23,0.05668637932059755,98.14272015439431,1.0142147897012068,109.31630739792813,0,-0.3883859692282615,-0.14803074524759266,0.8868749244373054,-1.12,-0.5139769425974168,0.30327403261581415,-0.997862340593827,0.18734498655557957,1.12,0.13238887354206538,False,connected_users_mean,False,False
SEC_108,Ericsson,2600MHz,10,8x8,3.4265348812091534,0.7920594070279213,31.41122726063793,149.20909759416358,51.54660072392567,-0.022576136555260307,36.07424086270594,5.673821374425371,32.337289261960464,29,2.18812251374613,95.4752012032581,6.190495444990998,134.2148194692477,2,-0.6385381564317467,-0.8313231996513634,-0.5995007988779918,-0.14814814814814814,1.188728203666995,-0.6100096175909155,0.37103655403621527,1.0360730591406973,1.188728203666995,0.14048448788462478,False,rach_failure_rate_pct,False,True
SEC_109,Huawei,2100MHz,10,8x8,5.322449888262991,7.298964933656297,39.71003746523088,271.3786922049187,51.53522507951766,-0.11603026046273648,78.24913651116593,4.368327679584112,56.820991263724615,27,1.21399528247595,95.47476823709165,1.2734162195901626,80.89471269430408,3,1.1121474638207403,-1.1768492025135149,0.29261890660884105,-0.45161290322580644,0.3363464326175066,-0.7289162856691371,-0.7374362579637053,-0.6001576405889877,1.1768492025135149,0.13905623159506234,False,ul_throughput_mbps,False,False
SEC_110,Nokia,2600MHz,10,2x2,1.2574151180664883,8.990534484944007,32.42534868591808,7.4416928010856065,51.42768709866588,-0.10062089629999023,69.50000257670182,14.425484042220063,33.38518007173849,31,0.243506983726859,98.64091678594241,5.19034865500428,115.40719984005487,4,-0.05626269933508657,1.3261999936519908,-0.47666632129334763,0.14285714285714285,-0.6029714918449031,0.3009966371899635,0.49605584177450535,0.2765357173714111,1.3261999936519908,0.1579181967254173,False,ul_throughput_mbps,False,True
SEC_111,Huawei,2100MHz,10,2x2,1.3271465381927738,9.032184660787216,30.49500231570147,96.84707284739177,51.51576803360712,-0.016611590359816825,34.979622511541734,7.63415590671211,52.74011989811809,26,0.20261244997084246,96.62067586916397,1.416323703351555,65.70161182616383,0,-0.7251624514487641,-0.6224487636288993,0.0958424412995538,-0.64,-0.3929447806239088,-0.3572731223822717,-0.908915821934466,-0.9570570003169714,0.9570570003169714,0.11476739636479341,False,dl_payload_gb,False,False
SEC_112,Ericsson,1800MHz,20,4x4,1.4354236203939286,0.34399216902063046,45.53187445883597,186.33466847358793,51.51389689683445,-0.044741904496810425,29.625048736853557,12.01063496689993,61.038507794908476,32,0.5650358245843813,99.88711473856874,3.396211294546031,111.5697085971097,1,-0.995493019291013,0.5089442417887314,0.3531195875543046,0.42857142857142855,-0.20264524842277956,0.7538240714464223,-0.43078833571112896,0.19769390958632024,0.995493019291013,0.11873052949911937,False,dl_throughput_mbps,False,False
SEC_113,Nokia,2600MHz,20,2x2,9.398197919268418,4.831620063437782,42.37662226455302,96.7848272830236,51.57368215758828,-0.17389974717656317,52.42768071622407,10.215290292145156,31.413675849208254,32,1.7013631401535647,95.18676468217778,3.8323751424062844,103.93814083988974,2,-0.004672013740813839,0.10556049540808703,-0.6300676565367153,0.2962962962962963,0.7496283123876085,-0.7241067886161425,-0.29233596705966414,0.22984232776406782,0.7496283123876085,0.09531740871142465,False,rach_failure_rate_pct,False,False
SEC_114,Ericsson,2600MHz,15,8x8,7.328989183413418,9.54735976573731,45.68174387862027,226.2362570708396,51.47582553167513,-0.08691600647845153,95.69336909761121,8.750035636365228,51.25314696204075,32,1.8511910093114405,97.22553331858997,3.3456137176939,119.83440867476358,3,1.8491640854295381,-0.1301621942366596,0.12042607797023591,0.1935483870967742,0.7558935385859604,-0.05823829249944838,-0.32353845342823556,0.35770180528099343,1.8491640854295381,0.240336432963845,False,dl_throughput_mbps,False,False
SEC_115,Huawei,1800MHz,15,2x2,1.623818946623209,2.2349960422386514,37.64605516835588,173.47229253886198,51.47429718873189,-0.11154954469608819,65.86802791512108,9.220457748990624,48.14358466340714,30,0.7349198187557949,95.56567968837012,2.7265250314090954,117.97438260666117,1,0.6451977632617409,-0.1817304862757708,-0.09142833645885497,0.14285714285714285,-0.06750962676399212,-0.8113080157520256,-0.5835661449173454,0.34971320835353337,0.8113080157520256,0.10077055864825338,False,handover_success_rate_pct,False,False
SEC_116,Ericsson,2600MHz,10,4x4,1.8834908376560144,10.431234724920799,38.516120498383614,130.21569174944904,51.523705411743634,-0.04055778548424743,89.67274210774957,14.7501336445886,24.262245284200475,31,1.9719215706694813,96.75689483379054,2.8030339437681953,59.395491713465425,4,0.538386880011079,1.4229913103520262,-0.7514675655529289,0.14285714285714285,1.2474746943650195,-0.35450259203872947,-0.2794748554501775,-1.1347477483349522,1.4229913103520262,0.17121954179022447,False,ul_throughput_mbps,False,False
SEC_117,Nokia,2600MHz,20,4x4,7.3082947487087635,11.188878132205119,32.69339129470608,341.7151056733844,51.5266145306999,-0.05515349047761017,77.9776011154507,5.655809714070625,69.09846906051817,18,0.00545858016998045,99.99111225304526,5.284550131384092,104.09659722232577,4,0.1936389264294163,-1.288398388909735,0.5990901626973877,-1.7142857142857142,-0.8578268742415396,0.7707640339992816,0.5266576456810391,-0.008448743832667319,1.7142857142857142,0.21657909576817594,False,connected_users_mean,False,False
SEC_118,Nokia,2100MHz,20,4x4,1.5616384479217393,14.729537856692179,33.95051882668137,227.57741970712468,51.493857045465155,-0.06191885561778562,31.317191157479964,8.840634307732223,40.1409440385705,24,0.035808159337066645,99.44421255869266,7.023313833216834,143.58740932821615,0,-0.9073950700773316,-0.31530997349144063,-0.31773573810551714,-0.96,-0.5312934926251482,0.8681045787787915,0.3313507707195235,1.0865812789836735,1.0865812789836735,0.12859726356656595,False,dl_payload_gb,False,False
SEC_119,Huawei,2600MHz,20,4x4,2.3456129333482867,3.147629922846141,43.416787438445255,46.77889401645884,51.48861187246609,-0.13189103290402063,58.57632871720393,12.719697282051104,54.47493185311277,32,2.4283931717575333,95.24162204427698,1.1524318777126688,34.440735346527106,1,0.315108351893935,0.6844640684701282,0.12684262341327981,0.42857142857142855,1.2795776926545281,-0.9286748189043268,-0.9426693798885399,-1.6330147901387155,1.6330147901387155,0.20310736784592356,False,dl_payload_gb,False,False
SEC_120,Ericsson,1800MHz,15,4x4,9.63346832820399,12.376960014991727,35.698970353881506,201.63301107962238,51.49882953412757,-0.03900725392014909,33.40070883978087,6.150564974661232,50.88705409598806,34,1.4931312099588576,97.81627921912842,7.725842430155977,129.00778341586198,0,-0.8037248994996542,-1.0001333732694284,0.035014051466264094,0.64,0.6774210209955008,0.16160297011307762,0.48675014346438583,0.7040278152204571,1.0001333732694284,0.11921692607109084,False,ul_throughput_mbps,False,False
SEC_121,Nokia,2100MHz,15,2x2,2.5530652472843185,7.804448653779811,43.22903958074271,281.06346715232434,51.572209059900665,-0.18952174088102777,58.592315082893975,13.951848423332754,50.79563027422654,36,0.5991215677320408,98.23911152412218,1.477412930773255,148.05115298887262,1,0.31583204192794595,0.9894682269790058,0.0,1.0,-0.17553146344011042,0.15695227289470065,-0.8685303448610687,1.0636058336249439,1.0636058336249439,0.1260445301224308,False,dl_payload_gb,False,False
SEC_122,Huawei,2100MHz,20,2x2,6.616323503711468,5.601938942162602,41.34421958859251,255.05629109740704,51.49223338025078,-0.16807501971356656,34.050312817074435,12.676749147260876,26.433343652509247,32,1.4008401661794525,96.04767311975063,5.88633750189806,55.46093438545595,2,-0.7169864507881448,0.6133478895747052,-0.7948910591073072,0.2962962962962963,0.47853008119166357,-0.3835562339536873,0.28547263208543905,-1.061046084842597,1.061046084842597,0.1257628249022126,False,dl_payload_gb,False,False
SEC_123,Nokia,1800MHz,20,2x2,9.786312874005304,1.8356513598776691,32.83473480434985,61.95212254629338,51.58798635839396,-0.13287534540441764,39.286308334196114,10.81538705539701,45.40892055495996,32,3.1154049822954484,95.72552786698225,3.3405647323797156,79.87902786557564,2,-0.5140370828684081,0.22935763750785032,-0.16689697612728738,0.2962962962962963,2.0252187844649363,-0.5109876072846817,-0.43068917628436726,-0.41082227376014346,2.0252187844649363,0.27392853099906533,False,rach_failure_rate_pct,False,False
SEC_124,Nokia,1800MHz,20,2x2,3.7429676713979267,11.032584097313064,38.11914185791588,350.0711996544372,51.500800752719265,-0.18463851178614377,47.2476913550224,8.490529287177198,47.14200555239421,29,1.4788023757364706,99.52190567332762,6.28921114803837,115.53229965851595,0,-0.11473672745980405,-0.40443782886241125,-0.0879202083384701,-0.16,0.6655365799441678,0.9018223663182664,0.16896720753919836,0.3504458359400786,0.9018223663182664,0.1092740717706782,False,handover_success_rate_pct,False,False
SEC_125,Ericsson,2100MHz,15,4x4,0.17515990862062236,3.5378639871553066,40.83819714429947,161.57291246877816,51.58984013863618,-0.15300114449306168,24.952997703554793,5.765301534448128,64.01857042186691,37,1.8475132260829819,99.84408220741689,3.351955563468117,73.41624652559078,1,-1.2069930460478027,-1.0370127470518966,0.45585619487903034,1.1428571428571428,0.8175119580294707,0.7382386016853913,-0.4408845464460365,-0.7079044926124446,1.2069930460478027,0.14270445767128653,False,dl_throughput_mbps,False,False
SEC_126,Nokia,2600MHz,20,8x8,2.4414729042237426,5.571330028095686,33.7605954368612,57.24900134649407,51.566566380373814,-0.03396980340041639,76.05235719391905,12.121137682402212,70.40112991524191,39,1.429646977422711,99.9594642865982,6.905235208642735,140.9373755093609,4,0.13688681864973026,0.6391801523447108,0.6383289418910444,1.2857142857142858,0.6669137800261645,0.7597529002972542,1.0531450090908054,0.9197997063438602,1.2857142857142858,0.15260866484263105,False,connected_users_mean,False,False
SEC_127,Ericsson,2100MHz,20,2x2,8.308771913417054,0.9381334034605265,43.29101616832123,64.87047148613325,51.47248626452316,-0.010349692441984137,14.517812035340086,18.24593480345166,99.47477234395625,31,0.18417658721973545,98.94880886867317,3.7875536535477865,131.76688797268213,2,-1.4740743196723203,1.762244718018451,1.622404882219866,0.14814814814814814,-0.6190077870610312,0.7640494176206715,-0.304944884437943,0.9708876527427104,1.762244718018451,0.22482695306613673,False,ul_throughput_mbps,False,False
SEC_128,Nokia,1800MHz,10,8x8,8.646088359550367,12.020503737292785,38.71724252072299,35.36459718806898,51.57272828425933,-0.13907952884516192,67.76313718942536,10.437677607750574,25.20697724389943,33,1.7932051716267705,98.31751034702629,3.177645721070464,58.45110281370645,0,0.9060560343183969,0.09125673052085372,-0.8079553260443132,0.48,0.926304583547331,0.3791306719954925,-0.5193112735249669,-1.147302439633193,1.147302439633193,0.1355564835177875,False,dl_payload_gb,False,False
SEC_129,Huawei,2100MHz,10,2x2,7.685193645237912,11.49882785957465,32.64387280708165,289.26651903657637,51.422012656840224,-0.14709683920223238,37.70201682449372,4.521863767804297,34.21096823579278,27,0.21704819085553242,96.728651260965,3.5061876182381138,77.70825700206962,0,-0.5897035181260802,-1.4147593771386167,-0.5123920095766736,-0.48,-0.3809716703963948,-0.3104132257576648,-0.446637783843973,-0.6420157415198855,1.4147593771386167,0.17005456198899246,False,ul_throughput_mbps,False,False
SEC_130,Nokia,1800MHz,15,2x2,1.1310981907657303,11.004237450634687,39.32775081863364,43.930977955865515,51.585009435068606,-0.14402146955071463,30.512067225314965,11.372549470380243,29.896041611163863,25,2.231300577741668,95.85699156162376,9.068255715333658,123.09510465505065,0,-0.9474558461834118,0.3292513871834572,-0.6540329801904907,-0.8,1.2896641526529424,-0.6887020443640216,0.7836920521494962,0.548885580867865,1.2896641526529424,0.15312015989595584,False,rach_failure_rate_pct,False,False
SEC_131,Ericsson,2100MHz,20,8x8,7.9551037169640315,4.4916526573782996,45.99542086649463,45.045092571028896,51.52632870301658,-0.14445618252983125,44.389105256130726,12.580788914203586,27.476903791347485,24,0.6136890709571694,95.39490299683116,6.725969458024103,121.91978208241984,3,-0.31843457637433753,0.7849146952721783,-0.6148851743079264,-0.8387096774193549,-0.05891160683669477,-0.7595108295219762,0.35164903268342906,0.40899893450593633,0.8387096774193549,0.10328088840458877,False,connected_users_mean,False,False
SEC_132,Ericsson,2600MHz,20,4x4,9.186777969935044,2.6022011139893584,32.408343866614615,306.1697813139016,51.41087814970446,-0.19281396356280542,50.292945897689634,7.246442704312189,41.95395791706845,27,1.1300309840802423,98.46648734275746,5.303309813750891,166.55320105909115,2,-0.08741522478465723,-0.5068988098410668,-0.28123848493446846,-0.4444444444444444,0.23423631127495603,0.5732569291194333,0.12145871518265819,1.8972044058081277,1.8972044058081277,0.24921645081338312,False,dl_payload_gb,False,False
SEC_133,Huawei,2100MHz,10,2x2,6.006095425462361,9.563298967053447,43.068110881912446,124.05747040112146,51.528851344730164,-0.014616730733778394,50.587318877196864,8.063464221731813,33.76361012926292,35,0.6876440463789939,98.92361707589679,9.262094590849154,73.60353383651555,3,-0.05656083441578192,-0.2941679625441788,-0.4204606019795441,0.5806451612903226,-0.010217626944068752,0.5922586922873012,0.8582110884064428,-0.779509953559404,0.8582110884064428,0.10510101491387626,False,ta_mean,False,False
SEC_134,Nokia,2100MHz,15,2x2,9.408753563380648,7.442495761698292,33.31694405100093,11.108845550906082,51.59484953082895,-0.15726037168593432,22.10097707260091,7.757865313761124,33.09818670869074,35,0.09870596130781956,99.1322682622749,9.206852363605067,143.77653518415974,0,-1.3659688054365968,-0.5909554873485033,-0.5489199668958582,0.8,-0.4791255906047629,0.7327248664299876,0.8143496400395207,1.0915437349282457,1.3659688054365968,0.16327887608537672,False,dl_throughput_mbps,False,False
SEC_135,Nokia,1800MHz,10,2x2,8.268388837118774,2.6737870035696236,42.5182132713614,18.682307826627916,51.41396013092292,-0.11599918518371902,40.91981894934078,8.405908399408933,23.28159047457606,38,0.3435081614599298,99.56882501651899,7.6505126192085475,72.5825816570929,3,-0.4650114842751642,-0.2123661000352947,-0.7446306966138585,0.967741935483871,-0.23680611223527998,0.8394230728010561,0.5363159792281968,-0.8046238807285393,0.967741935483871,0.11585741769960438,False,connected_users_mean,False,False
SEC_136,Huawei,1800MHz,10,8x8,6.669715169909073,10.288669065747955,41.75324676994261,51.1813608134024,51.51093754195602,-0.19806262345180647,36.0744249526667,9.483510657165862,21.060202687726033,27,4.118546316119184,99.39964781819187,2.7804198595719063,115.00962797367615,3,-0.6697287681164243,0.045047742787897575,-0.8133300038853059,-0.45161290322580644,2.2487823278715777,0.774615163925583,-0.43642947719778263,0.23901927188096625,2.2487823278715777,0.3205560340726978,False,rach_failure_rate_pct,False,False
SEC_137,Nokia,1800MHz,10,4x4,5.771852367117481,14.866896477319555,34.807830169606916,76.82160527124823,51.54955886995187,-0.02840898181698856,58.51635615629103,7.417296674519491,26.166094558986906,22,3.2369061911274772,99.99870636129046,8.59035988607505,126.77027324678453,0,0.4459613707872315,-0.6776556219940899,-0.7764715212755146,-1.28,2.123720883834964,1.1087475793302644,0.6779814626763578,0.6453179916261021,2.123720883834964,0.2939494303978747,False,rach_failure_rate_pct,False,True
SEC_138,Nokia,2100MHz,10,8x8,3.485736672419705,11.208293816130565,35.2131698810312,239.45262992582593,51.562051717339905,-0.053768531109016554,37.84152935561952,6.292486775943325,30.331848765417984,28,0.38637876324504833,96.22032005483625,2.8339843077195734,10.182997214007017,0,-0.5827617541936699,-0.9640036835020405,-0.6397272564322547,-0.32,-0.24052764162763757,-0.5310222679934322,-0.5953292011994007,-2.4138048243622223,2.4138048243622223,0.3575083331020692,False,dl_payload_gb,False,False
SEC_139,Ericsson,2600MHz,20,8x8,1.5928744524280514,11.099795800284177,42.68034227140671,56.63746080065817,51.48276549306416,-0.010648792965259363,35.93784543153377,10.523126157025052,45.85902373089219,30,5.598559114614748,98.81653807606105,5.380262528820121,127.33618894248347,4,-1.0456039138789646,0.16274759701539712,-0.10092892559066656,0.0,5.130164451010784,0.36209975765914504,0.5577502795793894,0.5771011820917596,5.130164451010784,0.8938006192020509,True,rach_failure_rate_pct,True,False
SEC_140,Nokia,1800MHz,20,4x4,6.0495392269054085,14.254691293958876,37.383128190197,42.79478082374592,51.44083331183365,-0.043676904160720176,46.97269854598177,9.452013880408899,50.63121567793068,34,1.8678925999964808,97.932297561874,7.170427598903869,141.53709073148158,0,-0.12841962137668855,-0.15966824620656067,0.02661594762664963,0.64,0.9882508888754146,0.2119534014190798,0.36389234555292527,1.0327831578443434,1.0327831578443434,0.12268813968888892,False,dl_payload_gb,False,False
SEC_141,Nokia,1800MHz,10,8x8,3.1811155361811947,3.0440455136235327,41.69308845938894,275.2988909314605,51.40846845575447,-0.13725869758958698,54.798292104117635,8.69127468964955,28.435515090401935,30,0.9440718262131971,96.3062256622679,7.8299996512640195,132.87645260421226,1,0.14407964543057716,-0.3127233720540453,-0.7708570795107206,0.14285714285714285,0.098862059319754,-0.5430979761866339,0.5807069105111978,0.7034239870487776,0.7708570795107206,0.09716380061497448,False,prb_utilization_pct,False,False
SEC_142,Huawei,2100MHz,15,4x4,8.664386675276454,8.483249473821605,32.367746357853356,241.5799021895692,51.515945231419444,-0.1504253282543153,4.593192210108912,1.0249569150164544,45.48700049145118,32,0.040951815718547134,99.90952661143471,5.794171126424342,161.6001643023303,0,-2.2371085411586447,-2.3049831383601327,-0.14224709349678047,0.32,-0.5270273059901943,1.0700447435308849,0.05946432156758699,1.5592163005329205,2.3049831383601327,0.3329179782001752,False,ul_throughput_mbps,False,False
SEC_143,Huawei,1800MHz,15,2x2,9.933369373586284,14.694700725508252,43.64092451042485,156.71671972388503,51.490582214053525,-0.06045673848934141,40.83015831171338,5.439472883324667,40.50493053955564,28,2.3171590748037736,99.48949052387127,6.748535640242976,128.9553185051767,3,-0.46879963488069915,-0.9209777980767564,-0.21197649802275667,-0.3225806451612903,1.0626996659934969,0.8090318461993861,0.35615637008041273,0.582062818278468,1.0626996659934969,0.12594474295820868,False,rach_failure_rate_pct,False,False
SEC_144,Ericsson,2600MHz,15,4x4,7.524277626155725,2.479411664552618,41.3741554669171,197.7515177328374,51.58974887902994,-0.12717744499790012,59.889852736854095,10.78960876899028,31.00541860987736,37,0.8151550064325539,95.64257834222059,6.705916506735808,83.88384695942457,2,0.28456488303325467,0.22403969816738595,-0.6435788731891295,1.037037037037037,-0.04980959529102766,-0.5438000475323473,0.5160317728046548,-0.30417886460052423,1.037037037037037,0.12314674459627277,False,connected_users_mean,False,False
SEC_145,Nokia,2600MHz,15,2x2,0.9048169528705075,10.503779391667814,44.51108494135734,112.31424731751065,51.412120981542984,-0.08675699684947669,77.54133072994576,8.752935399131312,20.410444888901814,34,2.0285670841332393,95.13079171161709,1.336858143297554,137.17033403245833,3,1.0822427590396644,-0.12946950909098526,-0.8334246091305889,0.45161290322580644,0.8726828008572413,-0.8606858121697043,-0.7247644576348153,0.7841401592192897,1.0822427590396644,0.12811187188118814,False,dl_throughput_mbps,False,False
SEC_146,Nokia,1800MHz,10,8x8,2.8868559553063813,8.78715218957853,32.11795806455956,173.70015128472983,51.5370790686892,-0.19874850579470596,36.658268761406774,10.718468404338338,48.0210719913045,33,1.7983558973349336,98.44165381166339,3.7796254730345797,82.18101158333754,0,-0.6416375816857658,0.16273894310980616,-0.059064138589660926,0.48,0.9305766335341061,0.43300729909063146,-0.38615331203000575,-0.524655545317804,0.9305766335341061,0.112104422104207,False,rach_failure_rate_pct,False,False
SEC_147,Nokia,1800MHz,20,8x8,1.0910963176574973,8.797186382830605,39.48823200576956,182.4021536337885,51.40499324442401,-0.18762285966390496,13.521826628652597,11.198947316256902,94.64849803704053,32,1.789798684030914,98.02065314428268,6.502213117885442,102.47253774837935,1,-1.7244730502198056,0.30802075069906587,1.5118121393340038,0.42857142857142855,0.7716024504446132,0.07783128275313198,0.27779444413794585,-0.018233635067333363,1.7244730502198056,0.21831259760654162,False,dl_throughput_mbps,False,False
SEC_148,Ericsson,2100MHz,15,2x2,6.5051164779171575,10.465059412801127,39.5859293606452,139.40541762411453,51.43428683534211,-0.09292641176366977,61.25669856331061,13.393453834858533,33.57664004862842,26,1.1979041251163083,99.67907812055573,9.676487171183403,124.95349820203708,0,0.582313352433593,0.84372236400704,-0.5332143474595082,-0.64,0.43255749392039544,0.9700331364437237,0.918232890963112,0.5976477982737624,0.9700331364437237,0.11609232231843276,False,handover_success_rate_pct,False,False
SEC_149,Ericsson,2600MHz,10,8x8,7.651908645557847,13.944253843135263,35.655371848748516,326.3659958419786,51.490715799984564,-0.08678567071036698,45.72023072462298,10.308863250966734,27.90840979380076,18,0.34448545098452754,96.17002643580184,1.3021190202743873,113.44242472440129,4,-0.7572399417677617,0.09886706660335527,-0.6416377172258333,-1.7142857142857142,-0.4948636217552373,-0.5586890571172733,-0.7670543067950714,0.22703080621450786,1.7142857142857142,0.21657909576817594,False,connected_users_mean,False,False
SEC_150,Huawei,2600MHz,15,4x4,9.256748308807119,11.738729097770069,37.33546279310812,5.782271393162213,51.490974488560575,-0.04970941110813126,74.01749205584389,13.200156490162978,73.2225646668177,32,0.4097145106606696,95.42193973947494,0.8420600956395444,140.5339597555049,4,0.07690330988929547,0.96087976443513,0.7233162621324826,0.2857142857142857,-0.4250291817894842,-0.8189674749342433,-0.9165066671844403,0.9096351532126522,0.96087976443513,0.11515634561445615,False,ul_throughput_mbps,False,False
SEC_151,Ericsson,1800MHz,15,2x2,4.381723464119877,0.84204155124315,30.607705012637656,281.5816547128486,51.537140108586726,-0.17360693607520766,23.16515880804493,9.034260576609729,36.501486349267864,34,0.36884760621143087,96.29607666885994,1.501746386232952,174.66024087516305,2,-1.1388995556824606,-0.1380803846491514,-0.4616872744389041,0.5925925925925926,-0.4524182383827528,-0.28529495233842744,-0.9479747281638446,2.113084909750634,2.113084909750634,0.2917468545128598,False,dl_payload_gb,False,False
SEC_152,Nokia,2100MHz,10,8x8,9.013756495884444,12.790920298135669,41.933760618032196,44.77781924687675,51.58204260697355,-0.09736338324864424,53.4189450501493,9.17746745990673,33.41675718755989,42,0.02024964671769126,95.09463820255732,1.4716511781507893,65.87908174145801,3,0.06307501343860188,-0.028058781357989657,-0.4311874804476442,1.4838709677419355,-0.44964836560899335,-0.874535393223434,-0.6978410870374273,-0.9695201531031787,1.4838709677419355,0.18003224652354563,False,connected_users_mean,False,False
SEC_153,Nokia,2600MHz,20,2x2,8.778911590413275,3.383119948885989,38.789159670450786,287.1170497933918,51.527806431782984,-0.16111047111366228,52.97679275702112,9.727215481528974,71.42581637659495,33,0.873635800325333,95.17946375594467,6.4192399039976475,90.14991643570937,2,0.016611797758348926,0.004872955689083781,0.6941285788525059,0.4444444444444444,0.0029452393015274086,-0.7269948245206881,0.4353855986085512,-0.13732113761645323,0.7269948245206881,0.093383473977105,False,handover_success_rate_pct,False,False
SEC_154,Ericsson,2600MHz,20,4x4,3.1719571676539857,5.653712471045579,30.923856829906782,221.72828964361963,51.5907070195703,-0.18136077608746107,97.9408157931929,12.322374702034637,69.02642595000567,28,1.2000925769745374,99.5742890296038,5.2439248199830955,109.49135087686929,4,0.7821121574571519,0.6991771335728048,0.5969200785226977,-0.2857142857142857,0.42115210453115826,0.6257406167411009,0.5134603173491277,0.1274786700753191,0.7821121574571519,0.0981556161527633,False,dl_throughput_mbps,False,False
SEC_155,Nokia,2100MHz,10,4x4,8.68900625540571,6.925992204185732,40.89209428736777,303.58011273710486,51.5763231279756,-0.11790084118788909,27.845790355319767,11.89287723106874,46.90078823147802,42,1.923231225675797,96.76008291250939,7.093957295766504,86.10427170079777,3,-1.0173875396523144,0.6205887683320235,-0.01417627806886418,1.4838709677419355,0.8033267887100785,-0.2365416797265822,0.42515040418721306,-0.47201012485873944,1.4838709677419355,0.18003224652354563,False,connected_users_mean,False,False
SEC_156,Nokia,2100MHz,20,8x8,3.7567225188172646,7.213590011296045,37.46851323569901,35.10515723072309,51.516899959106155,-0.16733267038218858,56.63118555201512,10.405215639585382,49.354331685666466,25,0.1510152726375113,97.05404500504841,5.703155382356286,97.72881194506303,1,0.22705327104162956,0.11154204446403321,-0.049688260169789694,-0.5714285714285714,-0.5319813047107068,-0.2722536767311497,0.09550268009370931,-0.13082919716598648,0.5714285714285714,0.08101976866530781,False,connected_users_mean,False,False
SEC_157,Ericsson,2600MHz,10,4x4,2.968692745602808,6.527705988830352,30.5513801508,201.23302827591866,51.566758390183765,-0.1556436043615363,102.4754492668461,6.316793975186435,33.064922290041316,35,0.7856641926406871,95.09185827269052,5.626301486924557,123.27458818825205,4,0.9157835352810078,-1.0913319625699514,-0.4863131333054662,0.7142857142857143,-0.022536249548424158,-0.9338112254610009,0.6376772216893266,0.47476418540898546,1.0913319625699514,0.1291305651675983,False,ul_throughput_mbps,False,False
SEC_158,Ericsson,2600MHz,10,2x2,6.490746587943931,14.060299413237967,45.513723629569526,180.39163689439096,51.52851552206473,-0.13648908402609966,51.809488468039454,11.839177527298977,24.69810022877345,32,0.008040378055314205,96.35260890085924,1.680582354398022,119.28724994100301,3,-0.004924323700158303,0.6077611716874,-0.7008232896259048,0.1935483870967742,-0.4576872822519703,-0.39263563847086336,-0.6561094686820933,0.34424250241982524,0.7008232896259048,0.09119116846160778,False,prb_utilization_pct,False,False
SEC_159,Nokia,2100MHz,10,4x4,3.2838122788508106,10.590285114960368,45.185794289431044,254.2295458668091,51.41571156618475,-0.14812231985136076,37.07172606507591,7.415786095651088,54.405909521339666,32,0.09992381876984509,99.02362991870716,4.527470708095937,107.41998190917651,3,-0.6275929221884317,-0.4488830386744019,0.21792936177208108,0.1935483870967742,-0.39718871012617507,0.6305713211009005,-0.08747600568860793,0.052325103099088846,0.6305713211009005,0.08553381632406311,False,handover_success_rate_pct,False,False
SEC_160,Nokia,2600MHz,20,2x2,6.302087483291442,9.467559689350596,38.20643865835516,192.34459868172328,51.548112944651905,-0.18248174051881072,53.75559800152656,7.2523078186008405,25.90069529541279,34,0.05573656606873388,98.07745479833359,3.787026779815364,104.43191509792692,4,-0.5203743557253447,-0.8124170461968188,-0.702114137930788,0.5714285714285714,-0.8039991016923409,0.10495385851883964,0.04017996283250848,0.0,0.8124170461968188,0.1008710988928394,False,ul_throughput_mbps,False,False
SEC_161,Nokia,1800MHz,10,2x2,6.098318054986946,0.7476304167441233,31.498758731294565,194.6644441679175,51.41898168825347,-0.18201675102805956,42.71205967393544,6.584544730186952,46.95647281739899,32,1.2927239994326205,98.76890300543208,1.9936854790905363,93.2838959651915,2,-0.38125353353632585,-0.6434452513087697,-0.11568094886708136,0.2962962962962963,0.3809997620245278,0.6928838454879247,-0.8095853186426856,-0.05386711549251637,0.8095853186426856,0.10061456230524077,False,ta_mean,False,False
SEC_162,Huawei,1800MHz,15,4x4,5.634389273484588,13.55869995390562,42.07393954557747,154.65453968738328,51.51881655611394,-0.16135011695316637,57.76132698784198,9.750493867593894,76.42983191078065,22,0.08453397252195277,97.23606870396893,4.775623384037653,142.13568518343155,0,0.408393173814795,-0.0836828145015837,0.8734764765767813,-1.28,-0.4908799428913322,-0.09020074467211818,-0.16583850733817837,1.048489622630169,1.28,0.15187116365665929,False,connected_users_mean,False,False
SEC_163,Huawei,2100MHz,20,8x8,3.804197042327977,13.640852880125943,37.87089760169167,111.1803926426427,51.54052804117165,-0.18988816240809223,41.487425991693144,13.635172895412063,77.17006335023507,30,1.26037731968509,96.54864610875666,3.848516013363583,149.90166509778993,0,-0.40135185814089164,0.9052579039295128,0.8977751747202761,0.0,0.4843732234220421,-0.38853308884576226,-0.3709147198903762,1.2522604555454322,1.2522604555454322,0.14833253442282396,False,dl_payload_gb,False,False
SEC_164,Huawei,2100MHz,20,4x4,5.484997216514768,11.703195951451535,34.83915965263008,173.61517005078917,51.41330552164217,-0.07470859606461458,33.185626621904646,7.103918366859359,34.359937192841514,24,0.2871818034879464,97.41405046664185,1.3202393121411637,130.56442010825413,0,-0.8144268054181243,-0.7574337880919451,-0.5075019825835667,-0.96,-0.3228023335117019,-0.012959005968466915,-0.9301696957123048,0.7448722622642548,0.96,0.1150667320455498,False,connected_users_mean,False,False
SEC_165,Ericsson,2100MHz,20,2x2,5.964854749854216,0.10543805720428734,37.86269084045691,42.65724915662421,51.44615893078531,-0.14253465669821963,19.718694401250644,15.035727859522265,57.44680520273926,25,2.101384216532187,96.61535534202875,2.230618624563117,65.51870236402137,2,-1.272485952124082,1.0999941118766496,0.23149514492728118,-0.7407407407407407,1.1104826085276576,-0.1589975152427075,-0.742932681001152,-0.7932200880533582,1.272485952124082,0.1509058365511077,False,dl_throughput_mbps,False,False
SEC_166,Huawei,1800MHz,20,2x2,5.456868884954734,0.8592037661643503,38.359106326487435,346.14480203391054,51.583134446452334,-0.14405080644618581,74.02921259768594,12.729430667360717,48.44457584647146,29,1.6774490607750996,99.19485548337033,7.876331408507246,92.13368709896585,2,0.8326123626695581,0.6242158395941162,-0.06643238573109254,-0.14814814814814814,0.7280557033639145,0.8613783639418052,0.845286002652588,-0.08449576359507932,0.8613783639418052,0.10539928516756128,False,handover_success_rate_pct,False,False
SEC_167,Ericsson,2600MHz,15,4x4,4.444194527512016,3.3783555340273463,39.00338718435743,257.18787490557537,51.52326289844658,-0.13360034115244696,112.81115168432957,5.6061938102481275,72.54110765516636,28,3.1660513683457294,96.48836857796422,0.8136388298792601,105.98997879318654,2,2.33581648089286,-0.8452744483249001,0.731038988867582,-0.2962962962962963,2.0709062921224404,-0.20922981759867718,-1.1415490949775902,0.2844802500409435,2.33581648089286,0.3398004691032775,False,dl_throughput_mbps,False,False
SEC_168,Ericsson,1800MHz,20,8x8,0.1466705704626381,1.9702411221736005,37.05957941848523,342.8881620076248,51.44925720376211,-0.06744074515805568,58.40355559232685,8.851674453465037,36.2858518565632,36,2.152115598635327,98.29881820226542,9.40827969186725,71.77916416233296,1,0.30728705022708336,-0.27301834452253854,-0.5002194900802164,1.0,1.0598104227810674,0.17857676492026636,0.9407653142595139,-0.7467617572469103,1.0598104227810674,0.1256270309504909,False,rach_failure_rate_pct,False,False
SEC_169,Huawei,2600MHz,20,8x8,5.870617077011509,5.982540445555942,39.69208485022491,81.62185763878678,51.5381359542296,-0.02587322370330189,56.76636687543784,6.879249199027584,20.22214440994501,33,2.7079914895709747,95.68491111154763,1.2444751844175956,102.37251114186785,4,-0.4316232745137745,-0.9236410696712198,-0.873163573804155,0.42857142857142855,2.0355135043269557,-0.7274730358668101,-0.7857801848715217,-0.05188920048336709,2.0355135043269557,0.2759808235019022,False,rach_failure_rate_pct,False,False
SEC_170,Huawei,1800MHz,10,2x2,1.6844438514271964,13.839345871316844,44.69975536970204,316.5627672635501,51.51935528399234,-0.04818261348887232,61.2155317269747,11.994866373207149,29.753672355884905,31,1.9571700804100876,98.43433246867455,8.193142847831123,100.66665377602729,3,0.3924798149487018,0.644951576422957,-0.5444731444376604,0.06451612903225806,0.8256730595401895,0.4048249686378721,0.6447001754773424,-0.113796870391474,0.8256730595401895,0.10207974494970172,False,rach_failure_rate_pct,False,False
SEC_171,Huawei,2600MHz,20,2x2,6.425759689471896,7.080906512954974,35.79628939357746,291.16439444287386,51.50031513998359,-0.054494153954981,96.34590564359398,7.035509956988772,40.971368070163884,27,1.1821522817194428,99.56649855800016,6.361284207943865,132.52414523761692,4,0.7350975887073681,-0.8770533504771589,-0.2481549979413375,-0.42857142857142855,0.4019451670376529,0.6230301132219236,0.876439903206531,0.7078180837006464,0.8770533504771589,0.10688645218643664,False,ul_throughput_mbps,False,False
SEC_172,Nokia,1800MHz,15,8x8,7.59344327922866,0.20103939648248415,41.61146341151918,243.77486848476252,51.59523739499762,-0.10312176287983016,46.18627802880899,5.136641568831461,38.94326778622931,25,0.18664185842231845,98.04291577319954,9.470220263654024,85.05128680964106,2,-0.24659138250294696,-0.9421408690649917,-0.3808768568044238,-0.7407407407407407,-0.616783894978504,0.4057042293702321,1.2936694320418352,-0.27309137657713217,1.2936694320418352,0.15364026391510247,False,ta_mean,False,True
SEC_173,Huawei,2100MHz,15,4x4,5.004453091307415,4.24118534368143,44.31124090918772,225.01050699067406,51.5366907554815,-0.06123888860651766,50.62052815998336,9.022822669788734,67.48177514737316,37,0.3170525516535099,97.79927690017239,8.807293211463753,134.89908664821087,3,-0.055157746416119986,-0.0649997857130849,0.6223175175910356,0.8387096774193549,-0.2542252097958318,0.16154972929521483,0.7673697025831417,0.7282708026120726,0.8387096774193549,0.10328088840458877,False,connected_users_mean,False,False
SEC_174,Nokia,1800MHz,15,2x2,5.423636649797383,0.6689236255944231,37.29566841215899,113.9578794964332,51.47508822193358,-0.08944752639328338,68.47652344234238,13.508182221088774,60.83363996833027,34,0.23918016078218618,99.80559134010821,3.587950354828989,71.2789589149184,2,0.6173878173759751,0.7848686253796353,0.34358197125968537,0.5925925925925926,-0.5693897119267125,1.1029678590461953,-0.36109610935424935,-0.6398315374531094,1.1029678590461953,0.13044474632709455,False,handover_success_rate_pct,False,False
SEC_175,Ericsson,2600MHz,15,2x2,9.514785596659912,0.5443143392025324,37.09529338211047,293.90788258741105,51.56001468641537,-0.15674989436269424,38.089619466230815,9.42245132847234,37.973379176893836,31,0.9252956236327139,98.13698277657923,2.7984489274324047,75.46482407015938,2,-0.5604212420136877,-0.05799845684515063,-0.4129751856691307,0.14814814814814814,0.049546956758684084,0.44291442360029915,-0.5831940030566224,-0.5283670942469278,0.5831940030566224,0.08190009995685263,False,ta_mean,False,False
SEC_176,Nokia,1800MHz,20,8x8,8.471673613725741,4.135797796433284,39.633871765676474,180.54556613270418,51.57691665858424,-0.15828232645178986,64.97634234683261,11.195331590070046,47.4646290299728,32,0.7004133915945089,96.29775216636541,4.838911287490683,88.61913076804038,2,0.4817193396976716,0.30773840945879904,-0.09886358956536366,0.2962962962962963,-0.1533166530570671,-0.2846321738361824,-0.009183144276663413,-0.17808407808076554,0.4817193396976716,0.07458653303901633,False,dl_throughput_mbps,False,False
SEC_177,Huawei,1800MHz,20,4x4,9.1423651595147,4.1341850801841815,39.46250815075981,25.52096732086273,51.42504411190337,-0.14072159862494332,45.3626928296523,11.311693292641122,25.733546237500114,39,2.018007814117649,96.4619551192387,2.2536702046639077,101.43615659994424,2,-0.2785138879845375,0.3317432818565463,-0.8180507573957788,1.3333333333333333,1.0352697390449748,-0.21967822027073422,-0.736447946193541,0.16321756325941392,1.3333333333333333,0.15886910488091516,False,connected_users_mean,False,False
SEC_178,Ericsson,1800MHz,15,8x8,8.137662883195864,11.80689903902406,42.90542947722043,112.6307379078468,51.44011059556905,-0.017839465806037347,33.311325469834244,5.463173221776776,73.88878668920604,34,3.0506715010027645,98.52653321267964,1.2004520956050149,27.504627957922068,3,-0.7864693719758674,-0.9153163444622598,0.820462684864256,0.45161290322580644,1.5456643229161535,0.4401449613722263,-0.7520100091408697,-1.9134754694237348,1.9134754694237348,0.2522732967274964,False,dl_payload_gb,False,False
SEC_179,Ericsson,2100MHz,15,4x4,1.0891834184673144,14.622519791716678,37.62373414045268,336.70695547631794,51.44324540182556,-0.09051703192405483,34.54540290058492,7.301877618536038,76.12548946691206,28,0.5189584215241135,98.67718296946093,8.822094528529313,113.77892696232817,0,-0.7467680377696603,-0.7070383852359281,0.8634861886996993,-0.32,-0.13056509275805206,0.5352238486430766,0.729241181124185,0.30443925098194796,0.8634861886996993,0.10559819791729999,False,prb_utilization_pct,False,False
SEC_180,Ericsson,1800MHz,20,4x4,1.489918559701947,5.5681064083499745,45.93796719423106,306.24489381774464,51.53824236187731,-0.05321892459962613,37.02916798221368,10.019392561592792,78.7882121228563,25,0.705929635721037,96.51748115894507,5.987158445894107,151.28027595237253,1,-0.6603144419717383,0.01603619352270301,0.96503437993957,-0.5714285714285714,-0.09057010650790003,-0.4665857175027311,0.1602932667363535,1.140251265978298,1.140251265978298,0.1347323417352985,False,dl_payload_gb,False,False
SEC_181,Nokia,2100MHz,15,4x4,5.266237972689596,6.433303182915579,30.95154510187649,353.4860513075541,51.52060791101066,-0.1306882480366905,3.1848939198481956,0.8327935049033836,72.11316984715026,27,3.558425279416603,96.72671988963165,6.478506479603947,119.5380870393206,0,-2.3071816320739797,-2.3539030670061103,0.7317785387683873,-0.48,2.390391192971522,-0.31125141545547025,0.21083934757305048,0.45555332270537924,2.390391192971522,0.35214843948829805,False,rach_failure_rate_pct,False,False
SEC_182,Huawei,2100MHz,10,2x2,2.4606965879799825,12.671841544290322,30.050685577291226,226.07761773747532,51.52379831293972,-0.11845684586695496,76.57083461583524,15.113363651182473,30.437653261773534,30,0.3232939709344826,99.95528254369543,9.342896273360157,93.67990219584512,0,1.3443030923342987,1.2815677657022726,-0.6362541379153448,0.0,-0.2928506348184686,1.0899022149411393,0.8444425619985836,-0.2229372118232782,1.3443030923342987,0.16034048194134745,False,dl_throughput_mbps,False,False
SEC_183,Ericsson,1800MHz,15,8x8,4.766954750411592,4.022085301432701,40.24317298495398,89.10362633054831,51.5881546599379,-0.17488688427254973,57.368044077515016,6.31503281475733,22.77178899209773,34,1.5720976939897995,95.50976274790139,6.986081603022541,67.46226753191222,2,0.1868185286382207,-0.6990442928886982,-0.9160697022161433,0.5925925925925926,0.6330194776408509,-0.5963380670698769,0.5948461683395591,-0.7414653369470935,0.9160697022161433,0.11066855046398513,False,prb_utilization_pct,False,False
SEC_184,Ericsson,1800MHz,15,8x8,3.943653238183502,2.3457270660517193,34.774958597790025,58.61341788367096,51.55518230656146,-0.16574100843566594,65.96724130412852,7.2722196903014495,54.77580364476044,27,0.2552018489500321,97.0232251422005,7.21768153905832,45.60933292752959,2,0.5201269961591655,-0.5015811387706152,0.14309871921310527,-0.4444444444444444,-0.5549367359507387,0.002344017278632298,0.6599984988993272,-1.3233821206372693,1.3233821206372693,0.1575438369687873,False,dl_payload_gb,False,False
SEC_185,Ericsson,1800MHz,10,4x4,5.494142384304533,12.796344351054756,33.84611821919174,67.28919861904619,51.42558738490236,-0.03452868903477088,58.43552437425017,10.871632778439238,74.75630161298662,33,1.1440075855157974,95.31223765598753,8.08271783593068,50.70929125854048,0,0.44193940125778675,0.20173070667037674,0.8185414854744558,0.48,0.3878553054651506,-0.9251180580331971,0.565691007148916,-1.3504391211938116,1.3504391211938116,0.1611683068922941,False,dl_payload_gb,False,False
SEC_186,Nokia,2600MHz,10,2x2,7.468757161358227,0.6975087966009824,34.99038528006849,7.126437005011579,51.46950141648504,-0.0830322736622236,76.3776211905789,8.116319986650131,30.64108169958457,34,0.2925145670188946,99.1053918099912,1.4329952341016436,96.07480374979369,2,0.9236376582387387,-0.3274472144893513,-0.6556365526500129,0.5925925925925926,-0.5212773729549068,0.8259891143285731,-0.9673153975383469,0.020451327819251307,0.9673153975383469,0.11581373266697828,False,ta_mean,False,False
SEC_187,Nokia,1800MHz,20,2x2,7.154909070992744,9.295491602991236,34.09676104167927,140.6455599549381,51.487078729235144,-0.13249350682323624,51.12132985048448,1.324502203149379,20.42257487744851,27,2.151869352949712,95.46172919472716,4.241459378924124,163.20730055353806,0,0.07800498382595346,-2.2287265080626217,-0.9650072191456083,-0.48,1.223783307496656,-0.8602407009359287,-0.28399562108299653,1.6013858008572042,2.2287265080626217,0.3162036887896171,False,ul_throughput_mbps,False,False
SEC_188,Huawei,2100MHz,20,8x8,5.212341324853344,8.429892712002102,30.492640794567166,68.9139649798353,51.47919231774952,-0.03942975820089081,44.03731041635207,15.804043688241451,68.32976276193466,26,0.824345169088636,98.37003678231356,9.713871349330297,18.487798281057792,0,-0.2744765474567866,1.4573973792080126,0.6075851286838724,-0.64,0.12272493369912243,0.4019264524651462,0.9265022736756747,-2.1958959127643847,2.1958959127643847,0.3091482999914743,False,dl_payload_gb,False,False
SEC_189,Nokia,1800MHz,10,2x2,8.223934188170581,5.188806712525414,45.54452867824942,148.19596576441288,51.53386172183237,-0.15069601887240341,45.263264353397446,6.777083841320539,24.607741057204038,31,0.2057133940350154,95.28241712001741,9.30637070290546,121.00653667705188,3,-0.28150146501942863,-0.6014539900839599,-0.7036177645614328,0.06451612903225806,-0.32753395841502153,-0.8026015919084496,0.8670547365578575,0.3865344361090298,0.8670547365578575,0.10593571200987344,False,ta_mean,False,False
SEC_190,Ericsson,2600MHz,10,2x2,4.308620915380334,4.7278428164603845,33.53192781524451,336.5979954619555,51.578378620651314,-0.00479346027995925,43.31767408920994,11.682678168045417,44.82236191460183,26,0.254078613879483,98.36427518904846,6.269674366754163,79.66853762842175,4,-0.8280622160753653,0.5084574488372036,-0.13215527584169887,-0.5714285714285714,-0.5916534707834469,0.20474597868279382,0.8466800044901585,-0.6239435708472497,0.8466800044901585,0.10402138937944809,False,ta_mean,False,False
SEC_191,Huawei,1800MHz,20,4x4,8.967142898401224,11.577865892724319,41.7444762014289,154.99447542258838,51.46121029270456,-0.13103647845076605,66.22739226560395,6.2398264863275354,60.7332402313271,31,0.6809206219000145,99.21518473463851,5.068796593050752,89.93515122914971,0,0.8296415457019406,-0.9774096571416897,0.3582231074658361,0.16,0.003767553780929374,0.7687095223652578,-0.10098857384830978,-0.321195388120249,0.9774096571416897,0.11685140943445695,False,ul_throughput_mbps,False,False
SEC_192,Ericsson,2600MHz,15,2x2,0.7128027005516391,1.2963691614381974,42.201542315106806,316.07441891454056,51.51037542728424,-0.1325378091697545,34.202251064931474,7.410895278751029,34.207855127370806,28,3.2597505701255547,96.99410763462029,6.100315607596875,71.86903340367964,1,-0.7882867178272649,-0.6296658571999719,-0.5718576939413867,-0.14285714285714285,1.9408877789698828,-0.2939617206076931,0.18610819562553613,-0.7446286496086622,1.9408877789698828,0.2574791469618766,False,rach_failure_rate_pct,False,False
SEC_193,Ericsson,2600MHz,10,4x4,9.546600300333075,3.5517646396707807,44.86811836811567,217.98171598171552,51.55788188438272,-0.13761761889265897,51.18126171309302,5.131200991956286,25.0377538068036,22,1.4681213698747375,97.61063246716088,1.0048940562583233,58.97683625539287,3,-0.031466824680949725,-0.9946167048443479,-0.6903190608455585,-1.096774193548387,0.50367000374179,0.08928436880121124,-0.791070496000315,-1.1393052752021962,1.1393052752021962,0.13462209667011626,False,dl_payload_gb,False,False
SEC_194,Nokia,1800MHz,20,8x8,6.546930814313482,10.986730977571346,30.48879131349408,88.96735967810109,51.48324361176907,-0.17557769681514243,80.18051196440916,7.77641979921076,66.20127370734971,27,0.6700356080346912,97.00770869002642,2.336656818314057,103.76911716016963,0,1.5239108151945036,-0.586231986117312,0.5377157469169865,-0.48,-0.00526055720267486,-0.189305980300803,-0.7053380751998554,0.04179277195384304,1.5239108151945036,0.1860188516680719,False,dl_throughput_mbps,False,True
SEC_195,Huawei,2100MHz,15,2x2,3.800745089372053,8.224808755896364,43.95277341515212,128.1077133333161,51.43362362567986,-0.17777257053359752,52.0425932459724,8.067154547654352,57.81050509322249,31,0.41206556008779166,96.5024437931632,4.725709286356487,107.88410459409008,3,0.004924323700158003,-0.29328643044812674,0.3232209091157588,0.06451612903225806,-0.19166604463016396,-0.33523732390588834,-0.04788011176857427,0.06374184086740838,0.33523732390588834,0.06508492893168136,False,handover_success_rate_pct,False,False
SEC_196,Nokia,2600MHz,10,8x8,1.9715412657287734,1.9198231280037958,38.4356188934368,30.211032895714588,51.49499019305275,-0.07037899309317533,78.99848501317948,9.60230296796531,79.30942906920828,24,0.7968834456903356,99.01631700313564,3.7453700200973965,120.05020176157872,1,1.2396030914089011,-0.08720930637176234,0.9830031502143778,-0.7142857142857143,-0.01822014963065219,0.43843960740745674,-0.35113356587144273,0.39898418948817116,1.2396030914089011,0.14674063677274934,False,dl_throughput_mbps,False,False
SEC_197,Nokia,1800MHz,15,8x8,4.7918322944359995,13.232034214230902,40.120705759453244,120.04653369456378,51.411044504148606,-0.024976391088390615,59.56007821651593,8.882293472870652,40.65848199919756,19,1.3797590962736315,96.36001286865495,3.371564381687712,49.442688816754284,0,0.4978941405152561,-0.3047046070232678,-0.30074713425434124,-1.76,0.583389351632476,-0.47039742833730214,-0.4764164527949082,-1.383673386203703,1.76,0.22443598573092652,False,connected_users_mean,False,False
SEC_198,Huawei,1800MHz,20,2x2,1.9455832318530097,5.901717698453873,40.31152443393654,243.91474038127225,51.588476690800455,-0.04189589794566531,26.894937603179066,5.675440519108516,23.705743177411982,40,1.532146316922275,98.61471712194724,4.208290037630087,126.21917000434263,1,-1.1190829744746724,-1.0592567579107453,-0.9339142969546086,1.5714285714285714,0.5666507540184478,0.29298865119462064,-0.2455260448435157,0.545408851380971,1.5714285714285714,0.1933213698023087,False,connected_users_mean,False,False
SEC_199,Ericsson,2100MHz,10,2x2,1.6633160774314215,12.418025629832593,43.11676487975564,25.959993454596667,51.414964241038994,-0.1717784811957298,29.093099502949652,8.42830051496822,64.06100212011773,37,0.39246319761380466,96.03098539627601,2.4649849092283187,126.75422662765551,3,-0.9646888858403811,-0.2070171501109924,0.5165256613935453,0.8387096774193549,-0.20457277658040685,-0.515842234769597,-0.49943400912123054,0.5279191843073819,0.9646888858403811,0.1155450467510327,False,dl_throughput_mbps,False,False
SEC_200,Ericsson,2600MHz,15,8x8,6.173517574129742,11.81569523291563,35.334517154545765,73.94450705209056,51.487691343050116,-0.09088357564158672,64.98987720265094,14.341032000324422,51.30400513119474,29,1.277114513973025,96.24926898039165,3.781544399810215,112.73481059294414,4,-0.18921163035905847,1.3010213879384793,0.06308492506376943,-0.14285714285714285,0.5036120366852043,-0.5311185572929967,0.038398985248014675,0.20920160304918653,1.3010213879384793,0.15459871130308922,False,ul_throughput_mbps,False,False
SEC_201,Huawei,2600MHz,10,2x2,5.230847245817847,9.366381697075921,41.72881903775989,137.31877490879214,51.50597625221771,-0.178881690804672,54.67437845517697,13.985171636235439,32.792235883348106,34,1.0723271303239292,96.68230581288606,5.701212745067526,87.37115148794618,3,0.11611691609858439,1.120388707757273,-0.45050161426506713,0.45161290322580644,0.24306824392271015,-0.26633630474006154,0.14696557270249316,-0.4408467390040886,1.120388707757273,0.1324335276959058,False,ul_throughput_mbps,False,False
SEC_202,Ericsson,1800MHz,15,4x4,6.700960346109417,7.417216969426395,38.457249755555154,353.53783332574653,51.59706076645746,-0.19094107127738452,48.87566052485899,11.36706108674407,66.90373934028557,26,3.196925798910615,97.94578188696894,6.952243542951751,109.25292601566834,0,-0.033733411305664714,0.327854183960922,0.5607747517918239,-0.64,2.0905608509155993,0.2178054207492471,0.3156300177478891,0.18568192829418495,2.0905608509155993,0.2871146184014444,False,rach_failure_rate_pct,False,False
SEC_203,Huawei,1800MHz,20,4x4,9.296058774219892,14.693262605726353,42.694304228885564,282.5502562651969,51.433204364728574,-0.06872282812304656,57.28323942953204,11.98929774022052,32.22532915099663,24,2.6749581893818086,97.27211159579771,1.9701302262898714,95.18652829569034,0,0.3846048377991762,0.48625984855164023,-0.5775722250765016,-0.96,1.6576370561480935,-0.07455860476433958,-0.7864137819298471,-0.1834049881190015,1.6576370561480935,0.20712174186849147,False,rach_failure_rate_pct,False,False
SEC_204,Huawei,2100MHz,20,2x2,5.322602133390402,2.174476085697256,45.848736524322135,264.0552287371574,51.42288630372247,-0.09296953326392994,70.83744571805894,16.182468403406038,35.63969928997619,32,1.5576965150766746,98.7257240491391,5.388234430570445,129.0554898995502,1,0.8701593466853986,1.5416313076118426,-0.5224953717696782,0.42857142857142855,0.5869748694711145,0.3331930049870735,0.023658690250454438,0.6127308354360417,1.5416313076118426,0.18871695626802887,False,ul_throughput_mbps,False,False
SEC_205,Nokia,2100MHz,10,8x8,5.809320532627977,10.877335913266721,33.21041627846018,41.82874434916055,51.40174122941251,-0.18359526295770584,62.16632509684386,11.713742978765492,25.551713262003148,28,1.2851636583990527,96.06783650168096,7.278817445017524,89.0036710621965,0,0.6275738936300727,0.4161105976588325,-0.7966390862892624,-0.32,0.5049311960213921,-0.5971981199039993,0.387868186780401,-0.3456364105742435,0.7966390862892624,0.09944908369810151,False,prb_utilization_pct,False,False
SEC_206,Huawei,2600MHz,15,2x2,0.8962633915494211,2.867860521971835,45.914378264959964,281.1585217013969,51.43111428737386,-0.19301215071880232,52.62877398699853,11.932569581612652,43.965936741851266,38,43.051997868463395,71.33809838225446,4.03834036828983,103.24073290230005,1,0.04586728932622804,0.4896200969249359,-0.2354512741566098,1.2857142857142858,33.59395846457738,-9.586023927696164,-0.2842972420239726,0.0,33.59395846457738,0.9999999999999483,True,rach_failure_rate_pct,True,False
SEC_207,Nokia,2600MHz,10,2x2,7.176357859086295,5.0739465799852255,31.436994468524382,282.69677214576546,51.44145459581353,-0.002048717318133081,66.56330824617466,5.306250921659372,45.13575343624514,25,1.8705770922647769,98.8827873589261,3.1675562581739585,47.85033985086578,4,-0.14283022010382096,-1.3926161533385715,-0.12271528946739896,-0.7142857142857143,1.1389749715704185,0.3851495707493747,-0.16105802363721414,-1.4256419645215355,1.4256419645215355,0.1715960065187041,False,dl_payload_gb,False,False
SEC_208,Ericsson,1800MHz,10,8x8,3.999052068041562,4.630481150597928,30.037080766477022,216.39697042475817,51.52611618831662,-0.19399573357018562,40.29582243125578,6.662108316285584,50.8737074208979,30,0.5577525064214783,99.10824666940036,6.597229791554904,109.15899367570665,1,-0.5124355985144627,-0.8150190413488205,0.0026916820760903354,0.14285714285714285,-0.2084388238121687,0.47173458205476576,0.29947092167727096,0.1404739493927471,0.8150190413488205,0.10110733496347671,False,ul_throughput_mbps,False,False
SEC_209,Ericsson,2600MHz,15,8x8,9.767252386625788,14.205539816080845,30.7065909788453,356.5302415194139,51.44394135807828,-0.11109434938996808,52.127380222222136,9.90192904899639,62.53785602742665,35,0.31778470091497085,95.29740081554195,6.802423591391735,77.5133664728579,4,-0.568370762760549,-0.022456652666984565,0.4014712312256972,0.7142857142857143,-0.523449530198971,-0.862297738975914,1.0197461593982229,-0.6782457430063357,1.0197461593982229,0.12129178093798912,False,ta_mean,False,False
SEC_210,Ericsson,2100MHz,15,4x4,8.231740155956603,14.510342666824128,35.46851847578819,117.0914061328387,51.40410416294586,-0.09907619507846088,31.337373309832515,7.577673324777258,74.36605572082556,21,0.48476932021106994,98.05453761079198,1.854171187894702,115.37398652081708,0,-0.9063908610923122,-0.6368277959138055,0.8057313471448146,-1.44,-0.158921786181031,0.2650039711844556,-0.8120639289974799,0.34629187207639633,1.44,0.17364664701900503,False,connected_users_mean,False,False
SEC_211,Ericsson,2100MHz,15,8x8,5.2248104051611834,2.745231663520907,40.12650129085495,338.8580813670666,51.5653236691005,-0.176543970439911,74.96468581586811,7.006134138930484,28.26404593326852,19,1.8074955749432893,96.89103391936538,4.510144546728046,123.65274685743502,2,0.8688716943888256,-0.5564733375474653,-0.7343042213039006,-1.6296296296296295,0.8453691303474754,-0.04994701890278332,-0.10166986831408176,0.7548180499331243,1.6296296296296295,0.20256001411651053,False,connected_users_mean,False,False
SEC_212,Nokia,1800MHz,20,4x4,1.2322265417216605,0.3305274044625628,31.104472654205594,329.3032013843413,51.473119140200794,-0.16618764431205676,50.15963364848975,7.352622855303254,23.260885900919423,30,0.16091223924302958,98.96947827597259,4.659452677414861,81.70081173716044,1,-0.06590872594819265,-0.6440904930116746,-0.9492505945602765,0.14285714285714285,-0.52410868115193,0.42147561420731544,-0.14260077446520278,-0.5112646960863656,0.9492505945602765,0.11397667992883416,False,prb_utilization_pct,False,False
SEC_213,Ericsson,2100MHz,10,8x8,8.594157932805892,10.800120594946696,30.090653032473078,4.133037509776023,51.47073933731615,-0.1296389987179295,46.63654690092878,5.729288073456617,21.111874015659996,31,0.6090978782382137,99.3720727709824,6.192705794215339,100.9356490740315,0,-0.14514561255912276,-1.1073797836812844,-0.9423804151526345,0.16,-0.05580276086895814,0.8367968619162929,0.14762021680321966,-0.032554336629798626,1.1073797836812844,0.13094600260941922,False,ul_throughput_mbps,False,False
SEC_214,Huawei,2100MHz,10,2x2,7.997810954240217,6.269849008057265,44.99345645534072,162.041949530932,51.46049580583359,-0.047664824757267465,57.263863498914525,7.6258465417538455,28.617282684128973,25,0.6779780055152126,99.25501883398624,2.3695714169372613,105.23484734059774,3,0.2255223318532976,-0.3987045370359413,-0.5796174734477535,-0.7096774193548387,-0.01658201279880827,0.7192111134871392,-0.5184917654492202,-0.0014260044611892004,0.7192111134871392,0.09272656407090467,False,handover_success_rate_pct,False,False
SEC_215,Huawei,2100MHz,20,4x4,1.8458512953703299,1.3326036763134659,43.15082617503887,351.75752389856643,51.595074655429286,-0.09858351518794667,58.006191556123596,11.018306664432696,59.47696914689756,30,32.94952562553144,70.78368375551241,2.589787268834226,111.04191195799963,1,0.28929869699845107,0.26330533539309336,0.299286093770713,0.14285714285714285,25.557863754785256,-9.786821142474677,-0.6147605966358163,0.1851662969631724,25.557863754785256,0.9999999998403224,True,rach_failure_rate_pct,True,False
SEC_216,Huawei,2100MHz,15,4x4,2.9527828922031008,10.256311583655638,42.946930738224495,37.123690466907284,51.43402308346185,-0.07241962508940769,66.78238480559632,15.388971779454055,63.6486246797898,35,0.21784017603734518,96.34526114371081,3.568252473980692,123.69573476931747,3,0.6276786538008217,1.4557235558614625,0.5037723525599379,0.5806451612903226,-0.3195493532465984,-0.39545039589930453,-0.2790689023763032,0.4526847675287906,1.4557235558614625,0.17591446534920085,False,ul_throughput_mbps,False,False
SEC_217,Nokia,1800MHz,20,4x4,7.9340725814783735,8.176582923910495,44.15078840803163,197.20248997799501,51.57964761279065,-0.0029650889818650383,38.84507579949852,12.390946548140857,67.19034281168733,20,1.7529759395631834,99.05944821784158,9.602830389416676,119.77033529090389,3,-0.5526691200825952,0.7395658175883332,0.6133045934646693,-1.3548387096774193,0.6912260486139042,0.6442924909117956,0.9262691760562896,0.3561256939526035,1.3548387096774193,0.1617639878592935,False,connected_users_mean,False,False
SEC_218,Ericsson,1800MHz,20,2x2,1.8522844654740966,14.70775233001659,41.20054836435367,352.42470253479746,51.55536066642798,-0.04639891293735807,56.0408332530923,11.908466455118306,34.62249271426056,34,1.7764811115800996,97.66739237953146,7.606977231078123,88.60329078255602,0,0.3227860870717869,0.46568225421546444,-0.4988833843711327,0.64,0.9124335244870565,0.09698804447210548,0.4604571534588961,-0.3561419519180146,0.9124335244870565,0.11031118044899992,False,rach_failure_rate_pct,False,False
SEC_219,Ericsson,2600MHz,20,2x2,9.177524891713773,3.411142437920684,31.6704660759693,199.97835267810967,51.41529599109986,-0.11312770037175646,54.498585532106354,5.129399846804782,38.3536887956912,36,0.3458976338884537,95.26378307416046,4.86866780065647,147.94965787462314,2,0.07559711980426015,-0.9436348022865704,-0.40038889163797087,0.8888888888888888,-0.4731211377999899,-0.6936405334788864,-0.0008122171716406286,1.401814921002924,1.401814921002924,0.16823542798235272,False,dl_payload_gb,False,False
SEC_220,Ericsson,2100MHz,10,2x2,4.245274251963619,6.0596681448982235,36.38560300917957,68.33350906997616,51.59734582030017,-0.11071161564069026,47.147630843919075,10.357890115066052,48.98807873392997,20,2.078619756221431,97.28469424949124,8.35261918654836,122.55962428362403,1,-0.20225969241193742,0.09982718149113919,-0.06231470142095176,-1.2857142857142858,1.0013475499107913,-0.18871741408410148,0.6999338859535565,0.4585470417961992,1.2857142857142858,0.15260866484263105,False,connected_users_mean,False,True
SEC_221,Nokia,2600MHz,20,2x2,0.8703896258765864,8.138187050931343,41.570391783434076,209.5859628333323,51.4542731927078,-0.076245584591799,76.27670776114621,9.799120290108581,23.790985811613588,32,1.47745808128282,99.71078958514997,1.5037317541751654,142.1543317675608,4,0.14350019757242816,-0.05310814605692969,-0.7656628538512615,0.2857142857142857,0.7181005007729053,0.6732326371220747,-0.7015594378716158,0.9504624071099899,0.9504624071099899,0.11409911328443009,False,dl_payload_gb,False,False
SEC_222,Huawei,1800MHz,10,2x2,8.15748643504281,11.875499826800274,34.48535137266433,73.59860662183686,51.41971658540448,-0.06692695831621914,52.31725993578592,10.872223290853537,56.66849139267477,28,0.5411258813330638,99.43929674867776,8.733995377513764,110.40120170115758,0,0.13751121072068206,0.2018810361485799,0.2247944258465707,-0.32,-0.11217923768648883,0.8659711820364246,0.709753643012826,0.21581142842537587,0.8659711820364246,0.1058331287574763,False,handover_success_rate_pct,False,False
SEC_223,Huawei,1800MHz,10,4x4,3.735096830383876,8.232579850800882,40.998501826179805,187.09353464201433,51.565862846825155,-0.09985781483266574,51.654816587707856,8.917937591567622,79.02410202054546,25,1.3799399707100257,95.51132140498558,6.353494424987536,112.17416365835622,3,-0.011459191091714015,-0.0900543648450059,0.9792789923869186,-0.7096774193548387,0.4456089570936297,-0.714913604472118,0.2772513951227289,0.16927100576149362,0.9792789923869186,0.11704445772964367,False,prb_utilization_pct,False,False
SEC_224,Ericsson,1800MHz,10,2x2,5.26499194153781,9.193502412929238,30.391975172282436,26.65519844844528,51.54133510673554,-0.07102775543700401,62.02746473817379,14.986230223044005,41.64837868268015,33,3.2528109424901315,98.72063342857186,4.017961067130419,96.48426845786369,0,0.6206645800244851,1.2492028205267431,-0.2682529717219874,0.48,2.1369124022147536,0.5540807750988934,-0.3334334626364928,-0.14935370332688763,2.1369124022147536,0.2966946619029913,False,rach_failure_rate_pct,False,False
SEC_225,Huawei,1800MHz,15,4x4,1.1230434441121917,3.392205773849111,34.89819745407349,217.97376091718567,51.52344376117558,-0.19529350111718025,41.04517413536342,10.158326548893468,65.17084850548304,30,0.6142800277009378,99.02896432979118,8.342697301711214,86.68676564686913,1,-0.47851304408613293,0.05042762689900794,0.49558057514354226,0.14285714285714285,-0.16347354167250797,0.4430202007834824,0.6976703725562307,-0.39291968494150603,0.6976703725562307,0.09093020597107711,False,ta_mean,False,False
SEC_226,Huawei,1800MHz,10,2x2,0.025840148449823852,12.703780921328397,38.78608538043476,186.04437808613696,51.43119617273979,-0.11407542722063119,52.72511409355207,10.450670064810618,50.00203493417648,34,0.2723694827928729,96.35694094118382,8.223080809137617,129.26014543313107,0,0.1578049238317405,0.09456428044380355,0.005962578754002088,0.64,-0.3350877818183762,-0.47173060436319264,0.5967393062331047,0.7106495189876819,0.7106495189876819,0.09200879843469147,False,dl_payload_gb,False,True
SEC_227,Nokia,1800MHz,10,8x8,6.379852057932976,6.429458204557136,40.11343727209987,266.4580927541267,51.495699223251194,-0.14421238478530465,38.616427407193996,4.112679325459449,27.668710661622963,38,2.844153470456596,97.35804285370546,8.611377235450544,107.93771873744248,3,-0.5623294857534533,-1.237917583516757,-0.608953297309307,0.967741935483871,1.4096871994092985,-0.007476925354149964,0.7282377219589514,0.06506067020978688,1.4096871994092985,0.16933989263403812,False,rach_failure_rate_pct,False,False
SEC_228,Nokia,1800MHz,15,4x4,5.151751703337316,2.114394412826539,39.23265063139057,227.0521696171626,51.55611120537744,-0.17416511095137793,93.81128848828821,9.679972954167036,54.934246928155176,25,0.9256955401740349,98.55493970731841,2.0396611009628396,96.05308463459815,2,1.5993738667636217,-0.004872955689083781,0.14834237767847563,-0.7407407407407407,0.04990771675498127,0.6082461341240463,-0.7966517273594287,0.01987297448190828,1.5993738667636217,0.19771677235191887,False,dl_throughput_mbps,False,False
SEC_229,Nokia,2100MHz,10,8x8,5.935385691231472,9.96281871758126,41.16410041717487,197.8582566710724,51.46072478762877,-0.180090697438245,36.307035233545555,13.447778050091904,37.9924561066439,28,0.11122787553203296,97.19520744410573,9.724251204961984,69.32125042385793,3,-0.6599010131541329,0.992018015210945,-0.28967803851921214,-0.3225806451612903,-0.3897458097730416,-0.0698554402568138,0.9505215984364431,-0.884847848820959,0.992018015210945,0.11836740881267037,False,ul_throughput_mbps,False,False
SEC_230,Nokia,2600MHz,20,4x4,7.937438503805163,3.2413567977796127,30.097419971837425,248.32038572932362,51.46233796570301,-0.07936156687706651,5.923531527724752,1.1666726824423106,22.064192507207494,31,0.8502287214999927,95.56398459433288,6.745644768875305,146.6534661312436,2,-1.8071922131162523,-1.7611267934294774,-0.9394875096394917,0.14814814814814814,-0.01817001050150567,-0.5748894680421743,0.5272078936265439,1.3672989283452643,1.8071922131162523,0.23275714147000176,False,dl_throughput_mbps,False,False
SEC_231,Ericsson,1800MHz,20,8x8,6.466059134228601,1.4634376535894962,31.615059199640342,51.81908888600311,51.400628181209626,-0.09527989056947767,63.2397211551968,3.533227180770675,58.09578380706463,23,0.6943096348447969,98.52941222340861,4.217226809515674,103.3787630389771,2,0.41440717871395594,-1.2729177220643775,0.2529730017319575,-1.037037037037037,-0.15882278004834252,0.5981481975430926,-0.184071761718454,0.2149467845948,1.2729177220643775,0.1509611689826138,False,ul_throughput_mbps,False,False
SEC_232,Nokia,2100MHz,10,2x2,1.7477344282737717,12.929803626064084,43.90310803646632,214.32947805309746,51.434848680329075,-0.14928317660072618,43.558022847482626,8.650974780561327,71.53594095948365,34,1.935091144646849,99.55819344867652,1.5930461639072768,63.19832268344347,3,-0.35354770308054034,-0.15382550357206745,0.7476978696863898,0.45161290322580644,0.8111356839549297,0.8353503627269377,-0.6735938238628486,-1.035462896649746,1.035462896649746,0.12297686717077258,False,dl_payload_gb,False,False
SEC_233,Huawei,2100MHz,15,2x2,3.607725191105998,6.902433967326595,40.90797830544258,61.95981701619996,51.57508112502437,-0.1058099882454971,63.24569191551544,15.19569840208901,40.68618601399245,28,0.7565028064229183,98.26242364203078,2.5035010252190713,102.4426739747357,1,0.5264867025029962,1.297368291647385,-0.34851952299234623,-0.14285714285714285,-0.050341261551741616,0.16539542738747282,-0.6344453714173794,-0.018942472069978733,1.297368291647385,0.15412186131960387,False,ul_throughput_mbps,False,False
SEC_234,Ericsson,2600MHz,20,2x2,9.058911047877604,11.239255690436647,31.80690628297618,333.18799482667714,51.48834929832754,-0.10155353696351835,78.4430083588324,9.548077839155427,43.417732832766234,28,0.29468310169076856,98.86900374284517,6.95483420030159,93.97238686598314,4,0.20735814493593788,-0.12795416218657937,-0.17446554423678642,-0.2857142857142857,-0.5481821762335037,0.3803538996019588,1.0692574807317634,-0.2635406015376233,1.0692574807317634,0.12666841724784247,False,ta_mean,False,False
SEC_235,Huawei,1800MHz,15,4x4,7.69944700251679,4.358813397095326,43.47319099837727,24.600277744417514,51.59684689984689,-0.16099820391227684,43.95216100169315,10.967247948133382,73.46130097803268,27,1.1259137978561644,96.79181267828915,6.0671164885449675,92.74160799564555,2,-0.33318668936087387,0.26068582600799606,0.7614926591263841,-0.4444444444444444,0.23052224613014627,-0.08919608094946622,0.33632831234978766,-0.0683075774618104,0.7614926591263841,0.09634541878348277,False,prb_utilization_pct,False,False
SEC_236,Huawei,2600MHz,15,8x8,5.566370579367172,11.804552023764995,33.87569948519307,154.93490988868558,51.47914159271476,-0.06958138762366989,58.06300464469251,14.857027861861905,68.81652880204135,40,0.7821433314429879,95.91599122563318,2.946717332604128,117.28779405914096,4,-0.3934011429651601,1.454860845882083,0.5905975519706144,1.4285714285714286,-0.026305694810386256,-0.6470743778256208,-0.23279861364633075,0.32391958792041975,1.454860845882083,0.1757894344857798,False,ul_throughput_mbps,False,False
SEC_237,Huawei,1800MHz,20,2x2,2.556449978092723,1.6790389053229549,37.65215814712357,250.48709195596015,51.54303729095605,-0.0438161287227819,38.167451575446904,9.536157575359281,62.89716941310663,35,0.26532666479256206,98.21386830809146,3.5938242446503494,94.01381435709293,1,-0.6087852508927488,-0.1035828007712042,0.41719629087287097,0.8571428571428571,-0.4410513668027977,0.1478097156342506,-0.3857062200256505,-0.21900719457894985,0.8571428571428571,0.10500058502026482,False,connected_users_mean,False,False
SEC_238,Nokia,2100MHz,15,8x8,3.0206050183479505,5.339600606922791,32.323144206154566,164.88799620057316,51.456383808580945,-0.041707291822096204,44.11518496230887,12.37308957987371,34.927823825188874,32,0.8524427411515327,96.6388560292061,3.312925617798528,90.83502843758524,1,-0.3395361006805845,0.5986655109771343,-0.5470370271793186,0.42857142857142855,0.025974949311379236,-0.4226263147075085,-0.4497885809485602,-0.2944578429170206,0.5986655109771343,0.08307099162332542,False,ul_throughput_mbps,False,False
SEC_239,Nokia,2100MHz,20,8x8,7.319580675856345,14.670927269602927,41.36176090274731,33.154291163844846,51.47276192822819,-0.07950603385930899,47.38405522482803,11.234187631475084,74.61299929799867,31,1.7233660135371045,99.30036759494897,6.977374885490338,140.87214210816575,0,-0.1079516323471144,0.29402797351389426,0.8138374706088853,0.16,0.8683794694375879,0.8056777607921406,0.3211890724023874,1.0153356320571072,1.0153356320571072,0.12082249117671728,False,dl_payload_gb,False,False
SEC_240,Ericsson,2100MHz,15,2x2,8.511742608527708,11.90984574552009,40.669670736228284,199.21644580561465,51.438145197518175,-0.0976722834961972,37.52178134864189,11.875446590531176,29.26494545235278,30,0.028987011001048363,95.61314024989004,4.774490483677173,47.812990742140556,0,-0.5986715449801041,0.4572762344713739,-0.6747492241178926,0.0,-0.5369510034905577,-0.7945302990155507,-0.16608910497387322,-1.426434884137847,1.426434884137847,0.17170875004230754,False,dl_payload_gb,False,False
SEC_241,Ericsson,2100MHz,20,2x2,6.714246695306144,7.458838954720322,33.37779953865818,230.98748717784764,51.469412473699876,-0.18779857139892103,48.36151354720183,11.137646970500409,57.60623116503331,17,0.996555027093576,97.16731849866562,9.688696294317504,98.4585307631717,0,-0.05931596590959412,0.26945117065877383,0.25557649541454774,-2.08,0.2655570632467271,-0.120037427454156,0.9209335498189513,-0.09755121622516083,2.08,0.28495789429901025,False,connected_users_mean,False,False
SEC_242,Nokia,2600MHz,10,8x8,8.095299757684417,5.096662073428276,43.81441226971203,253.36523195658276,51.50944750408413,-0.14243374022967883,50.38240591496983,8.357110364455641,21.728070832791122,37,0.4301449592984657,96.98363800234193,5.008211093065777,127.86555581976441,3,-0.06521838116632059,-0.22402280324756715,-0.7926753126214722,0.8387096774193549,-0.17976207337449207,-0.15090284639810028,0.00854640051188067,0.5552562535199085,0.8387096774193549,0.10328088840458877,False,connected_users_mean,False,False
SEC_243,Huawei,1800MHz,20,2x2,7.666561352004059,13.082035500337149,36.4208963875154,134.3735332065932,51.59835457619585,-0.18134571064436603,61.33851824894528,8.656607345731992,58.62318837949675,30,0.3462600049922031,99.69026926776965,8.128401319440652,118.807973466774,0,0.5863844773577601,-0.36215856888579856,0.2889589418522584,0.0,-0.2738024363603238,0.9748899468040094,0.5757961967642291,0.43639593980699054,0.9748899468040094,0.11659163342106564,False,handover_success_rate_pct,False,False
SEC_244,Ericsson,1800MHz,20,2x2,1.4970396795695773,8.172716386267735,34.68024145713187,202.91758957035438,51.53284034261436,-0.007235367824305283,64.21043599189947,7.436271458895025,36.62866111240159,27,0.4985475592394891,95.76567400302201,3.634673937248439,130.60145779829855,1,0.5701598979613538,-0.6233842897755907,-0.48840126197126693,-0.2857142857142857,-0.25553388642672586,-0.7388743182689298,-0.37638704045542926,0.6494254362125776,0.7388743182689298,0.09439409739411407,False,handover_success_rate_pct,False,False
SEC_245,Nokia,2600MHz,20,2x2,4.23944812913302,11.376375268036666,32.437273431432565,162.24713097800873,51.43984919088166,-0.17298397075484787,59.15268322030805,5.080872643389133,46.980618631023205,25,0.41858479239590185,95.04923412506005,1.1988743773843427,160.6471563965201,4,-0.3612797295292205,-1.4598106305540397,-0.06714421910211112,-0.7142857142857143,-0.4155326297865284,-0.9486412521952361,-0.8005938269548463,1.4164117328129915,1.4598106305540397,0.1765077477207596,False,ul_throughput_mbps,False,False
SEC_246,Nokia,1800MHz,20,4x4,1.5298380082856267,11.311615204742461,34.2586882002486,241.94017395081121,51.40899228831831,-0.1696449180297796,38.5974041732717,13.733589732029928,40.71587312342319,35,1.7852155675841086,96.19042606403559,5.390405536436929,150.96855231675977,0,-0.5451514800179142,0.930312333501073,-0.2988632239941906,0.8,0.9196779468792792,-0.5439958659146817,-0.02984865400860657,1.2802544111870358,1.2802544111870358,0.151903936326154,False,dl_payload_gb,False,False
SEC_247,Nokia,2100MHz,15,8x8,2.3523558480198483,0.26918517852737744,30.352430739581074,210.08050823693466,51.4252712962629,-0.02208467633390157,52.66875210514809,10.03024890064363,30.365405374772592,26,0.32130478130828743,99.10138429884327,3.8312339189160456,65.33395858351376,2,0.004672013740813563,0.06738732594468455,-0.6647600223442197,-0.5925925925925926,-0.49530606012516304,0.8244038584701313,-0.2926570093334717,-0.7981395878141906,0.8244038584701313,0.10196346939102043,False,handover_success_rate_pct,False,False
SEC_248,Huawei,1800MHz,10,8x8,8.692596246510526,1.8938067418892017,39.33211987929785,189.27223904128854,51.51251104025461,-0.01121434330470844,68.98049139547348,13.582480547573372,57.31884740563245,30,1.3210799051274584,96.04660908023509,2.818748485071313,51.678897516775116,2,0.6369218252270713,0.8001960209678833,0.22726039939794446,0.0,0.40657929019228706,-0.3839771373057577,-0.57748345100663,-1.1617570772224963,1.1617570772224963,0.13725923155389105,False,dl_payload_gb,False,False
SEC_249,Nokia,2100MHz,20,4x4,4.728919656331821,9.894440495921133,43.475691941503165,89.82877206176951,51.553032065763354,-0.04683419215301804,72.2999549637976,14.696118023753948,72.91853330843645,28,0.09878200186139069,96.20439031852742,9.573779177207753,109.80557220095547,0,1.1317957419985367,1.1753476153123565,0.7582152484223527,-0.32,-0.47906252200738775,-0.5379355635530799,0.8955138758095098,0.20018276073584412,1.1753476153123565,0.13887655959583126,False,ul_throughput_mbps,False,False
SEC_250,Nokia,2600MHz,15,8x8,5.353581018426609,2.4242971692880717,38.78368719106627,0.72666638936421,51.588083841460154,-0.19891901526546604,43.43828872718399,10.160252442728632,77.5450545369442,28,3.02405711062277,95.64949402268405,3.497125750354791,59.376469553271384,2,-0.35310459283540585,0.09420644572423106,0.8966439161621487,-0.2962962962962963,1.9428149465603157,-0.5410644037461847,-0.38664635239381984,-0.9567801968723849,1.9428149465603157,0.25784776203730386,False,rach_failure_rate_pct,False,False
SEC_251,Nokia,1800MHz,10,2x2,1.7844596522777212,3.83240016983407,33.508383390782015,62.66940311211454,51.40316463439936,-0.19973074580868727,65.09457244477287,6.059532604928126,31.540781789234906,11,0.9736990990783627,98.5771810163827,2.572377328439071,42.205920394147704,1,0.6101840505458656,-0.9641793932106049,-0.6638041059958121,-2.5714285714285716,0.12242931741382104,0.2793938701635296,-0.6187323856635968,-1.4487028354667868,2.5714285714285716,0.3944675127794144,False,connected_users_mean,False,False
SEC_252,Nokia,2600MHz,10,8x8,3.12271786048796,14.199569312994107,30.538706851421964,42.143774912700714,51.504552028312375,-0.12437984604250985,73.61504989645812,9.411435562442602,63.042366443778405,25,1.2266226430359006,95.34587095252708,1.9514991118911764,109.48728573584759,4,0.06504016852361297,-0.16869281020411575,0.41666810519050573,-0.7142857142857143,0.449555278129679,-0.8454337436291118,-0.5561000522742506,0.1273762438772692,0.8454337436291118,0.10390529400303987,False,handover_success_rate_pct,False,False
SEC_253,Ericsson,1800MHz,10,2x2,2.3024616842786996,8.402733875623678,33.434049172140845,161.67050820394084,51.494173471244636,-0.1713209259978215,49.367154493091974,7.986569179710635,59.860361996340934,26,0.353877905150562,96.65604151164261,3.5263876821813462,117.01135976455701,0,-0.009278008811387317,-0.5327332857507798,0.32957017053628884,-0.64,-0.2674840936422883,-0.3419248997644203,-0.442169528345391,0.38925475806753496,0.64,0.0862741944959167,False,connected_users_mean,False,False
SEC_254,Ericsson,2100MHz,10,4x4,2.061861645184264,11.260942604990207,36.65794284913748,220.41293427426407,51.53121100439514,-0.19632277156968056,57.570685484758414,4.059548622835038,40.60266737447435,25,0.531192577067937,96.41249363310482,9.993846413707415,151.3342193664704,0,0.3989073713607297,-1.5324530831908934,-0.30257929463804684,-0.8,-0.12041799369075701,-0.44762146840901473,0.9884327766871777,1.2898491152824503,1.5324530831908934,0.18731575689700752,False,ul_throughput_mbps,False,False
SEC_255,Nokia,2600MHz,20,2x2,6.379607933159701,8.369711081739599,42.153782859196745,76.71060312653094,51.51191577089307,-0.10718666211909907,64.17845691563744,8.494813285213365,21.14595196122355,30,0.2533172148681169,97.77579864895077,2.388472453273463,123.0529320997127,4,-0.21313057957281775,-0.44197537849412155,-0.8453366222299183,0.0,-0.5924686270008324,0.0,-0.4141471549390945,0.46917928926331287,0.8453366222299183,0.10389625147611438,False,prb_utilization_pct,False,False
SEC_256,Huawei,1800MHz,20,8x8,2.568838476457148,8.287704221740878,33.005485640604384,338.0605545481874,51.5374078301165,-0.011387620518605701,66.45050948162458,9.785388363806462,61.387474838771965,25,2.6961624285329684,98.65208132509868,3.9592162412060827,157.58680257908932,0,0.8407432512646843,-0.0747995611087984,0.3796988897604213,-0.8,1.6752240088840396,0.5243300658995936,-0.3464278220695777,1.4539100712928699,1.6752240088840396,0.2100247904540201,False,rach_failure_rate_pct,False,False
SEC_257,Ericsson,2100MHz,15,8x8,6.320154860204185,1.4122786518854684,41.51666325367498,2.4055665205996,51.53161651694984,-0.13523608501951373,71.3594340765471,8.070026812706036,76.72969163357001,33,0.6696346729979797,97.66438217348373,6.933953151856013,110.66662556007934,2,0.729130634776737,-0.3369972787189112,0.8696595940815762,0.4444444444444444,-0.18108177217476742,0.25596725187582037,0.5801816993414085,0.40901360422484956,0.8696595940815762,0.10618268012668845,False,prb_utilization_pct,False,False
SEC_258,Nokia,2600MHz,15,8x8,0.584546141085539,5.154947889136546,43.87093549363014,278.02836545952346,51.423402344971585,-0.06777186431426072,107.87889624454282,7.685364739145539,57.92720731493908,29,0.9954641307464899,99.65512996487534,2.5519566713848794,65.91189283961927,1,2.5469962908080213,-0.5617242516620865,0.24585860156419223,0.0,0.139742491025267,0.6698041084407722,-0.623391019742004,-0.8860254373070884,2.5469962908080213,0.3886468450701748,False,dl_throughput_mbps,False,False
SEC_259,Ericsson,2600MHz,15,4x4,1.4177439352710186,4.236463480297676,37.26314956973371,225.07371703095922,51.55994358272375,-0.06955292937351185,33.5119172640312,6.167392533601136,46.11756345125805,34,1.3252821646534962,99.75721319443666,2.059566781676068,124.66561168514872,4,-1.1171151313865895,-1.1358746391739685,-0.09314118639251803,0.5714285714285714,0.5551804775984658,0.6893845933509728,-0.5209937485677194,0.5098127230672646,1.1358746391739685,0.13422293178159564,False,ul_throughput_mbps,False,False
SEC_260,Ericsson,1800MHz,10,4x4,2.745402540001254,5.8609254842041985,43.142911866281494,134.4797283771655,51.424646515143266,-0.14978397926696646,46.555140969073555,10.587766445062833,51.5092336466977,31,0.4637927028024302,96.80732664249258,2.427734679846388,140.02939298559463,3,-0.22691984131642592,0.30882848728447104,0.12834589185483516,0.06451612903225806,-0.15760747814585555,-0.21844368911103795,-0.5068743173803286,0.8544688188455745,0.8544688188455745,0.10474955633244593,False,dl_payload_gb,False,False
SEC_261,Huawei,1800MHz,10,8x8,5.9704691689569165,11.975162823364924,38.87451756856153,18.17601998846685,51.539706125041825,-0.06991495023522715,20.971541227883638,15.607807849648722,31.977728459595053,37,1.2733287936576974,98.88840188137446,3.8141439852501295,111.73253193734715,0,-1.4221664598520263,1.4074407135967435,-0.5856999188487654,1.12,0.49511527169801717,0.6268900719587549,-0.37851781481358854,0.25074408008109894,1.4221664598520263,0.17110252443241225,False,dl_throughput_mbps,False,False
SEC_262,Nokia,1800MHz,20,2x2,6.7584124508737595,5.578990018752973,40.193453393294476,225.89516584234056,51.48322907352812,-0.15753320514262176,38.52079907084987,13.835871664153442,65.03264982522425,29,1.126988583694072,98.69400691634095,1.9532412066589617,143.5165139606722,1,-0.5927894913859428,0.9607595786201055,0.4908162244154393,0.0,0.2443646998395346,0.32170573243069506,-0.7599780188693905,0.9559730885076415,0.9607595786201055,0.11514409980378264,False,ul_throughput_mbps,False,False
SEC_263,Nokia,2100MHz,10,4x4,4.427169667795271,6.775452288475241,38.42045536541124,138.8208646316333,51.50277014691532,-0.1755985172846222,14.03751693305513,11.960880663960895,64.78518980059094,33,1.2230174541310663,99.46482295852414,1.167819277733046,96.30247860891468,1,-1.701128161133193,0.4966281640027453,0.4822851274011234,0.5714285714285714,0.32075165534401023,0.6008789484883486,-0.9391589998883871,-0.16468419013615268,1.701128161133193,0.21435494585459083,False,dl_throughput_mbps,False,False
SEC_264,Huawei,1800MHz,10,8x8,4.457909145772289,5.960720857279748,37.41076346802147,337.05617018875887,51.580659602875144,-0.059723342888062,56.7539995195923,12.026227356793123,28.731038023245496,29,0.6718356925680102,97.23971820103851,8.241775276012095,116.37697351345972,0,0.35827129995303875,0.49566119195302993,-0.6922751690656094,-0.16,-0.003767553780929466,-0.08861691105447436,0.6008745235591336,0.3726091555548265,0.6922751690656094,0.09048521136924191,False,prb_utilization_pct,False,True
SEC_265,Huawei,2600MHz,10,8x8,7.245168513986181,1.401119579629434,33.75445506841359,195.11642696031572,51.5779767452947,-0.17731183657921668,79.93446680055392,9.602070567222626,72.67870294997954,32,0.48278477285447285,97.65236593598897,1.5687381372118323,94.77003755974393,2,1.0615024761080516,-0.020943852012882833,0.7355926860454216,0.2962962962962963,-0.3496368638477494,0.251213974796397,-0.9291290031638197,-0.014292991812271802,1.0615024761080516,0.1258130121122966,False,dl_throughput_mbps,False,False
SEC_266,Nokia,2600MHz,15,4x4,0.1582109176558244,6.616082373761756,34.85110495137674,338.27454406566295,51.56357126113101,-0.0006181562821289399,65.26647510247277,4.586460462138879,36.15138436839831,29,0.2511344007555347,97.07887156790787,5.588654153836026,171.37130774191309,4,-0.18105811087679224,-1.6072151111590236,-0.39334265404136887,-0.14285714285714285,-0.5948055547728769,-0.24247868446035994,0.6254473039740868,1.686619837220025,1.686619837220025,0.21192177027769488,False,dl_payload_gb,False,False
SEC_267,Nokia,1800MHz,15,4x4,3.4109002447422054,2.9341390956677253,34.639521903097744,79.37412965038948,51.50202967609126,-0.16330951976995414,38.13277834174548,8.891704931617902,78.9353636561969,22,1.7408364543505914,99.25188459649853,8.177882310879937,125.23782058981635,1,-0.6103548805486172,-0.2631092823185117,0.9701073771179799,-1.0,0.7326550417854161,0.5237571916806314,0.660070567080758,0.5221158547945065,1.0,0.11920292202211755,False,connected_users_mean,False,False
SEC_268,Huawei,1800MHz,20,4x4,8.187070571192328,2.8008494365956222,39.01262289526103,261.2613277310772,51.547247962026766,-0.0811716274487085,54.71047436530505,7.092166938003549,42.974180842234745,31,0.9373868139782383,96.14851157681068,5.841275736963188,66.49884607446378,2,0.08381001926651292,-0.5387251754104557,-0.2474743488758565,0.14814814814814814,0.060454276995730326,-0.3436674478942518,0.2727961216558774,-0.7671200659803309,0.7671200659803309,0.09683647173350932,False,dl_payload_gb,False,False
SEC_269,Ericsson,2600MHz,10,2x2,6.032194102133722,1.4105415665139953,31.91925908838224,222.20964750554126,51.50257941110376,-0.11772508571748214,52.243003394150335,10.464090248035971,30.67304352406998,44,0.5876206316618913,96.19854539121222,2.650996337371594,155.5779240542386,2,-0.0118301836936745,0.15688675707116373,-0.6545787805063112,2.074074074074074,-0.2550656717929044,-0.3238755135808162,-0.6246744976283124,1.6049462715851988,2.074074074074074,0.28375198629149206,False,connected_users_mean,False,False
SEC_270,Ericsson,2100MHz,10,2x2,3.372271327554204,5.350064612126471,44.668667051237364,266.18696273927225,51.57392121649496,-0.1747227155188666,33.808068278490104,13.699644111816264,41.103206680739135,29,2.8823304964648893,96.8630255178854,2.305294603748996,78.00460724927835,3,-0.7654820511046423,1.0521828954889105,-0.19347403001620336,-0.1935483870967742,1.43482399820079,-0.19710672599414952,-0.5313303254250452,-0.6712499984098431,1.43482399820079,0.17290517860971144,False,rach_failure_rate_pct,False,False
SEC_271,Huawei,1800MHz,20,8x8,9.055247923296738,11.36222827184126,41.530482324529814,77.28043103011325,51.48055516664658,-0.19443121848451733,31.963756970979365,15.920228770745382,46.41081972183159,32,0.049020943929423154,96.15171416051176,7.631245960488991,100.41087878699618,0,-0.8752237145162143,1.4869751533663442,-0.11192197702413499,0.32,-0.5203347113890245,-0.5607963217130874,0.4658253980317079,-0.04632373594033037,1.4869751533663442,0.18049094360960566,False,ul_throughput_mbps,False,False
SEC_272,Ericsson,1800MHz,10,4x4,7.726227274493826,4.146625358750941,36.423130094611096,239.39802584559854,51.59404706888298,-0.07545354354143335,46.94238603892027,10.193863093541596,24.15846638229769,31,1.8982669437587918,97.8050341820746,6.4124828738360735,114.04902387476982,2,-0.21728432098439765,0.10114016503344807,-0.8701778065165041,0.14814814814814814,0.9272529118224895,0.31160513094580966,0.4334847506626296,0.49908271320616754,0.9272529118224895,0.11177401503135366,False,rach_failure_rate_pct,False,False
SEC_273,Huawei,2600MHz,10,2x2,2.6489544723673344,4.6852365282827035,32.53798631242205,179.29454150047283,51.586464551645776,-0.03864848724217479,61.89807968551284,4.998530988467933,54.69310287339737,30,6.0250597785206725,95.67245053247751,4.829356775909454,116.49975924530962,4,-0.2803512641286817,-1.484360043647223,0.16517140251473406,0.0,5.586777426221064,-0.7318083887361753,0.3787858888984961,0.30406408734101104,5.586777426221064,0.9300057339290372,True,rach_failure_rate_pct,True,False
SEC_274,Ericsson,1800MHz,15,4x4,6.452898375257169,9.640119865086355,44.11187471554617,267.41699096627383,51.54832052389036,-0.03159686769865119,44.23642972304494,10.188028150485934,55.857946392134025,26,44.679088146716616,74.07038552786706,1.0780218086061795,114.51166670465194,3,-0.32488509834712076,0.2133404073459459,0.26283549106057674,-0.5806451612903226,28.95495317125041,-8.928444932981007,-0.7764640619248523,0.2267701545418995,28.95495317125041,0.9999999999946556,True,rach_failure_rate_pct,True,False
SEC_275,Ericsson,2100MHz,20,8x8,5.957507281889567,2.937612188803783,43.18044944161864,117.7360718946544,51.455883176835215,-0.10345730538461312,57.82713110028098,10.269568488740147,64.33582732096833,30,1.6630316698885266,99.56722349237795,9.34765314137042,66.00863483981638,2,0.20461293292787985,0.11675783228485483,0.459486375444631,0.0,0.7150499450482551,1.0086764115293196,1.2591895707626541,-0.7801737885196185,1.2591895707626541,0.1492100242116844,False,ta_mean,False,True
SEC_276,Nokia,2600MHz,20,2x2,4.011879140389826,13.454368956353015,41.54754484347487,320.42052916749094,51.42633071775865,-0.04450890656352288,96.67417360933874,12.036531611578596,21.7501935374446,18,0.46889383474564633,97.04612740095898,1.1176281809132664,114.61103905486331,4,0.7447742321519782,0.6139556243117514,-0.827135644052837,-1.7142857142857142,-0.361671608101545,-0.2538712142407143,-0.8269870457037237,0.2564754730088355,1.7142857142857142,0.21657909576817594,False,connected_users_mean,False,False
SEC_277,Nokia,1800MHz,20,2x2,3.6695607920480064,7.802857848773317,34.34475275857988,30.348473260086134,51.57094069001864,-0.06543057330229105,71.75721177343829,9.942413348797508,52.474292866029806,35,0.26307295246850276,98.74116858246755,4.301252966260051,133.0193781140711,0,1.1047903176614193,-0.03482498396699123,0.08711645309260191,0.8,-0.3427983928078793,0.56299276117898,-0.27076927555535224,0.8092876796531687,1.1047903176614193,0.13065160509145804,False,dl_throughput_mbps,False,True
SEC_278,Ericsson,2600MHz,20,2x2,3.4356047477570395,6.714044104803254,36.4391461989387,290.5881547648277,51.43306045722759,-0.05514909450017336,76.35308200428658,10.199554821882039,23.174445996239864,31,1.3274615384392092,95.56731095853287,3.2370833928057117,132.15592089982474,4,0.14575154828691095,0.06627775585006576,-0.7842342798612018,0.14285714285714285,0.5575137221455579,-0.768389124753305,-0.13847179864424727,0.698540221321904,0.7842342798612018,0.0983436290034058,False,prb_utilization_pct,False,False
SEC_279,Ericsson,1800MHz,15,8x8,6.171557833956468,8.367302878938021,31.643972039238776,310.0750652934327,51.57085215779947,-0.10148019895563719,5.521383653844155,0.8103817726338823,62.068653197999204,29,0.36323263623447316,96.23782254070892,1.0121997204815396,60.945622196438876,0,-2.190924260546009,-2.359608525411598,0.4020591225883367,-0.16,-0.25972521051248587,-0.5234264198563092,-0.9983080740403201,-1.0818489749129392,2.359608525411598,0.34515805138996425,False,ul_throughput_mbps,False,False
SEC_280,Nokia,1800MHz,15,4x4,4.424099364806695,2.490514701242932,33.02463239564051,294.2108320920556,51.49815300134247,-0.07331765195157458,52.83269535696371,9.064294050673364,23.343679142059067,32,0.1936329081873584,99.03672810600185,5.473803784157174,80.33041355556917,2,0.011026522491229271,-0.13188462009235266,-0.8971430771055311,0.2962962962962963,-0.6104773514206449,0.7988277328642684,0.16942107522683963,-0.39880242774494845,0.8971430771055311,0.10881945336581524,False,prb_utilization_pct,False,False
SEC_281,Nokia,1800MHz,10,2x2,8.31863113251422,9.202097079587645,42.52826619706772,184.58150193423936,51.48131135676162,-0.03889481728478861,24.88721451779145,11.539697280445548,74.70367090049797,28,1.5442397047356482,98.81496468144847,7.77528095059909,68.6643506139736,3,-1.142386994787009,0.536222382085524,0.845664039239927,-0.3225806451612903,0.5537883986981292,0.5506364491709872,0.5612370297001505,-0.9010066213035088,1.142386994787009,0.13498151830382027,False,dl_throughput_mbps,False,False
SEC_282,Nokia,2100MHz,10,8x8,6.696026161339619,5.446511049510157,41.44061950161094,157.81859281107407,51.580638155766884,-0.12042316488859539,44.4545441604337,3.974548851569498,62.1249540130698,41,0.37475694561975537,96.9307795929691,8.409417878032949,110.19438976001348,3,-0.31566979093983044,-1.2709137060091258,0.4566508549388855,1.3548387096774193,-0.2162310574959809,-0.1711516920570354,0.687898644859867,0.12057146968483694,1.3548387096774193,0.1617639878592935,False,connected_users_mean,False,False
SEC_283,Huawei,2100MHz,10,4x4,0.6993160570943413,13.457795114469283,39.495772207614955,358.65442314895563,51.52077019650805,-0.038804219826483244,44.52352665889005,9.048134303008526,50.44338590510942,31,2.4585576087092402,99.77198451016737,8.91457293975296,53.45056652657317,0,-0.2502837502322945,-0.2624857393826449,0.02045028279686494,0.16,1.4781528144741092,1.0103532847696488,0.7496974118871884,-1.2785110514875968,1.4781528144741092,0.17918967298633734,False,rach_failure_rate_pct,False,False
SEC_284,Ericsson,2600MHz,10,8x8,6.40168223828166,2.532813100165292,44.331627614818764,82.50190243709837,51.515322801425945,-0.08159663144218743,63.50671142018375,12.06369990398773,46.490235396870496,27,1.836543331712474,99.55321507917273,3.772628870386827,66.31771683155596,3,0.4892818673531015,0.6613942885143368,-0.02687315859680689,-0.45161290322580644,0.74624910676228,0.8334432634231289,-0.2382470493199323,-0.9587303728092805,0.9587303728092805,0.11493751367494237,False,dl_payload_gb,False,False
SEC_285,Nokia,1800MHz,15,4x4,2.7114743650018482,7.605766557981616,39.332264285008726,196.87534771537605,51.51175318892488,-0.16681979512584277,49.38591007071743,14.9221868230166,27.840357824795742,22,1.881511300075931,99.8115037455612,6.6757257147668545,80.04595031046307,1,-0.10093457567348199,1.229663798081246,-0.7913749161964037,-1.0,0.8445560058613277,0.7264393740192088,0.31737846411925924,-0.5505439588979105,1.229663798081246,0.14550052392950025,False,ul_throughput_mbps,False,False
SEC_286,Ericsson,1800MHz,20,8x8,5.928119916534227,8.97168944053527,37.471487999417775,241.4431891376372,51.4742339032039,-0.1950631685550831,46.70779170178507,8.804990667609289,37.45996337387979,26,1.476524262067283,97.13957345093893,1.7156774196684887,46.09629663307833,0,-0.14160066512705305,-0.32438393991653086,-0.4057411056536448,-0.64,0.6636470956225894,-0.1320784124103737,-0.8426987598146093,-1.4714790630208716,1.4714790630208716,0.17821019343287034,False,dl_payload_gb,False,False
SEC_287,Huawei,2100MHz,15,4x4,6.801319311034514,0.5007540267957183,35.4459319408922,252.3123489101155,51.557128620705825,-0.12744927992016958,35.20509854112414,13.556109342471363,72.13754630125378,23,2.1276358431185183,95.98736791842842,5.392344018535749,99.1660268842271,2,-0.6722264749607674,0.7947557652870086,0.7176831818911009,-1.037037037037037,1.1341638913243062,-0.40741123277006414,0.14650529352183791,0.10276679970545709,1.1341638913243062,0.13402425504382992,False,rach_failure_rate_pct,False,False
SEC_288,Huawei,1800MHz,10,2x2,2.3082918915401205,5.455396871342104,45.04717609177876,73.44887966588833,51.45055968880315,-0.09066073434073203,47.734610692294204,15.07007153625383,74.26716869374962,31,1.6385932907793275,98.1332931954567,2.393341793845617,36.80514282975714,3,-0.17708739461003362,1.3795457857347622,0.8321646406191251,0.06451612903225806,0.6159133821140824,0.2895037197960665,-0.5137439039039995,-1.6846964356605563,1.6846964356605563,0.21160071917785503,False,dl_payload_gb,False,False
SEC_289,Nokia,2100MHz,15,4x4,4.5685864488036865,10.989528520512492,31.323447384389656,235.43787324232844,51.58777899200825,-0.03203592955930232,40.41424404372454,8.843852796811966,20.044862502231865,28,0.9225889329057643,98.423865791396,4.326788058602693,114.56034308630598,0,-0.4547504717220946,-0.3144906278312225,-0.9774059346030552,-0.32,0.20420903782264951,0.4252875327903402,-0.2651209114171271,0.3249427568102307,0.9774059346030552,0.11685102527959894,False,prb_utilization_pct,False,False
SEC_290,Huawei,1800MHz,20,8x8,1.903248628190678,12.305662611734599,44.89419795297293,294.6130439332814,51.578797041009395,-0.17450286397195078,10.711359096246618,8.32537440150454,55.648183488653075,31,0.3507251343292612,95.6272089222526,3.9637478157813937,88.08935083993379,0,-1.9326852045598668,-0.44648207244596866,0.19130199030300907,0.16,-0.27009902507303735,-0.7884246806745647,-0.3454254374696937,-0.36962717481730756,1.9326852045598668,0.2559140711360988,False,dl_throughput_mbps,False,False
SEC_291,Ericsson,2600MHz,20,8x8,0.5233887578650831,4.697429922259236,43.22743455889629,18.0066876556004,51.46749606513498,-0.03995873046328419,43.565949293014576,9.453776589724221,63.15803654150682,22,2.1911259507490155,98.93241517147953,3.368305636621501,81.28050378290672,1,-0.36439956170093796,-0.12397522046625686,0.426189593057843,-1.0,1.090841528505438,0.4080521441286416,-0.4371545485436834,-0.5212409915819121,1.090841528505438,0.12907542301271532,False,rach_failure_rate_pct,False,False
SEC_292,Nokia,1800MHz,15,4x4,3.7847642348586907,11.978899085741268,32.07887879257122,328.1476655971139,51.545892753966335,-0.027398190786554616,51.33371488719618,9.754144644810713,57.124818947456376,33,1.8363612404450997,95.0903010987998,6.144729561767193,86.17754135292225,0,0.08857268534876132,-0.08275341924967768,0.23977374841677906,0.48,0.9620985461208796,-1.0214355981093985,0.1370078709690621,-0.4197909681620949,1.0214355981093985,0.12147195669348865,False,handover_success_rate_pct,False,True
SEC_293,Ericsson,1800MHz,15,2x2,3.62944271845992,14.516338156550832,39.03974972280406,10.621459852274135,51.51464463888992,-0.16986250259983326,66.37836971231164,13.272468003566559,24.900785891981236,30,0.6403257665421911,97.41364193738391,9.125889823566963,98.18841723113856,0,0.837153772637439,0.8129224410118397,-0.8180063058296253,0.0,-0.029902119410883908,-0.013136302280856568,0.7964407207548554,-0.10463870035608307,0.837153772637439,0.10313687884235101,False,dl_throughput_mbps,False,True
SEC_294,Ericsson,2100MHz,15,2x2,9.95480490704257,12.853109041126412,43.86476770798539,128.14957169582198,51.46752986039985,-0.029681136139156183,13.591951134826026,7.678824461471213,33.06349392793413,32,0.03986275265857526,96.65508129747448,4.550361682127548,117.78598548229348,3,-1.619610444855163,-0.38604935763086784,-0.44211260633714805,0.1935483870967742,-0.4367345598661073,-0.2767653928879851,-0.08290379483320807,0.30731359719043116,1.619610444855163,0.20094644277434753,False,dl_throughput_mbps,False,False
SEC_295,Huawei,1800MHz,10,4x4,4.463523511976422,1.764659822389878,39.14894661771446,5.692750643866344,51.59770432959909,-0.0017092864314415812,36.94412549369514,14.614196308316409,35.02041604288316,35,1.0176142057008333,98.70151529949543,9.830180761403957,139.51291820791351,2,-0.6048210656807982,1.0130341338534659,-0.5107030905939783,0.7407407407407407,0.1328264610648699,0.6662272120614277,1.3949314001549833,1.1771549153532301,1.3949314001549833,0.16727439979586312,False,ta_mean,False,False
SEC_296,Huawei,1800MHz,15,4x4,3.335695494722004,11.095954981283109,44.51519714496996,27.772260674249473,51.40504746916965,-0.05463223379035251,56.4718075099214,7.597727341821345,69.90347787830538,25,0.051921758857962574,96.56380363710907,7.8312524324608255,130.41717445644863,3,0.19205806644409132,-0.40542155276195246,0.6972118251123403,-0.7096774193548387,-0.42879458014129856,-0.31173177342757447,0.5724166945150965,0.6180223319872994,0.7096774193548387,0.09192761834370036,False,connected_users_mean,False,False
SEC_297,Huawei,2100MHz,15,8x8,5.804750067166746,4.795002486608171,45.087741069056676,328.02058266482845,51.45052920612426,-0.04304606363500241,63.17293195629752,6.20672524114731,47.791966178535226,30,2.607480628660399,99.13403556390516,5.603329421095449,166.95064968329848,3,0.47517972719779444,-0.7376992494094696,0.013384559341355276,-0.06451612903225806,1.253855322867917,0.6728651944129213,0.12741449567930843,1.5166922741988547,1.5166922741988547,0.18492832662539835,False,dl_payload_gb,False,False
SEC_298,Huawei,2600MHz,15,2x2,0.8876739410776846,14.826239841181149,36.75815235494889,127.74989906861322,51.50401481222223,-0.001116946488225301,65.5474448645396,11.571331634676037,49.20969271647421,44,3.2605121254630425,97.97476744390406,4.757366553805247,120.25891628132348,4,-0.17277571816731993,0.4752604958879977,0.0,2.0,2.6270438647003256,0.06922631213690271,0.3553995180613946,0.39878064477807373,2.6270438647003256,0.4078269086507456,False,rach_failure_rate_pct,True,False
SEC_299,Huawei,2600MHz,20,4x4,9.616657359548132,7.2803847473983065,36.037018582501176,152.91775095301904,51.504390600695714,-0.07890374989481093,59.637396935525935,13.691681286607619,76.09358279327051,37,0.2100917798292404,98.96946680881037,1.3440122781312502,104.20945307121798,4,-0.3469913971778305,1.1074233976060925,0.8097971338930445,1.0,-0.6387459160373945,0.4153075593674009,-0.7534450799420588,-0.0056052027431888665,1.1074233976060925,0.1309509659167482,False,ul_throughput_mbps,False,False
SEC_300,Nokia,2100MHz,20,2x2,6.349600455910331,1.8365084753841154,44.98113846350651,77.52397729771894,51.51778661498911,-0.13842272359675012,68.2956612483529,10.535966443038738,58.22515333128293,27,1.1282142700315307,99.94670318919812,8.600693781822894,86.28904542005112,2,0.6103775233773049,0.17171447831753453,0.257254468174042,-0.4444444444444444,0.2325974749534542,1.1587876377586641,1.049059361139303,-0.24013138641589324,1.1587876377586641,0.13690797171441274,False,handover_success_rate_pct,False,False
SEC_301,Ericsson,2100MHz,10,4x4,7.548378199408478,10.877783220410862,40.80224097839469,214.95447726721912,51.550335234404585,-0.03249383318478888,61.94139058997853,11.305253193898821,73.92006209315983,28,0.09680720480634168,98.39579172871778,6.241217095575693,87.28603129172407,3,0.42314726015300236,0.4802192020524892,0.8214299174199488,-0.3225806451612903,-0.3992407740584028,0.390060894118313,0.2548252797620099,-0.44294057106755835,0.8214299174199488,0.10169147693594613,False,prb_utilization_pct,False,True
SEC_302,Ericsson,2100MHz,10,4x4,1.7047793817391754,4.845167975793208,31.85636290157071,214.12915728400426,51.52469556610386,-0.07710284449767375,62.87927597114023,15.862891714075936,47.390531320491974,22,1.307545765179374,99.92475158180822,9.874607321886415,116.17114079697765,1,0.5098993447264797,1.4625239514259831,-0.11738958468423547,-1.0,0.3879903962094668,0.7674553375260236,1.0471502255356278,0.3069120361147912,1.4625239514259831,0.17690248263740302,False,ul_throughput_mbps,False,False
SEC_303,Ericsson,2100MHz,20,2x2,4.094778530052039,14.956172356224926,30.6766679875629,133.99214105707892,51.52005629210561,-0.0837609152558087,42.97903996263882,13.733958344605902,28.966175511097653,26,0.426618776863575,95.14418163460853,6.727858693775642,70.01667574665387,0,-0.3271332056583194,0.93040617291048,-0.6845565900712474,-0.64,-0.20715227679809392,-0.9980521558642584,0.2659960740659659,-0.843834434863877,0.9980521558642584,0.11899856252736588,False,handover_success_rate_pct,False,False
SEC_304,Ericsson,2100MHz,20,4x4,4.226891133961895,14.696736867817828,39.034064815956214,119.89255384994341,51.410702892582606,-0.14927288889719237,66.70541356525518,10.092776253347498,75.79613564444514,31,1.1427212786013208,96.69069994241904,8.507004249396925,106.86928417575808,0,0.853426584866993,0.0034535965247851526,0.8526748820083379,0.16,0.38678843299934074,-0.32688359770230224,0.659543190254472,0.12313776922519866,0.853426584866993,0.10465185892084253,False,dl_throughput_mbps,False,False
SEC_305,Huawei,2600MHz,20,4x4,8.218064439010869,9.84201027030871,44.882735447014795,318.5871509450116,51.47530605755786,-0.04873314608342266,31.23595351056649,8.706559350454187,47.522306940052296,34,0.4666118027218601,95.53926632281154,5.73850527961001,99.43405312588347,3,-0.874153574902036,-0.14054765672755687,0.00504499657217632,0.45161290322580644,-0.15575130560291242,-0.7042085466634662,0.15441433093467039,-0.14411703971992001,0.874153574902036,0.10660994995869749,False,dl_throughput_mbps,False,False
SEC_306,Ericsson,2600MHz,15,8x8,0.012366797594094425,1.9473967342757637,43.50797923849309,137.9823262711925,51.44641114794023,-0.18366654482798075,100.45267706232781,13.285176599444156,30.89788531272931,27,0.15731778461863402,96.3115246569222,2.876405254250094,78.15708830493136,1,2.2108172669604835,0.8244416552913685,-0.685967735128874,-0.2857142857142857,-0.5269679196726695,-0.5411787927517351,-0.5493734589546275,-0.5953773847866812,2.2108172669604835,0.312344179413884,False,dl_throughput_mbps,False,False
SEC_307,Nokia,2100MHz,15,4x4,3.0085310835325507,10.302914965125435,40.813563943429386,177.66035717558697,51.45307402232039,-0.015142585841067757,4.900201769837166,1.2487851740277662,38.143744418235336,27,0.5210611291235151,99.19443949562887,3.336495627098905,68.46429121101455,0,-2.2218325808457675,-2.2480021425850065,-0.383295437572747,-0.48,-0.1288210915277053,0.7597063621152256,-0.48417366366118153,-0.8845673099576099,2.2480021425850065,0.3203861336186997,False,ul_throughput_mbps,False,False
SEC_308,Nokia,1800MHz,20,4x4,9.812363743443038,1.3954572969004082,32.2258535822574,101.98971447297502,51.510867494868066,-0.13483530784590306,51.934012868717225,11.255730047980249,23.048155381336535,28,0.11954229971845128,95.16161632663045,4.87444225088359,175.74152505195525,2,-0.02380678520618105,0.3201983274826826,-0.9069233949355405,-0.2962962962962963,-0.6773136156787053,-0.7340547529486063,0.0008122171716403788,2.1418781781058964,2.1418781781058964,0.2977319001923735,False,dl_payload_gb,False,False
SEC_309,Ericsson,2100MHz,15,4x4,4.748865435062186,0.44046238653588476,34.06770213997913,283.23702120856586,51.43990106298592,-0.17444506944200192,35.82121012883785,9.018958942019536,48.09803548738311,29,0.8601071923208867,97.60091467866197,5.205172099679534,58.102865013451265,2,-0.6483457331064926,-0.14123703995496537,-0.07790109080077341,-0.14814814814814814,-0.009258758456276649,0.23086134093188243,0.09385119120402777,-0.9906947200667524,0.9906947200667524,0.11822938400089067,False,dl_payload_gb,False,False
SEC_310,Ericsson,1800MHz,15,8x8,3.8252628024400828,12.34437669332229,44.00817962484186,143.081336483673,51.45878982020338,-0.11152669337951625,22.78960477837774,9.7708310911995,71.1876903146142,33,46.06854183802419,84.01054735988515,3.160762317429795,97.96724306960152,3,-1.2310107411132114,0.11368183900831341,0.7369277654294957,0.3225806451612903,29.86980750958746,-5.1205966615416,-0.3604604113036959,-0.18019841715059604,29.86980750958746,0.999999999997859,True,rach_failure_rate_pct,True,False
SEC_311,Nokia,2100MHz,10,2x2,1.1982900201764635,3.1462942152552205,32.92491578651041,184.89997675595683,51.447416941703466,-0.1915060181486934,51.615562216875965,9.557441306145831,76.01482736040137,22,0.7493359743742407,97.80575573335977,9.051380860158746,136.67751424471618,1,0.0,-0.09831426984103867,0.8694229190517437,-1.0,-0.056042177102649596,0.0,0.8593447676273158,0.7936447733524392,1.0,0.11920292202211755,False,connected_users_mean,False,False
SEC_312,Nokia,2100MHz,20,8x8,9.741646286280156,5.685406893286461,34.45503053200695,91.20858122147811,51.58970058864364,-0.06307476114700675,58.27091824387096,9.068893649256115,75.95613245021863,32,2.1747958168971087,97.37648536911628,5.882930760705814,115.87170594784834,2,0.22181430752569517,-0.1309357445205782,0.8440587603110475,0.2962962962962963,1.1767063475816582,0.14208357722013182,0.2845142677089717,0.5476184961047665,1.1767063475816582,0.13903912994216147,False,rach_failure_rate_pct,False,False
SEC_313,Huawei,2600MHz,20,8x8,0.20026355925824468,14.601860849642597,32.07361041912707,355.5574532428506,51.58893314643422,-0.019458897910928752,90.81057865842222,8.196555590212052,27.513801537724802,36,1.8193769663599724,98.95301482384878,6.864199670567488,85.79393332133017,4,0.5719278884190252,-0.5308981888240211,-0.6535241158782609,0.8571428571428571,1.0841599529806927,0.40958349471449823,1.0398144166453676,-0.4696067375056701,1.0841599529806927,0.12832617367691482,False,rach_failure_rate_pct,False,False
SEC_314,Nokia,1800MHz,15,2x2,7.371802250072431,5.052607527916549,40.81773170263058,104.93846673254023,51.52198831171921,-0.03254739857229824,58.921678937368796,10.795595907844906,42.92323295066342,25,2.143717267497228,95.66771544752775,8.29016000241637,64.23558593363985,2,0.24703806315736493,0.22527481677649255,-0.24916046227370361,-0.7407407407407407,1.1486707546317187,-0.5338565334705052,0.9617018264518049,-0.827387901199968,1.1486707546317187,0.13571690390504326,False,rach_failure_rate_pct,False,False
SEC_315,Huawei,1800MHz,20,8x8,7.685998047885084,4.447346719249729,45.10371688581135,277.4673111259986,51.58490449374638,-0.17452610531042378,55.52242542580186,8.061054112691968,21.693725579042383,27,2.5516723164008805,96.55288507775394,6.001343743527514,103.89359329778573,2,0.11528158068606369,-0.33884830456454457,-0.9517480611907558,-0.4444444444444444,1.5166821938329107,-0.1837089505361916,0.31782551093045364,0.2286560814821945,1.5166821938329107,0.18492680721827176,False,rach_failure_rate_pct,False,False
SEC_316,Huawei,2600MHz,10,2x2,2.436567160638666,13.773119994341629,34.303488505526175,153.8984341284333,51.557162529093674,-0.17474577257845364,54.2148051856584,10.532137512743404,71.30992069828837,23,0.11040420020604808,98.07863026722586,6.666353752309462,20.81454252595357,4,-0.5068379018165209,0.1654342504992401,0.6657035580391228,-1.0,-0.7454717576958682,0.10536283408941921,0.9755432159496453,-2.106841931867723,2.106841931867723,0.2904585432194003,False,dl_payload_gb,False,False
SEC_317,Huawei,2600MHz,10,8x8,6.7155844361303725,1.6612266797843716,37.60650572560118,74.23826583029036,51.51798957656036,-0.03731310353514719,92.26821163170074,3.7003803033428593,41.52534572127642,29,0.13782310643991774,98.45475683133978,3.8807113351004343,105.09601181187605,2,1.5395635648502701,-1.2384348184150487,-0.29542334604484155,-0.14814814814814814,-0.6608227154939781,0.5686166770375414,-0.27873831388965903,0.26067500832365564,1.5395635648502701,0.18840058267128496,False,dl_throughput_mbps,False,False
SEC_318,Huawei,2600MHz,10,2x2,0.9292914437938993,11.393736151719477,40.149435835379265,287.89875502735003,51.40128704229936,-0.015149145079376813,51.6984971818051,8.200377494197554,57.86702167353409,27,0.8142008731930188,97.02074215888528,6.288771028867623,101.0447976068362,4,-0.5810133252236279,-0.5297587230234811,0.26077625509439667,-0.42857142857142855,0.008015211943555292,-0.2627033866015968,0.852883647275004,-0.08534256625021479,0.852883647275004,0.10460099667015456,False,ta_mean,False,False
SEC_319,Huawei,2600MHz,20,4x4,2.570472664320799,14.82098349979161,45.99145997145009,120.09844405045554,51.554503257215885,-0.10786603403330218,99.90894531146552,13.294987602082145,62.89390628463732,26,2.244058373053838,99.37685631663616,2.9563121215335744,132.103657855798,3,2.027271647563484,0.9555199695862664,0.480431704322416,-0.5806451612903226,1.014568163267072,0.7658842618267017,-0.40129700496609017,0.6595073516746728,2.027271647563484,0.2743370178446768,False,dl_throughput_mbps,False,False
SEC_320,Ericsson,1800MHz,20,8x8,7.87901988292265,13.519440161619732,31.676929039961152,311.469605063212,51.54049766831769,-0.10020577661724682,48.740271967907404,7.298712323606532,45.79068018458932,24,3.6631905194428733,97.07746698347957,4.407781450636847,65.69980770746702,0,-0.04046997750458302,-0.7078441890151377,-0.13227856095064663,-0.96,2.4772842576826544,-0.15903180055114782,-0.24720516766886722,-0.9571043384215739,2.4772842576826544,0.37221742189462237,False,rach_failure_rate_pct,False,False
SEC_321,Nokia,1800MHz,20,8x8,8.646861920335402,9.775018780596389,37.977132792091346,329.4925865704163,51.523050730656486,-0.13634759172285482,49.239361702017746,11.77630588312943,38.38654019301458,33,0.04736619170662166,97.01388067174166,4.76317614673838,90.29585800461803,0,-0.01563663036848018,0.4320375257642824,-0.3753254690906934,0.48,-0.5217071751178407,-0.18662742160033421,-0.16859183706331832,-0.31173083620459674,0.5217071751178407,0.07739401366457614,False,rach_failure_rate_pct,False,False
SEC_322,Huawei,2100MHz,20,8x8,6.084864126597913,4.71091192489098,36.16192191844,309.53658074085934,51.55208486233649,-0.021146976348717206,62.988899274576525,7.5481487499007685,77.73277460695668,31,0.4397058134633917,95.18103630743693,5.919630813489215,113.10704940512552,2,0.40468521811145586,-0.44465827050589396,0.9028564858157861,0.14814814814814814,-0.38849788514753886,-0.7263727684929484,0.29483851050209453,0.47399909109237903,0.9028564858157861,0.10937476665876672,False,prb_utilization_pct,False,True
SEC_323,Nokia,2100MHz,20,8x8,5.068384318204826,3.8148297176747508,43.85312264355768,12.602849330450034,51.502584432954954,-0.07101941894152883,65.02202938301208,12.327356970379661,77.86929350143126,22,0.23939267448290302,97.75570668097367,5.981412431789416,106.16703276110685,1,0.6069000839551598,0.5873449549123656,0.9333549847756244,-1.0,-0.4616807728847655,-0.018126704882388885,0.15898240895875682,0.06945771976137757,1.0,0.11920292202211755,False,connected_users_mean,False,False
SEC_324,Nokia,2600MHz,10,4x4,1.593040206189803,12.288826573071917,37.615483696186494,283.45440420183803,51.54081665426427,-0.1423496845665263,92.33937027637812,9.108673158404377,37.36618208180131,30,1.4104471000863732,98.54340419255952,3.82731320656563,59.720605092687414,4,0.6169934230791163,-0.25895865843041865,-0.3567504903417171,0.0,0.646358329926909,0.2670695219938974,0.05326720285129435,-1.1265561192644917,1.1265561192644917,0.13314373950486555,False,dl_payload_gb,False,False
SEC_325,Huawei,2600MHz,15,8x8,0.6310903307915017,13.19732870927543,31.77564039336237,148.08220793969178,51.5870344173453,-0.1402434257891497,56.53969838499745,8.990060186904143,48.777505804667484,30,1.0221899163019341,95.57219081758424,2.627806133573955,80.57494808848352,4,-0.4383049808969832,-0.2943220336061526,-0.013018343754843903,0.0,0.23068894688069283,-0.7666912974836891,-0.3363984546612471,-0.6011054511359668,0.7666912974836891,0.09679897847869734,False,handover_success_rate_pct,False,False
SEC_326,Ericsson,2600MHz,10,4x4,1.1764902847355863,7.881523688185393,40.15078632458534,314.54025126560106,51.47516100316922,-0.021759985387279523,92.16006488486742,10.16305443564105,78.37064951960134,36,0.1277061426536434,96.52716383043935,6.541400728182235,141.9973468069418,4,0.6117078804054388,0.055395498737935575,0.8783869883894911,0.8571428571428571,-0.7269482427602473,-0.4344318600892649,0.934951623452171,0.9465069790986637,0.9465069790986637,0.11369990649204924,False,dl_payload_gb,False,False
SEC_327,Huawei,2100MHz,20,4x4,2.2735730009609876,3.665099111796992,42.33248989222208,229.66353456650594,51.54162436698012,-0.1972731952188357,37.778155850443284,5.969719098634913,20.292104459330194,30,0.6607227161463488,98.90628476891426,6.297274876143288,107.77979155873346,1,-0.6264083581036379,-0.986411643777852,-1.0515982870008151,0.14285714285714285,-0.12653032282963436,0.398588266728832,0.23104118470974994,0.10773764800288084,1.0515982870008151,0.12472773971719987,False,prb_utilization_pct,False,False
SEC_328,Ericsson,2100MHz,10,4x4,3.416745018969208,1.6941481261676032,30.04610002664983,300.11152829182504,51.49513756360219,-0.13545468545467232,61.81852102591489,12.916272456269382,44.76069490274895,22,1.1565821026659,96.82959717706788,4.669652945724354,50.07651556068311,2,0.3593208695332011,0.6627604225816308,-0.18834991408628055,-1.1851851851851851,0.25818776227272777,-0.07424962270238698,-0.056797904546089545,-1.2044265388308801,1.2044265388308801,0.142390759280858,False,dl_payload_gb,False,False
SEC_329,Nokia,2100MHz,20,4x4,3.809095255109872,1.3076920174774675,43.743306966730074,179.7954371520607,51.5348799303628,-0.08912866375672619,28.62255205906603,13.910300324547212,26.027452980858108,30,1.5096169846583354,96.2080123102002,6.860592646692564,126.49696440032011,2,-0.9273687193472485,0.8678237003661653,-0.8083239545309389,0.0,0.5766563664961868,-0.32013067339619533,0.5595443539075039,0.8305560665718111,0.9273687193472485,0.11178551298704159,False,dl_throughput_mbps,False,False
SEC_330,Ericsson,2100MHz,20,2x2,3.4632176858900356,10.786161710307834,32.97636800009065,192.60918165561583,51.55257866711087,-0.1703565075801351,48.59479907092453,8.919905509015127,50.54947793375616,33,0.020256494257897245,98.36100331782556,7.911700820288247,52.02205821841659,0,-0.0477083130237655,-0.2951295369132245,0.02393283979473852,0.48,-0.544192158630698,0.3980060479636301,0.5278620318227563,-1.3159935496384423,1.3159935496384423,0.1565656773732323,False,dl_payload_gb,False,False
SEC_331,Ericsson,2100MHz,10,2x2,2.3905533219726562,6.301780917715875,38.83310983445405,51.9795475681202,51.40909050008716,-0.18158024916008206,37.68663290741493,11.572612512704639,21.48019727242923,32,2.2115529051615765,95.98379388835828,9.646552794054188,90.78938507161746,1,-0.6305515287927838,0.400517064656174,-1.010639206577306,0.42857142857142855,1.1070903175488125,-0.659875923654589,0.9951233689915485,-0.29554121928831584,1.1070903175488125,0.13091306512935158,False,rach_failure_rate_pct,False,False
SEC_332,Ericsson,2100MHz,20,8x8,5.097242467516981,13.580398114168055,36.6527600109992,282.23544912816794,51.52932008878973,-0.036944733781888006,63.049034786720384,12.336732040636171,44.41390588343767,35,0.8423002627587909,99.47826459791588,5.495942460408243,116.89829663729434,0,0.6714951259274674,0.5747078063366204,-0.1774722954670592,0.8,0.13761702114896734,0.8828827149007518,-0.006503879350294427,0.3862881050670908,0.8828827149007518,0.10744421002841723,False,handover_success_rate_pct,False,False
SEC_333,Nokia,2100MHz,15,2x2,8.252861082328968,11.095069510901455,41.51446106576849,150.9802602001098,51.44534823688139,-0.02111912227029855,66.7275016113352,9.726227343005114,33.24194448712011,26,1.6708300019030016,95.52799198013071,2.008886593156829,136.41117640056208,3,0.6253598457812093,0.10302705228678725,-0.4365937906351571,-0.5806451612903226,0.6371389150049682,-0.7085274890523666,-0.5905344432483177,0.7654659941980475,0.7654659941980475,0.09669190442849607,False,dl_payload_gb,False,False
SEC_334,Nokia,2600MHz,20,2x2,2.797035384714792,2.8689062687188005,35.93858583657187,180.02884257776975,51.534006507561514,-0.0352787158403621,79.47742156031849,6.6752585418464045,51.99850174752444,28,1.649937198687996,98.53274901141414,3.4768245490502103,29.862272870176028,4,0.2378504523484787,-0.9844590228090718,0.08400456756326106,-0.2857142857142857,0.9027571956506237,0.2633623130518189,-0.06059072784085913,-1.8788733041638066,1.8788733041638066,0.24580235285383284,False,dl_payload_gb,False,False
SEC_335,Ericsson,2600MHz,15,8x8,9.423870191022331,9.206661282235485,43.916210826907374,282.63517707445476,51.49366603718676,-0.020242422052530462,78.7374557386024,14.782246395855534,79.75961894604198,20,0.21053914695757725,97.49774350643187,3.7175145371568696,121.34770322412093,3,1.1327788894502921,1.3107911270304722,1.0020258101947577,-1.3548387096774193,-0.3243565506146984,0.04603919420134502,-0.24925550847654773,0.3949266331074071,1.3548387096774193,0.1617639878592935,False,connected_users_mean,False,False
SEC_336,Ericsson,2600MHz,15,8x8,8.733366617238477,6.5325818159723905,41.68794177534065,215.58434402859803,51.55471054837298,-0.08937760578832571,90.84398525582554,8.822434885213603,68.03216630760485,40,0.11672722850230222,99.34964781198497,6.351062692569744,125.85173920151401,4,0.5729126440622883,-0.3442979878180112,0.5669709674951743,1.4285714285714286,-0.7387023033736863,0.5475822147999998,0.8731193946420442,0.5396986559919031,1.4285714285714286,0.17201283293576136,False,connected_users_mean,False,False
SEC_337,Huawei,2600MHz,20,8x8,1.617642113521096,8.658745961529196,40.363410737006745,72.39554187936028,51.42468016304112,-0.03754837580193163,100.22508479885514,8.17259569235857,70.73852549746528,28,1.2775736655010328,95.63097545513118,3.187244841316604,83.2895359552561,4,0.849447563302249,-0.5380416137483622,0.6484919791111852,-0.2857142857142857,0.5041036057799766,-0.7462386246480607,-0.1546620924513856,-0.5327080909996742,0.849447563302249,0.10427961128108769,False,dl_throughput_mbps,False,False
SEC_338,Ericsson,2100MHz,10,2x2,7.862759567570945,11.071036850077757,42.73984952900567,212.48375729432138,51.52526447033124,-0.12319147232177992,50.559667619932426,14.916375794001777,58.11589924154485,33,0.17010874034801393,98.38947459248044,9.579918383984246,102.72727268303049,3,-0.05772909653974071,1.342831486600853,0.3326656204618361,0.3225806451612903,-0.3509770368668755,0.3876409439496619,0.9216927644185642,-0.06310866559907483,1.342831486600853,0.1601424566015446,False,ul_throughput_mbps,False,False
SEC_339,Huawei,1800MHz,15,2x2,5.745873823177666,12.092938215056861,42.06436855885411,146.74782887267608,51.45569414578551,-0.06674642770419231,42.50487012578029,11.83017630266861,22.493590896335512,37,1.896703347722691,97.86027319590691,5.366187169429013,10.0,0,-0.3507266065147148,0.4457515677790182,-0.8970244364494725,1.12,1.0121467360659706,0.18069577607153822,-0.03520575841450881,-2.4186064714345306,2.4186064714345306,0.3586120058340692,False,dl_payload_gb,False,False
SEC_340,Ericsson,2100MHz,10,8x8,5.6657536217141855,12.656059896100864,30.575018798744853,169.02919513579056,51.57059639906612,-0.0022328937221671175,59.70901229660732,10.77229022817404,32.40786056264865,31,1.2953189587649412,97.40045071120024,9.76402450881036,17.560590555762644,0,0.5053046950879692,0.17644061389140608,-0.5715804832549066,0.16,0.5133540772330695,-0.018861120547393858,0.937596155915247,-2.2202248310145514,2.2202248310145514,0.3143683443157183,False,dl_payload_gb,False,False
SEC_341,Huawei,1800MHz,15,4x4,3.9104276305817445,3.8096231185803706,36.31574966151725,10.192058784960402,51.58567670112726,-0.15485445523217453,22.119089433594933,7.087718009792348,75.5038733868233,28,1.84405556750969,97.45703631716334,1.0737848901786597,133.25598160024762,2,-1.1794456405006395,-0.5396429683926561,0.8290913094005209,-0.2962962962962963,0.878349468543323,0.17394720967952723,-1.0683663367931087,1.0105403854330222,1.1794456405006395,0.13936736751391704,False,dl_throughput_mbps,False,False
SEC_342,Nokia,2600MHz,20,8x8,5.0115299918200975,0.46673399876036525,44.89291675706384,75.61056582586137,51.59927965873581,-0.12202005074178389,95.46715964007358,12.408412174639661,41.96678707572507,32,0.3552654799989323,98.60988480899266,6.362536861279983,83.83314313042094,2,1.6635561225567097,0.557991233174499,-0.2808139057099533,0.2962962962962963,-0.46467051428497924,0.6299808320716052,0.41943423244619094,-0.305529045234326,1.6635561225567097,0.20809546990011837,False,dl_throughput_mbps,False,False
SEC_343,Ericsson,2100MHz,20,4x4,3.9717877742921104,11.089421027471598,32.01158830387562,101.17370929717018,51.559201480485456,-0.10399052453798288,39.34719575837432,18.68955581655924,26.218203588847736,24,0.38067210115830796,99.68870827467411,9.380084067490156,89.61363305493583,0,-0.5078438909412262,2.191975555882485,-0.7747610000524875,-0.96,-0.24526078935739368,0.9742124963787919,0.8526685045534423,-0.3296316739308555,2.191975555882485,0.30831163437652614,False,ul_throughput_mbps,False,False
SEC_344,Ericsson,2600MHz,15,4x4,5.397326187599428,1.595155893836619,41.79354480691282,256.6656028291701,51.5507468140856,-0.17239690259598967,69.5948730088699,12.641522991635618,62.14432195197212,29,1.1123711786132895,95.45625829559523,6.754431895320843,107.04029211082079,2,0.6607355125559815,0.6060808992147885,0.38695880953063627,-0.14814814814814814,0.21830560899936963,-0.6175028856667802,0.5296798363077443,0.3124488024907415,0.6607355125559815,0.08792287950665423,False,dl_throughput_mbps,False,False
SEC_345,Ericsson,2100MHz,20,8x8,6.279500527726358,4.7237938291945145,45.59346898136528,4.137290387321513,51.44310015177351,-0.18379227790698865,63.74076984677467,11.488265488877694,37.967463436055276,31,0.0319509949650493,95.0975132380526,1.1176888075715337,89.02203367669382,3,0.49917080628866417,0.5239365363428464,-0.2904509693719277,0.06451612903225806,-0.4419438776685468,-0.8734340329914745,-0.7685410315190657,-0.40023745691560064,0.8734340329914745,0.10654143711199589,False,handover_success_rate_pct,False,False
SEC_346,Ericsson,2600MHz,15,8x8,6.743038064090484,0.05725701186520715,30.835178064719546,147.15981404248754,51.46720141179802,-0.03405542673567513,65.65103588123195,12.163278389458288,36.1314147742503,34,1.2964417608011831,99.02852396240601,1.7817152702669465,86.23923599389154,2,0.5078707422147523,0.5074212852995843,-0.47393474183264167,0.5925925925925926,0.384353510717008,0.7955824102141986,-0.8692155299047648,-0.24145775020148869,0.8692155299047648,0.10614054228972103,False,ta_mean,False,False
SEC_347,Huawei,1800MHz,20,8x8,5.324811925594261,10.2250422360243,40.91510209002577,332.64967335326384,51.49313650835246,-0.004641125434482751,17.91333995358661,9.015654000494372,90.3305219487944,31,1.8065669865146323,95.5408469377538,6.883880527839126,111.83467185730149,0,-1.5743342338337278,-0.2707544003127212,1.3297779158522205,0.16,0.9373869716124756,-0.8259046434550454,0.30050811422149104,0.25342412004933434,1.5743342338337278,0.1937749065053944,False,dl_throughput_mbps,False,False
SEC_348,Ericsson,1800MHz,10,2x2,7.214220673287317,2.5069801720683187,37.49046626081649,40.27702195768458,51.55467620955645,-0.11905498723406827,67.08363131111622,8.987047811220554,71.48833550159927,26,0.5364231060761898,99.93348398040212,1.2292542256159642,55.13391226961835,2,0.5633987379949214,-0.14782015627220443,0.6961976406142448,-0.5925925925925926,-0.3012503559265321,1.1535584999186759,-1.0246306186072716,-1.0697542817639207,1.1535584999186759,0.13629124728892653,False,handover_success_rate_pct,False,False
SEC_349,Nokia,1800MHz,20,4x4,1.412780492755058,9.829236145374873,39.26680408599555,185.91277975869997,51.582993173015595,-0.18247003276106935,51.65049635071259,8.94866354729135,44.47626910207046,23,1.4476542810777497,98.09674124479419,1.5724809655885066,134.7975295558178,1,0.001581440397057037,-0.24900986378026319,-0.21785774614728345,-0.8571428571428571,0.4994408685624595,0.10538877839548237,-0.8468421501285384,0.7490220566188134,0.8571428571428571,0.10500058502026482,False,connected_users_mean,False,False
SEC_350,Nokia,2100MHz,10,2x2,2.1198249090223853,14.876139257517583,31.3654613837492,283.1480576607049,51.43782782000459,-0.18683764786188473,54.671722337370674,8.27515013383937,78.81567246898994,21,0.19190038804414772,98.2543319762707,2.9897098632409773,93.0924992537694,0,0.2546628532838806,-0.4592678967037235,0.9517936304457972,-1.44,-0.40182944399080933,0.35171209195483555,-0.5608826978772481,-0.23835002361053778,1.44,0.17364664701900503,False,connected_users_mean,False,True
SEC_351,Ericsson,1800MHz,20,2x2,8.187350040742702,1.0900630741502444,30.688111229871033,339.311270707242,51.584473496934024,-0.021736358727940275,48.20846189084421,8.942665402671947,59.00679340515282,38,0.38899212649297354,95.99445851469008,5.611957918694958,69.83024497777382,2,-0.16821069342948786,-0.15697603858033096,0.2831227378943138,1.1851851851851851,-0.43424610417151777,-0.40460639733761755,0.20828578303148162,-0.6784090086281359,1.1851851851851851,0.1400572180658816,False,connected_users_mean,False,False
SEC_352,Nokia,2100MHz,10,8x8,3.225279778464152,1.1561701792719103,40.66986656881475,268.83959023213845,51.53912493047081,-0.10723715005446402,51.73396995595581,8.928678423253244,64.5213471127856,29,3.6614574228696783,96.20156155148337,5.913123033401268,65.79370946433005,2,-0.03156053185645905,-0.15986148670249822,0.4656261271968891,-0.14814814814814814,2.517806252312418,-0.3226824075448422,0.2930077801195321,-0.7858969870511021,2.517806252312418,0.3817342376424972,False,rach_failure_rate_pct,True,False
SEC_353,Ericsson,1800MHz,20,2x2,0.22893824976120247,5.105701390000124,43.172950877131484,259.4035975119862,51.522154146137005,-0.13599453668752162,33.25392830074952,9.265946473497607,21.890782584932694,28,4.29241802781688,98.29675151549625,1.3083501051415392,101.27955659365969,1,-0.8312165335696542,-0.17047030099893623,-0.996484422834717,-0.14285714285714285,2.762331609170332,0.17782825482141254,-0.907099223364322,-0.046549855114211856,2.762331609170332,0.4408610189102218,False,rach_failure_rate_pct,True,False
SEC_354,Ericsson,1800MHz,10,8x8,1.537911496680311,12.99579771377013,42.51224535892747,297.5357124704745,51.439968254256385,-0.10470774575212011,45.59392870162887,9.1819659052597,27.29631556088343,40,0.7186805051438857,99.54863418967099,2.5333052570337804,90.8092687066487,3,-0.2675309381067478,-0.026984208530489665,-0.6204701002752424,1.2258064516129032,0.010217626944068825,0.8316884296019467,-0.48578779924613075,-0.3562740947904557,1.2258064516129032,0.1450215950687922,False,connected_users_mean,False,False
SEC_355,Nokia,2100MHz,15,4x4,2.2361443449631127,3.2329480318699777,38.7008916458598,160.63243955191572,51.411105006561826,-0.13633918106153053,30.67691589526221,10.729035571029103,57.9851075897743,29,2.722196664094568,99.91195277258784,5.497351060011898,53.534797764437215,1,-0.9478758313445576,0.19169976407273345,0.24785469310466124,0.0,1.5132860992418324,0.7628198803790197,0.048551838746503186,-1.1798042168824865,1.5132860992418324,0.18441546531004446,False,rach_failure_rate_pct,False,False
SEC_356,Ericsson,2100MHz,15,8x8,9.573228878945873,5.405667298955214,31.59786913817885,290.1040317424199,51.51369297970159,-0.10219284493847601,36.518491632089024,10.236379054623537,73.94143895896903,38,0.739674331196559,95.99015473315546,6.345465588490647,81.94494683865591,2,-0.6213188115050122,0.10991100800058481,0.7773827589421667,1.1851851851851851,-0.11789982238866208,-0.40630884921843763,0.41463184248493057,-0.35580939123688354,1.1851851851851851,0.1400572180658816,False,connected_users_mean,False,False
SEC_357,Nokia,1800MHz,10,2x2,5.730414289308493,1.0275810994046934,41.00871110137622,2.8671857083624053,51.53030313666578,-0.028088720616412627,19.955764689917558,10.502087360535109,57.424623565255736,29,0.3447296145480976,95.67059811354895,2.335615268375938,75.72402991351552,2,-1.263297008955554,0.1647253828120299,0.23076104671450623,-0.14814814814814814,-0.47417479427418835,-0.5327162339106685,-0.7133956432866755,-0.5214647612921011,1.263297008955554,0.14973220031661072,False,dl_throughput_mbps,False,False
SEC_358,Huawei,2100MHz,20,2x2,9.327307404762548,11.44732936888334,33.87022213686633,332.84197993564976,51.44215628987094,-0.08153972578758087,53.9589223025733,14.566892690033448,28.041493659139505,20,0.31047218966968454,95.28200678880395,4.589572707522736,137.8556960956261,0,0.2191958630956274,1.1424501240514566,-0.7149100227977188,-1.6,-0.3034851150036399,-0.9382378558636618,-0.20699292945728237,0.9361873824868642,1.6,0.19781611144141825,False,connected_users_mean,False,False
SEC_359,Ericsson,1800MHz,10,8x8,5.751633504966249,6.124595141391767,44.57709924427814,159.59034342618313,51.51129124116509,-0.061069245437964936,75.3740324806612,10.230202716149535,26.945602774779477,32,2.6522234996464817,99.34148509080664,9.139612928652571,103.91357244915227,3,0.9906746819809152,0.22341491947574074,-0.63131634945299,0.1935483870967742,1.2833152536935004,0.7523343555565849,0.8337467740129493,-0.033927430152775766,1.2833152536935004,0.152298682285414,False,rach_failure_rate_pct,False,False
SEC_360,Huawei,2100MHz,20,8x8,4.793544401378518,11.388730995912642,43.41224575273128,199.21686763166915,51.571298680552516,-0.1270658647531327,43.15841397289144,16.632672978402343,70.6511537494449,26,0.18928138709095035,96.47357423428234,9.990093583415549,147.08018285111675,0,-0.3182080429884472,1.6683453725059336,0.6837866730550691,-0.64,-0.40400166274626326,-0.4211132927107765,0.9876026503750036,1.1782278423014507,1.6683453725059336,0.2088858021347477,False,ul_throughput_mbps,False,False
SEC_361,Nokia,2600MHz,15,2x2,3.1372769119409605,13.554117665201927,41.35012747339825,91.75760960935763,51.56701318909101,-0.05229882429789626,96.71550578787853,11.058068619467836,28.35814032247486,28,0.86662585086159,95.00906016934626,6.919451065436189,78.70077326898226,4,0.7459926171186962,0.32223581114177413,-0.6280909242541262,-0.2857142857142857,0.06414156075003433,-0.9626187947474255,1.0577630987288347,-0.6483275770641302,1.0577630987288347,0.12540231520031156,False,ta_mean,False,False
SEC_362,Huawei,2600MHz,20,4x4,6.063709444333756,3.4914472065193314,45.18153529329808,267.31109982255174,51.58547103611726,-0.06667658302412555,100.3280883603806,8.658221227351488,51.213917630241525,23,0.8108616217101048,96.11909043028214,6.254549414807296,91.2660433376791,2,1.851967745153269,-0.21565553520147526,0.025218596101893243,-1.037037037037037,-0.05368260702356798,-0.3553056051381805,0.3890558397345158,-0.10760005032348875,1.851967745153269,0.24084868325367073,False,dl_throughput_mbps,False,False
SEC_363,Huawei,2600MHz,15,4x4,1.3919802461752984,12.11094045509927,30.502749144180367,27.588890331089573,51.47317716191137,-0.1760876004495887,48.01941222716391,14.048749717140998,22.226799197738135,30,1.34561964651229,96.70220540049709,3.1863585540846584,111.59659675707142,4,-0.6894649471408698,1.2138800921197908,-0.812779317769684,0.0,0.5769538507388117,-0.37353043899659705,-0.15495000713297205,0.18052291388343272,1.2138800921197908,0.14354909323295137,False,ul_throughput_mbps,False,False
SEC_364,Nokia,2600MHz,20,8x8,8.98261627292706,0.8864083511737991,41.77920680097219,314.1488889168607,51.46360991451019,-0.08547142937688308,52.864636851956504,9.761418196875404,24.84018604347064,27,0.6916341408316206,99.95493084748342,5.0254180400711395,118.12397831722102,2,0.012264588146175127,0.011928815129143214,-0.8476163889812899,-0.4444444444444444,-0.1612363116494571,1.1620422621418725,0.043283837380332854,0.607593740478433,1.1620422621418725,0.13729300639905004,False,handover_success_rate_pct,False,False
SEC_365,Huawei,2600MHz,20,4x4,8.293324051412837,13.48271082270371,35.283884469382485,298.1220584422834,51.54988520119616,-0.14865130073804841,97.29295698792467,2.818947544797614,60.340896058571886,29,0.3178466988735787,97.6177079692854,3.3245310350404513,121.62973217358896,4,0.7630146538466221,-2.134182959896984,0.3352943542568434,-0.14285714285714285,-0.5233831549861456,-0.05500377453167418,-0.11006401033139102,0.4333200271320179,2.134182959896984,0.2961254337518894,False,ul_throughput_mbps,False,False
SEC_366,Huawei,1800MHz,20,2x2,3.1753144787673704,9.76152821338121,44.49705417098184,77.7816418481159,51.486222481019404,-0.039180866073281445,48.614879555122215,9.987990574494448,61.350884625651,28,0.18560273352946927,96.0235697379755,6.8367432414178255,73.36571342699573,3,-0.13989614643251072,0.16555613371961908,0.43271175209043033,-0.3225806451612903,-0.34077536770085987,-0.5186830035738026,0.37377483188389415,-0.7853599870520523,0.7853599870520523,0.0984434930338608,False,dl_payload_gb,False,False
SEC_367,Nokia,2600MHz,10,8x8,9.527975276012944,13.113400862075274,34.26680314659164,291.35678338269446,51.417509732805556,-0.11481245830661212,45.95725051161166,9.252472486168127,40.48816439650655,35,0.9697410971353283,96.67409172356726,2.649424567107744,74.20962589028214,4,-0.7502531011151765,-0.21608620094613915,-0.26271006972955435,0.7142857142857143,0.1745370732901458,-0.383311903345907,-0.3293756022687848,-0.7614875261105886,0.7614875261105886,0.096344971888762,False,dl_payload_gb,False,False
SEC_368,Huawei,2600MHz,10,2x2,8.252007674155681,0.0028259933487284616,41.59770398904027,283.08878390213334,51.4565602261341,-0.0010631669607025773,18.2011977882319,14.819642158865005,91.06559480467767,33,1.269367716428643,96.6515384377844,4.519074197745091,89.33739185538471,2,-1.3313047531382194,1.0554166473273756,1.344104319104265,0.4444444444444444,0.35993033453298545,-0.14468452585706512,-0.09915783145947746,-0.15895766831640384,1.344104319104265,0.16031372262751056,False,prb_utilization_pct,False,False
SEC_369,Nokia,2600MHz,15,2x2,6.663068858350397,2.536216055339888,44.042352314412504,227.59797519142165,51.4837164571063,-0.18149991241220725,84.44235550827148,7.307299944998899,68.82261624543847,38,0.8428573841687755,95.09862873231587,3.9996785282829537,144.4272059225679,2,1.2362301207158757,-0.49434424708644287,0.6079760319453313,1.1851851851851851,-0.024819606988640674,-0.7589708290892448,-0.24527116347214836,1.308016355833005,1.308016355833005,0.15551514970903144,False,dl_payload_gb,False,False
SEC_370,Huawei,2600MHz,15,4x4,1.217619111252748,5.846390811397381,30.66650909412292,134.46726368388752,51.45850328509525,-0.04393042745196829,57.13642483264124,9.002035545765183,33.02619376819342,29,1.3407524272046678,95.67591527085715,0.8542256746231597,69.97950449705391,4,-0.42071475074852105,-0.29075168963018894,-0.48747971470059726,-0.14285714285714285,0.5717429901771865,-0.7306029179959139,-0.9125546201807925,-0.8680706063248443,0.9125546201807925,0.11032306565897244,False,ta_mean,False,False
SEC_371,Nokia,2100MHz,10,8x8,4.782340230480723,5.692543550620779,36.36236127347258,97.73955150547243,51.466441114189465,-0.06525965329156871,8.381947018484084,13.802918128181377,52.52162417998278,36,0.1525932960374826,98.47598229851606,8.116326133715024,84.19224981530036,2,-1.7119030043493266,0.8456712578993048,0.0684969628010191,0.8888888888888888,-0.6474987016211701,0.5770128598421036,0.9127999058814827,-0.2959664756824652,1.7119030043493266,0.21617508822095913,False,dl_throughput_mbps,False,False
SEC_372,Nokia,1800MHz,15,8x8,5.0610755484675085,3.40095574385266,42.19694451235102,83.44209250416601,51.45875518123488,-0.04650023388185892,45.16980234188245,11.183225598172541,78.09253045177434,33,2.1410633175057754,95.60125493285368,1.1070804902064006,121.8957374326956,2,-0.2859904036619499,0.30524100022254064,0.9147625555508142,0.4444444444444444,1.1462766576385641,-0.5601463967679526,-1.058999814606945,0.7080310489253676,1.1462766576385641,0.13543632636659553,False,rach_failure_rate_pct,False,False
SEC_373,Huawei,2600MHz,10,4x4,2.325513583653801,5.724179098008001,37.27870223212139,114.69922659489858,51.408299833436615,-0.13849404090190875,69.57765313825809,9.485629525080599,28.871146271743026,28,0.8732204867447858,96.1536713830306,2.546882436195801,120.2906279424646,4,-0.053973725460498986,-0.14657255722203186,-0.6126381476581527,-0.2857142857142857,0.07120179902370483,-0.5643793965919813,-0.3626869080244756,0.3995796588509421,0.6126381476581527,0.08414150916904643,False,prb_utilization_pct,False,False
SEC_374,Huawei,2600MHz,20,2x2,0.7996539435930194,1.9327306800038224,34.27604207669752,325.2810396357109,51.527418940164885,-0.10158910212351989,75.20759476824736,7.730543000580898,76.45257604968253,28,0.13564096122059424,96.75368649202154,0.737321612360215,116.66255103453759,1,1.0679925112759414,-0.550540917775261,0.8845141506220995,-0.14285714285714285,-0.5442109272895388,-0.3810371574362346,-1.037369899236943,0.3185759927204643,1.0679925112759414,0.1265285479345184,False,dl_throughput_mbps,False,False
SEC_375,Huawei,2600MHz,15,2x2,7.767236304716927,6.191416938990391,33.51688558117104,27.95067935596126,51.5194584840707,-0.04069829605525832,103.32487589901442,11.055237180625092,30.97358318412012,36,0.6197577028436235,98.78867472251147,3.0700689037597484,102.42530742337907,4,0.9408228309466712,0.3213916434861067,-0.5493084962955549,0.8571428571428571,-0.20015626828218364,0.352405387190365,-0.19272726086999448,-0.05055893362238927,0.9408228309466712,0.11312835869909973,False,dl_throughput_mbps,False,False
SEC_376,Ericsson,1800MHz,15,2x2,1.2203505212439503,12.035314937388963,32.10429227066204,298.3936594510651,51.53067669969574,-0.15349173367582902,50.80284196848568,9.912096570345193,54.04659248139377,33,1.862987437249917,97.9120048243397,1.5684447534772539,68.04599135350792,0,0.06215789342964063,-0.04254286656384195,0.13872846483452492,0.48,0.9841825106246807,0.2031466208441176,-0.8752666354475119,-0.8955430414573617,0.9841825106246807,0.11755216444942121,False,rach_failure_rate_pct,False,False
SEC_377,Ericsson,2100MHz,10,2x2,5.942907505617747,7.186050946550268,43.714072957700516,125.60042701505648,51.43846197920672,-0.1547933606422696,53.644060316385605,7.696512204378408,42.620462717524674,32,2.2784994299569785,98.44499992494283,9.22159870148117,79.27672213293593,3,0.07258610497970923,-0.3818241717240685,-0.1465509131711275,0.1935483870967742,1.0372450977499332,0.40891142674572545,0.8501224966011454,-0.6399578368543274,1.0372450977499332,0.1231692130915561,False,rach_failure_rate_pct,False,False
SEC_378,Ericsson,1800MHz,15,8x8,9.364491738836605,0.2700013341782248,39.20568645202489,187.77578256408896,51.4591309083225,-0.08978980934101354,65.83305460474129,7.8524603760164045,77.89571609010954,38,0.307408029485516,97.83506162710086,4.741113656465817,133.7947052778685,2,0.5149258637795021,-0.3818802121529339,0.9082490115776127,1.1851851851851851,-0.5078421560804988,0.3234831223935591,-0.036694998094748826,1.0248859346901007,1.1851851851851851,0.1400572180658816,False,connected_users_mean,False,False
SEC_379,Nokia,2100MHz,15,8x8,8.761051925980425,6.321660623688711,31.222159119863296,286.01482811345664,51.52392318538899,-0.09528728409402885,50.15516023753643,7.556583656664754,36.41252174011622,38,1.2422488228399837,98.41796212610934,5.135461973779691,123.20911999767225,2,-0.09275585438318462,-0.4429181888803892,-0.4646315458267557,1.1851851851851851,0.3354667003999428,0.5540617525786836,0.07424074897451016,0.7430048120286851,1.1851851851851851,0.1400572180658816,False,connected_users_mean,False,False
SEC_380,Huawei,2600MHz,20,4x4,2.7775262374926113,0.4076252413626624,36.12128517713017,318.37555692826965,51.51992551369199,-0.14354750591741344,123.07171676902729,7.022333158708362,43.979480125145216,34,0.10534412410747593,95.01421076831986,2.9040564873723858,59.95045276673602,2,2.7335202588333423,-0.5531315558947002,-0.21420410868567305,0.5925925925925926,-0.6901216224791319,-0.792364141557374,-0.5534851060137614,-0.9414957295219675,2.7335202588333423,0.4337715167161909,False,dl_throughput_mbps,False,False
SEC_381,Nokia,2600MHz,15,4x4,8.514486375512654,14.493651160601972,35.883738412881755,124.12131122615293,51.50126606187085,-0.14038486989503546,46.566563385472456,12.802101279917007,78.97160707132522,37,0.03412144282806315,99.65449072185714,4.653288771471127,126.08372889114466,4,-0.732291849814932,0.8422032355315758,0.8964890451077416,1.0,-0.8271403217834696,0.6536448284700856,0.3215893485352382,0.5455439198508475,1.0,0.11920292202211755,False,connected_users_mean,False,False
SEC_382,Ericsson,1800MHz,20,8x8,0.003325061204894064,1.9118093913430345,32.907827051351404,166.26365325903973,51.47008265000204,-0.1444309673586869,35.98778430338234,12.398180075861315,52.18822347130839,28,0.8218876766100585,95.55460115437403,8.059673049563834,139.26335316293006,1,-0.7074570511528283,0.6048763607332037,0.04800915898794565,-0.14285714285714285,0.0016696716907562872,-0.8153204257119105,0.6331030854914476,0.8550214208579338,0.8550214208579338,0.10480138905910179,False,dl_payload_gb,False,False
SEC_383,Huawei,1800MHz,10,8x8,0.17687809613257222,10.615324894959281,36.96812200755505,149.22578333404522,51.58258620095494,-0.04569758760030246,59.2093761240622,12.80702336915738,50.15780693727521,34,1.1868783484260317,97.03124547988452,6.833320687440801,101.61492366141015,0,0.48044415866222195,0.6944320463495454,0.011075921258467158,0.64,0.4234126332089757,-0.1790913237829723,0.2893242741355327,-0.014730913188746152,0.6944320463495454,0.09066287413080475,False,ul_throughput_mbps,False,True
SEC_384,Nokia,2100MHz,15,2x2,6.0255316384286495,14.591644843381287,35.313589846290185,4.770372061407797,51.46795404845977,-0.06961982688750787,68.81470299407958,10.013498646305573,35.46670929223948,35,1.5885903958156482,98.85519185122428,7.733864065556148,112.78843542038821,0,0.9583790874262376,-0.016728470797151028,-0.47117128960903626,0.8,0.7565955755695767,0.6124773566744642,0.4885245297527244,0.2784498344855876,0.9583790874262376,0.114901783341861,False,dl_throughput_mbps,False,False
SEC_385,Huawei,2100MHz,20,2x2,3.647982191445295,12.390585774998579,35.46885928787492,106.53943998911637,51.49112383128745,-0.033516563317949444,46.988075046970636,9.272113636599531,62.081813618626484,32,0.41584313166865283,97.17615359004712,9.153762971583344,130.34455556728625,0,-0.12765452852725181,-0.20546628385259208,0.40249112408303056,0.32,-0.21608967659779643,-0.11620311426574953,0.8026062629648696,0.7391032567896563,0.8026062629648696,0.09998477665720472,False,ta_mean,False,False
SEC_386,Nokia,1800MHz,10,4x4,3.8646084115914716,10.489730626893055,41.82442492460734,165.30812414372227,51.53562276619084,-0.00490539433719564,34.840682438158915,9.32685367032599,20.86237710666666,37,0.0065467939946436725,99.73421275833758,8.771918785042859,79.12850811512794,3,-0.7218542333939407,0.007626071946660517,-0.8194480173450909,0.8387096774193549,-0.45867069887544165,0.902779327703531,0.7603040645608452,-0.6436036844500294,0.902779327703531,0.10936725076489434,False,handover_success_rate_pct,False,False
SEC_387,Huawei,2100MHz,15,8x8,5.644410906788825,12.591913642511503,33.57221416808314,147.99369919695832,51.50860428617335,-0.10516714074560272,76.41484377838027,13.063304718718324,22.97075778213761,31,0.6530023505176108,97.33794474249383,7.066526074783262,169.88793413864443,0,1.336541412716753,0.7596747755790026,-0.8813610459148549,0.16,-0.01938806693111067,-0.0459878869628442,0.3409093214512371,1.7766783312334273,1.7766783312334273,0.2273524268921554,False,dl_payload_gb,False,False
SEC_388,Ericsson,1800MHz,10,4x4,1.9178245559186058,14.726980398909415,40.269759341685685,259.8945219056446,51.46937719527288,-0.18666122371891025,38.114466577935346,4.5395565340125135,55.96151522814816,20,0.015980557002389973,99.37469702801336,2.9317416661398576,136.692339359396,0,-0.5691811406789186,-1.4102552477627557,0.20158735910925524,-1.6,-0.5477386526066614,0.8379357548726969,-0.5737052669625673,0.9056621720519393,1.6,0.19781611144141825,False,connected_users_mean,False,False
SEC_389,Ericsson,2100MHz,15,8x8,2.1175535066547835,9.320167458802944,39.13039398209496,138.52930219959717,51.487128958091304,-0.19038153791759294,55.08581676699468,8.456541689927732,40.50047442910724,23,0.0964938417937431,99.05414056681136,6.739325659377359,115.72084441610386,1,0.15709565776826678,-0.3708286958700399,-0.3549218643389363,-0.8571428571428571,-0.5753508256990412,0.4521384996674098,0.33188773620394396,0.2962239448933237,0.8571428571428571,0.10500058502026482,False,connected_users_mean,False,True
SEC_390,Huawei,1800MHz,10,2x2,4.846015870188647,8.387772102439897,39.08948019740588,176.17552162944128,51.5588961635707,-0.1408669921456762,69.71227717021678,7.337963117486748,77.19898233205762,36,0.3955479795860119,99.90493151399342,5.554747861664598,98.96476467445865,0,1.0030399361133968,-0.6978519327641256,0.8987244637837634,0.96,-0.2329226257973304,1.0680505318175721,0.00650387935029423,-0.0842681911735287,1.0680505318175721,0.12653496045003204,False,handover_success_rate_pct,False,False
SEC_391,Nokia,1800MHz,10,4x4,7.542535443438631,9.423571656949221,40.60811753826842,154.6590931676508,51.45562583109732,-0.013491082129509835,43.37592164868469,14.079662639765225,74.19144144336714,29,0.5747812917913134,99.63273890375487,7.45497307909378,114.84332333841242,3,-0.361241455709891,1.142960386830637,0.8298226768820213,-0.1935483870967742,-0.08452955350712021,0.8639070187513328,0.49725918737923486,0.23492842161189223,1.142960386830637,0.135048482437192,False,ul_throughput_mbps,False,False
SEC_392,Ericsson,1800MHz,20,4x4,6.194977514075877,7.9901383014233245,38.77411257913046,266.6254136019734,51.42845104795536,-0.09535738900582502,40.66808244114929,8.567627429658645,62.822375520602435,29,0.3277674511590476,99.4906191735644,8.496384835536233,53.19152504006665,0,-0.44212016376563557,-0.3848105979202121,0.4268006699271639,-0.16,-0.28914029724333756,0.8882444378644174,0.6571941751964948,-1.2853080172339861,1.2853080172339861,0.15255613391792264,False,dl_payload_gb,False,True
SEC_393,Ericsson,2100MHz,10,8x8,2.973550482368389,9.526336588645782,44.06808183754215,310.6700636353065,51.46263264036595,-0.14564269678397418,41.69468386955504,5.0920334936806775,69.08873486766808,29,0.8719515694580864,98.65802170259734,7.684493474677757,162.46263303728855,3,-0.4322735393486995,-1.0039728992772379,0.6720148375506116,-0.1935483870967742,0.1111354905667318,0.49051518949412004,0.5431032673548419,1.4062936429470965,1.4062936429470965,0.16886307726827116,False,dl_payload_gb,False,False
SEC_394,Ericsson,2100MHz,15,2x2,4.303371775089212,6.7476331195883885,40.80928147120416,191.4800684427051,51.569906843097584,-0.1201666410977961,63.52326884862147,10.670270926740368,60.0399109800616,28,0.056940567330558675,96.8349907363411,8.619050529651567,133.8667472032705,1,0.5390523890420712,0.17715328492674534,0.3186933147925958,-0.14285714285714285,-0.6068138034756874,-0.35159048517765057,0.760715776136743,0.7269293036811749,0.760715776136743,0.0962778022434537,False,ta_mean,False,False
SEC_395,Huawei,2100MHz,15,4x4,1.706647585499984,3.2766477432496064,38.75141202194221,284.19558991026884,51.41779794297127,-0.08028097851906585,65.9022155780399,8.889657415318258,27.53492616260964,29,0.15616236385359533,95.53062709282452,1.5747973600692147,143.92040790406764,1,0.64674541151527,-0.2636161202908051,-0.8019045649556912,0.0,-0.527887008631712,-0.8240033221469462,-0.846313703162399,0.9655597862786339,0.9655597862786339,0.11563407769302181,False,dl_payload_gb,False,False
SEC_396,Huawei,1800MHz,20,2x2,0.7462981433708171,1.8037083976751345,43.27620992460232,106.84320552714621,51.59833921467449,-0.06941006837243155,50.50588087643191,8.329213576945115,65.93260218135217,29,1.1882910770562722,98.44322526132196,1.2845803441371757,100.92271491051078,1,-0.050234389890582286,-0.40234723499535435,0.5218417642769426,0.0,0.2931282728302654,0.23087793782276167,-0.9125218999391578,-0.055019735448840944,0.9125218999391578,0.11031985414646615,False,ta_mean,False,False
SEC_397,Nokia,2100MHz,15,4x4,7.826960407441492,1.025114032983906,39.69834503893568,194.89305965661674,51.50820057978553,-0.169216098043419,78.246233796046,8.019904129822518,32.61151812313078,28,0.15331535800326682,99.89327040668982,3.3265051092963454,89.19132411761117,2,0.9960658614192621,-0.34733735264586907,-0.5904252327920372,-0.2962962962962963,-0.6468473380360525,1.137651169667284,-0.43464434668014823,-0.16284727260547854,1.137651169667284,0.1344295114869669,False,handover_success_rate_pct,False,False
SEC_398,Nokia,2100MHz,15,2x2,2.6538740918819457,3.9497367562980013,34.658307964562866,124.28278332119008,51.59696914879342,-0.0045936646909648104,50.47949838905192,7.901545662517579,39.406571306011806,40,1.0210270023314059,98.63302218665935,9.105994756977655,79.77078389949172,1,-0.05142870406801944,-0.508211270657032,-0.39263378844150126,1.5714285714285714,0.16007668766256655,0.29961835725438185,0.8718040220087979,-0.5570752210320601,1.5714285714285714,0.1933213698023087,False,connected_users_mean,False,False
SEC_399,Nokia,1800MHz,15,8x8,1.777663878512482,0.6918534650360075,33.31351869082514,149.1123332058589,51.587799284417194,-0.09104555460344224,69.38499821252248,12.125680944569934,69.15405272614521,35,0.056236672512893,99.64364684638667,8.412933258855766,124.40723826540419,2,0.6526006780012706,0.49966510910858203,0.6189448762570252,0.7407407407407407,-0.7344208755105448,1.0389072868012723,0.9962396761781666,0.7749092285961144,1.0389072868012723,0.12334883958249897,False,handover_success_rate_pct,False,True
SEC_400,Huawei,2600MHz,10,4x4,6.9161805556931935,8.507561698790784,32.43724457060286,263.66899133256067,51.49056274284219,-0.17286233644154414,65.27996390435386,10.67136209967353,52.19153650360689,39,0.5232057406771209,99.02152356477758,5.001181976110463,84.62358761031187,4,-0.1806604896041767,0.20694279074592753,0.0898191647726221,1.2857142857142858,-0.3035251078602661,0.4334194308207462,0.4346041338435302,-0.49909502854988497,1.2857142857142858,0.15260866484263105,False,connected_users_mean,False,True
SEC_401,Huawei,1800MHz,10,4x4,6.18051674287186,4.257426705352804,44.39128340073763,317.3984936397766,51.439698214921066,-0.021272949330773255,85.00634800558346,9.406102733108412,71.59644285100455,31,0.19529673567754055,95.8155733755834,7.306828006957444,94.37929200445879,3,1.3976387952640907,0.026556809743575136,0.749568969392935,0.06451612903225806,-0.334392571371271,-0.5983616448660719,0.4676688996937756,-0.26845675437004524,1.3976387952640907,0.16765186260555767,False,dl_throughput_mbps,False,False
SEC_402,Nokia,2100MHz,15,2x2,6.3318962601346405,12.368022121305483,41.362166908769055,43.73834079159555,51.43297695531302,-0.18507231378411426,73.55197123369567,6.705283369460991,32.78211919059585,26,0.11612522843054747,96.24601885295644,7.540034223323913,116.39197380025749,0,1.1940926648271544,-0.8589161442649691,-0.5592951398563741,-0.64,-0.4646779216552511,-0.5198693283911577,0.44564935565538555,0.37300274670088374,1.1940926648271544,0.1411334891529601,False,dl_throughput_mbps,False,True
SEC_403,Nokia,1800MHz,20,2x2,2.288946048466136,1.1136130948257965,44.99805501062913,228.47013233545698,51.44799787277399,-0.018452913364497447,48.08038046707227,9.493320029836237,56.46670631641323,29,0.8370932663199478,96.70932800881175,9.483424304362723,80.22015049490983,1,-0.16003486035247338,-0.11418671865683899,0.1955083450878497,0.0,0.013765083198805983,-0.397102858899897,0.9579083107679565,-0.5464091989015043,0.9579083107679565,0.11485391433465839,False,ta_mean,False,False
SEC_404,Huawei,2600MHz,10,4x4,2.3264553856268098,3.395272415122289,39.65266889143909,209.57177072800746,51.542026528112906,-0.000686868742203528,107.27715469613256,10.781883572800078,25.0274583528957,30,2.6357635680869693,95.84130222169001,5.942804259537613,131.3184029194957,4,1.0573276279549237,0.23989375951194664,-0.728417800504911,0.0,1.9581860605194104,-0.6730605848656628,0.7404946737675477,0.6774379318648706,1.9581860605194104,0.2608001447406906,False,rach_failure_rate_pct,False,False
SEC_405,Nokia,1800MHz,20,8x8,2.2080262978563914,10.953692206352189,37.5744141039186,42.62941410333548,51.4545899989463,-0.05991364016869924,70.75970736758026,10.89596334477847,58.58365961240178,30,0.05634503076236902,97.90825666336504,6.610513483243428,99.46776766330437,0,1.0551572126555213,0.20792465154537199,0.2876613779709767,0.0,-0.51426005961554,0.2015199683923356,0.24003930562868114,-0.07106994199875886,1.0551572126555213,0.1251167894222438,False,dl_throughput_mbps,False,False
SEC_406,Ericsson,2100MHz,15,2x2,1.737525956622945,8.98212444575237,30.95546382353423,76.28195895843928,51.46828505392086,-0.045910555785202034,73.29561614438973,10.482653148975308,65.75204226653209,29,0.5474105106746417,99.87725262067475,6.991438917314264,54.75642045112084,0,1.1813371331306566,0.102706362197527,0.522969360050414,-0.16,-0.1069667196420852,1.0560382570023403,0.32430003718478073,-1.2442468704305785,1.2442468704305785,0.1473230285742038,False,dl_payload_gb,False,False
SEC_407,Huawei,2600MHz,15,2x2,6.557236725616563,0.967369068737513,40.74627650473648,111.96089810376489,51.48975576079892,-0.13253943270650273,19.155307446293133,7.2322219995174155,55.0958536387233,27,1.2294117743353252,98.8072941671808,2.046563650985068,79.89991963695016,2,-1.2943230652440159,-0.5098324744099232,0.15369072932693267,-0.4444444444444444,0.3238865503123517,0.708070282113546,-0.7947099426229939,-0.410265951571662,1.2943230652440159,0.15372527830846866,False,dl_throughput_mbps,False,False
SEC_408,Nokia,2100MHz,10,2x2,8.480158852494014,13.158591857433006,39.3153401562917,60.09518549430053,51.58264653608429,-0.011684629453213247,60.79027173936253,2.7904702222239424,35.97389008992862,36,0.6211760343566367,97.1169337453373,6.915869426406452,139.24556349910793,0,0.5591052228307274,-1.8555282449374273,-0.45452266804236996,0.96,-0.04578504887854874,-0.1419037461869668,0.30758406072932004,0.9726559854928596,1.8555282449374273,0.2415002877052067,False,ul_throughput_mbps,False,False
SEC_409,Huawei,2600MHz,15,4x4,7.243174696766612,13.158926442392692,45.843342297401946,87.74261370876305,51.43787868357697,-0.09405720677832648,87.20172230937918,15.398856280155801,21.880560131532004,27,1.6424568163712665,95.02252240490144,3.3754777782362884,71.88992459912852,3,1.4903930820767732,1.4580847306749984,-0.7879593826736162,-0.45161290322580644,0.6184572331047085,-0.902161303152073,-0.3175734481117442,-0.8216622291032321,1.4903930820767732,0.1809970552011206,False,dl_throughput_mbps,False,False
SEC_410,Ericsson,2600MHz,10,4x4,7.920936337605432,4.956120058136608,33.826540444515885,96.33628759021471,51.40100531052196,-0.053522310680489044,85.59914882122769,6.071089377674406,27.166933037857145,33,0.19801849061389468,96.5663800556909,1.6636597848161856,126.82232461712856,4,0.41830598913706757,-1.1645865464010583,-0.6639724965340443,0.42857142857142855,-0.6516716180954086,-0.4207875363613543,-0.6496060458345089,0.5641537421681148,1.1645865464010583,0.13759463887243117,False,ul_throughput_mbps,False,False
SEC_411,Huawei,1800MHz,15,4x4,4.047984290851998,5.10608765024347,38.49179768458937,120.84257989406146,51.41201928207563,-0.015178456817744101,15.982558950290539,4.1051261239991845,91.35832428413266,25,3.2087820643941396,97.63379643846108,8.257625373219168,103.65020310083717,1,-1.6130776591681255,-1.4479691525415743,1.3983845603882514,-0.5714285714285714,1.9003444615100602,-0.06228000814812747,0.6782626236215553,0.009719053983833293,1.9003444615100602,0.24980444168018912,False,rach_failure_rate_pct,False,False
SEC_412,Huawei,1800MHz,15,4x4,6.540757953719981,14.835425375252608,40.415317361889166,269.78056300841723,51.580953268336025,-0.0049640048048983365,53.7171691927179,10.391546839012287,76.06521301055082,33,0.48639748154733,96.62125436925986,5.592223898228311,94.84899094812658,0,0.20716688616430806,0.07951300722965476,0.8615075650690134,0.48,-0.1575713771301251,-0.3570220609669041,0.01479358115081607,-0.19226159954622243,0.8615075650690134,0.10541146819859512,False,prb_utilization_pct,False,False
SEC_413,Huawei,2100MHz,10,8x8,3.5423624044477453,9.392642573897072,40.313458795877494,205.88839338621625,51.52950329296867,-0.03335912868066512,69.24710457947121,4.874444490307837,32.39206423832039,35,0.4178965081802671,95.5551746151193,9.796825375204794,175.37782452349825,3,0.7318127526757231,-1.0559497962362878,-0.46287744299961836,0.5806451612903226,-0.1878267888187672,-0.6981144443350191,0.9650174608033123,1.7239884232682738,1.7239884232682738,0.21822990623762048,False,dl_payload_gb,False,False
SEC_414,Huawei,1800MHz,10,8x8,5.2550462196864,7.969747808520887,38.980696687174444,355.0488019025045,51.45460812386556,-0.13939649860359402,58.09210060540058,7.585603754275344,64.10156894630592,27,2.0762928600101644,97.21382478430947,3.5351141902707246,61.47351271211037,0,0.42485156898282933,-0.6348089097743992,0.46879123296137015,-0.48,1.161099605440613,-0.09985431256737705,-0.4402392241709407,-1.0679977042101183,1.161099605440613,0.13718139288094525,False,rach_failure_rate_pct,False,False
SEC_415,Ericsson,1800MHz,10,4x4,4.816348465348623,12.572282753278866,42.43084816523561,149.30489770828956,51.43543850020224,-0.006690496689583519,53.25359665598544,11.646551277426484,71.98706379494249,33,0.8298081094025255,96.26626408482858,5.326031010745691,77.7959918503065,3,0.05608906468727771,0.5617472896160025,0.7616494302710908,0.3225806451612903,0.08338708304112297,-0.4257123593559349,0.07202730244605283,-0.6763816314497978,0.7616494302710908,0.09635906861012411,False,prb_utilization_pct,False,False
SEC_416,Huawei,2600MHz,15,8x8,1.768871451438544,4.279355075359747,33.27969935242906,271.391426581293,51.45885334732742,-0.07437609375128565,100.63607283380142,15.318061805422138,51.25293070685066,35,0.7265888557250162,99.5461618823075,3.5223713644138694,99.29709793049777,4,0.8615626189554968,1.5923139094775478,0.061546460119487764,0.7142857142857143,-0.08578249424023571,0.6159544657081631,-0.04579462521178715,-0.12937799631891336,1.5923139094775478,0.19659927717992498,False,ul_throughput_mbps,False,False
SEC_417,Huawei,1800MHz,15,2x2,3.870787603356308,6.437738900945353,41.610035204390655,313.72863169555217,51.422959385450255,-0.01387150472960802,56.270392676178055,11.16253542481713,60.15594775061947,35,1.2982026062196184,95.50877264250508,2.0870157018932085,172.4724817615025,1,0.2107204650963743,0.2990074260051873,0.3226936415052597,0.8571428571428571,0.38055830350148934,-0.8319185403662885,-0.7294595874268501,1.6432627013190975,1.6432627013190975,0.20477108845998165,False,dl_payload_gb,False,False
SEC_418,Nokia,2600MHz,20,2x2,9.63822275482351,4.016650132325013,39.915753142929425,244.4322574936951,51.58830658205689,-0.06477899483712965,86.55528961545106,8.68252218736936,68.90091900056889,21,0.8671059748074327,95.24576314362355,3.3845262566339103,99.36696469623077,2,1.3181283271039284,-0.21064236135232633,0.6105674507546635,-1.3333333333333333,-0.0029452393015274086,-0.7007686984166401,-0.41832217908589625,0.10811752661695703,1.3333333333333333,0.15886910488091516,False,connected_users_mean,False,False
SEC_419,Huawei,2600MHz,10,2x2,2.4858025771494208,11.83741269883097,44.33720178871317,148.27130655029856,51.556841234873055,-0.13855220763045592,117.00833494825261,9.845741336779474,35.64050946443562,20,0.17735269576439805,95.02657084577432,2.5115867754518266,108.22758815666356,3,2.749718698141672,0.131576135389715,-0.3624150482460169,-1.3548387096774193,-0.3462074183607973,-0.9006104382023535,-0.49012581811394657,0.07219103305106549,2.749718698141672,0.4377542623507628,False,dl_throughput_mbps,False,False
SEC_420,Nokia,2600MHz,15,4x4,1.3380373627948872,8.60024018452827,43.55511102453731,271.29406706847107,51.49247823538251,-0.1259950951714368,65.22418396763294,4.5742421284752925,37.81374045608258,24,1.1214642865391824,96.64034842242829,1.7100189696116865,89.92493501240094,4,-0.18230476384149594,-1.6108578958553572,-0.34326912705286716,-0.8571428571428571,0.3369724052486626,-0.3950520573621395,-0.6345460410776969,-0.36552109937021005,1.6108578958553572,0.19954475035390012,False,ul_throughput_mbps,False,False
SEC_421,Ericsson,2100MHz,15,2x2,4.185806216239353,9.882376052101058,35.04235262612085,73.32016959816654,51.57299252102304,-0.08990564457941191,27.26434492398136,8.64774367250455,20.03765099770737,39,0.14325725504398584,98.30193419100445,3.5394002563252536,110.7588573568571,0,-1.1090536707799186,-0.3644150352004449,-0.9776426580955487,1.44,-0.4421744181680784,0.37237082561922663,-0.4392911460723141,0.22519592228995594,1.44,0.17364664701900503,False,connected_users_mean,False,False
SEC_422,Ericsson,2100MHz,10,8x8,7.903377358601481,3.7846087475910983,34.41979719960245,117.91877946484767,51.449891640858645,-0.0419970316880236,51.085452664861954,8.650655188219167,77.78564785386814,30,1.639163911122611,98.65206876440897,3.099265221397528,91.78547780090615,2,-0.05669733227619454,-0.2172163735178173,0.9046063185812949,0.0,0.693519121302951,0.6466675885115589,-0.4985701341659494,-0.09376814913259322,0.9046063185812949,0.10954533778727904,False,prb_utilization_pct,False,False
SEC_423,Ericsson,2100MHz,20,4x4,5.821482297799722,3.3033795206597265,45.70645318163916,196.80669183574395,51.54342411369444,-0.136403489731933,53.21815017435446,10.45998598641154,75.05269367578069,34,4.579170887217826,97.26630841690861,7.606661779052902,120.85967813299766,2,0.025966911820300705,0.156040067186051,0.8141595795062481,0.5925925925925926,3.345664747253697,0.09850075174437983,0.7694241300593879,0.6804420634500893,3.345664747253697,0.585565898151036,False,rach_failure_rate_pct,True,False
SEC_424,Ericsson,2600MHz,10,8x8,6.809748272382445,7.32561943474408,38.4362428946441,207.1473794230134,51.57122649980275,-0.08405376677316159,91.2344031627868,15.826568838081313,65.87409582556582,33,0.47383114480655975,98.42164325227634,0.8938836230327085,123.22561979456484,4,0.5844213359673419,1.7439206414224613,0.5019655205117871,0.42857142857142855,-0.35638570815521664,0.22470578922813794,-0.899671544381945,0.47353036686167777,1.7439206414224613,0.22164954708250825,False,ul_throughput_mbps,False,False
SEC_425,Nokia,2100MHz,20,2x2,1.8969484817467719,11.063486236392402,44.50273542263099,7.970931170146605,51.47135374232465,-0.13087500128471968,51.60973871992942,4.189614133803283,24.744561258598885,31,0.5883474388700765,96.79957018107682,6.557164731218991,92.97684511515402,3,-0.013363725306948467,-1.2195396666925336,-0.6993864218340585,0.06451612903225806,-0.07559723097836779,-0.2214150117809946,0.31793221472385647,-0.3029548922323865,1.2195396666925336,0.14424630156030357,False,ul_throughput_mbps,False,False
SEC_426,Huawei,2100MHz,15,2x2,6.189481930077215,7.878596362802402,32.62209638048772,340.24110795216313,51.55149288909014,-0.03684611907297858,61.32678865958838,8.77696716527654,46.85017338197049,32,0.04754627637567541,98.33903109993308,7.845952078212458,66.23559885711808,0,0.58580084490781,-0.3315180125983271,-0.09749983633010648,0.32,-0.5215578115617829,0.38847039505345143,0.5133184056673837,-0.9430457637102018,0.9430457637102018,0.11335157815835599,False,dl_payload_gb,False,False
SEC_427,Ericsson,1800MHz,20,2x2,3.2350039491147378,0.4896851631850291,40.28510263680279,250.7858176382604,51.45901446985286,-0.10665438124640991,87.56925020407354,4.499471368024462,26.11350523829317,38,0.01382836066323651,95.20297992651187,5.326511108220759,102.80709541077208,1,1.6275948008916554,-1.3503537421538527,-0.8509075496660145,1.2857142857142858,-0.6411077631714561,-0.9426701740881773,0.009577538396834964,-0.010292681139265764,1.6275948008916554,0.20223152826579047,False,dl_throughput_mbps,False,True
SEC_428,Huawei,2100MHz,15,4x4,8.343033659547675,13.028272594804331,42.95776299776938,178.45335008348079,51.459771427051805,-0.18465543462942297,62.02271478315514,8.489907720248477,20.955216035767915,20,2.5436296006006467,96.95376492283502,9.384084820071266,142.06365245263498,3,0.4265831970343219,-0.19230063727647176,-0.8165768526817957,-1.3548387096774193,1.211814058453575,-0.1623465387730641,0.8825772446709955,0.9045086200508238,1.3548387096774193,0.1617639878592935,False,connected_users_mean,False,False
SEC_429,Nokia,2100MHz,10,8x8,6.292988060107362,0.9703034027269736,45.15832399338315,335.925804386991,51.42141143571084,-0.16678949570369273,64.65972951577203,7.40619357664602,56.970977912755835,33,0.13768177692533595,98.9542483881659,7.370926257128818,75.20018218662372,3,0.5379967361358418,-0.45117446592566696,0.2972574388585487,0.3225806451612903,-0.37232783707844347,0.6039928462625552,0.48047179374454757,-0.7402347444090478,0.7402347444090478,0.09451045604901753,False,dl_payload_gb,False,False
SEC_430,Nokia,2600MHz,10,4x4,1.988562777752959,14.337367255811284,35.39744225627238,158.07440349029827,51.48801160930188,-0.18777906647607356,72.08554332624523,5.5169610774958,77.6497650248113,26,0.5901912993265427,99.01503015229501,5.411919003261929,110.01750671179903,4,0.019953558587245505,-1.3297948429883262,0.8566724896290321,-0.5714285714285714,-0.23181015447444484,0.43116020721004095,0.5680340379711847,0.14073580961020085,1.3297948429883262,0.1583968280065032,False,ul_throughput_mbps,False,True
SEC_431,Nokia,2600MHz,10,4x4,0.6461667984408614,0.37712937415909087,41.599698718784836,352.95680529733386,51.54594238129948,-0.10013941079713495,43.8317154860857,12.739276091589337,74.172081405929,31,1.6893181791861689,98.58074389437847,1.9406809708774826,63.827787099621474,1,-0.3523685379503465,0.6893105667021575,0.8058949026230827,0.2857142857142857,0.6916744057043731,0.28068426897993815,-0.7628434282579888,-0.9354931061812106,0.9354931061812106,0.11259472720604848,False,dl_payload_gb,False,False
SEC_432,Ericsson,2600MHz,20,2x2,0.42633209287032736,10.416756841960632,38.621008144633905,184.42251260765462,51.58804416111426,-0.1787325405303546,23.292489289580733,10.766943111551289,61.80528889612426,27,2.201100920009079,96.02119310284932,5.5969621277861625,68.80577996570423,4,-1.418362194871069,0.23543939731397728,0.3794048278287816,-0.42857142857142855,1.4928348389433461,-0.6104719649132704,0.6281461893785746,-0.8976440308782264,1.4928348389433461,0.18135929618925126,False,rach_failure_rate_pct,False,False
SEC_433,Huawei,2600MHz,15,4x4,3.7140856765014076,1.233105955676725,30.970062817063493,41.142877199272604,51.52075939838582,-0.1771720061380736,63.32968690194634,12.387566888962137,25.798435049892284,26,0.7327151393856399,96.23602559465317,5.942196837323624,139.01097505908965,2,0.41789428854389016,0.553690948701797,-0.8159032711589508,-0.5925925925925926,-0.12417762726176303,-0.3090494257953807,0.3011866514793522,1.1637887863620087,1.1637887863620087,0.13750000215376895,False,dl_payload_gb,False,False
SEC_434,Huawei,2600MHz,10,4x4,2.658511366543135,13.660148691527093,41.039995796943096,275.3283500853398,51.57262710754715,-0.01179034799232459,16.941637740784806,8.405038525997517,36.44984226033801,30,0.8324840207485279,99.98044363632256,2.9759782469577343,120.7460014794784,4,-1.6055718297433679,-0.46874090380983247,-0.38435249879262634,0.0,0.027589208206714674,0.7670521504776079,-0.22329306450223216,0.4110533518519724,1.6055718297433679,0.19870176557290176,False,dl_throughput_mbps,False,False
SEC_435,Huawei,2600MHz,10,2x2,6.46090123462508,6.966498543383142,41.0415449318055,244.40318102802257,51.56449892985805,-0.02546898556478891,86.55485306293366,9.787850572659751,39.20340361311746,32,1.1077054235824304,95.5168900360098,2.044187328607719,110.46895390115283,4,0.44647812334001613,-0.056468109484426265,-0.30140966257696894,0.2857142857142857,0.3222421225507234,-0.7859318480815152,-0.5259898380673127,0.15211057348161686,0.7859318480815152,0.09849425871268462,False,handover_success_rate_pct,False,False
SEC_436,Nokia,2100MHz,15,4x4,4.993338349786183,2.062856622255231,44.88970887754459,278.2752196700112,51.434668610595054,-0.1095826806377268,44.25774523362718,14.783921923648943,65.78900346473367,23,3.254048964247799,95.90331349451205,4.46545611283255,30.346802070751153,3,-0.3239845207195674,1.3111913712253538,0.5699663510570016,-0.967741935483871,1.6795736109577055,-0.5647504154067907,-0.09986271344795997,-1.8435621521203174,1.8435621521203174,0.23931514917985325,False,dl_payload_gb,False,True
SEC_437,Ericsson,2600MHz,10,2x2,2.660192780053807,5.112235496847699,37.95699913870356,342.51913034124516,51.49716348578253,-0.0028389358299588385,45.44906550430703,9.991839414672661,68.13495075410685,26,0.9229880110270361,95.65013127825067,5.359530204700864,83.4132138568988,4,-0.7652333173797362,0.004349302477568458,0.5700670428752006,-0.5714285714285714,0.12448306973324029,-0.7395738258246046,0.551015284103669,-0.5295918750601937,0.7652333173797362,0.09667158374186169,False,dl_throughput_mbps,False,False
SEC_438,Nokia,2600MHz,15,2x2,1.4923777795017612,2.4723701302014307,33.68401473136824,279.5361489543665,51.42338470710508,-0.1999626943658674,77.94466769884407,12.423869647478323,43.10636737939522,36,0.8197886704982812,96.63827481841808,3.331125736972827,118.20442009260061,1,1.1918976214578725,0.611235504438049,-0.26508462456345777,1.0,0.0,-0.42283681692336467,-0.4456365257433112,0.35517330472230024,1.1918976214578725,0.14086762688361748,False,dl_throughput_mbps,False,True
SEC_439,Nokia,1800MHz,15,2x2,1.271997626874496,2.55872867335635,30.713021175178866,220.08117679799287,51.536430632312324,-0.07720410874532124,38.920517095372944,8.147631091849814,45.07303979705658,35,0.014640790499138552,96.05087917616962,7.629866877023091,56.528034762370304,1,-0.5746945749821486,-0.4472957897715443,-0.19728428705314752,0.8571428571428571,-0.6404615091705173,-0.6355790557593647,0.5350499387589801,-1.1087576985442749,1.1087576985442749,0.13110288790074837,False,dl_payload_gb,False,False
SEC_440,Huawei,2100MHz,15,2x2,8.646603921404177,14.221624802571633,36.650274986974495,308.6312048499027,51.58997993364922,-0.076714364525626,56.761643804761526,12.148052030092781,22.67054235657028,32,0.0844144269188769,97.48843979773886,2.022080868797839,89.38343830274209,0,0.35865165878280547,0.5266746628402923,-0.8912158610646383,0.32,-0.4909790948984425,0.01932498306862212,-0.7749222963239878,-0.33567173286797886,0.8912158610646383,0.10824597646212487,False,prb_utilization_pct,False,False
SEC_441,Nokia,2100MHz,15,4x4,2.4347796840486726,6.678691684271822,34.83066720124003,242.36871816763136,51.42741789161575,-0.10851138882602236,60.61439494733756,8.353241920584095,37.34820310512566,28,0.8607889189690198,97.3801035344006,8.25410539439636,122.99961131857951,1,0.4073699858386787,-0.39639930824641184,-0.46359530571671903,-0.14285714285714285,0.03261398516253111,-0.15416219539084738,0.6774595988581655,0.46899043367232707,0.6774595988581655,0.08927330000772307,False,ta_mean,False,True
SEC_442,Huawei,2100MHz,15,2x2,6.5171064791096835,11.832033958580393,42.17741289638201,146.92286045733232,51.54677662616051,-0.12061040541314144,39.47248755517337,4.310732871820982,47.077110630658396,27,2.7526353268148354,99.50752809725651,3.2788673347812165,54.66583859965582,0,-0.5016097120540101,-1.468507946444228,-0.09005043684574138,-0.48,1.7220630482791766,0.8955826878399858,-0.4969210457856164,-1.246623639302451,1.7220630482791766,0.21790160466424358,False,rach_failure_rate_pct,False,False
SEC_443,Ericsson,2600MHz,20,2x2,8.106859279862663,9.594083417665228,35.668284237456746,318.82311512703836,51.52644763017357,-0.10892337290387849,69.66117342546767,9.977251336236876,27.018982783115455,30,2.0150881506732525,95.17369973722391,2.26825262260194,49.6214023915361,4,-0.05151172452207372,0.0,-0.6684290573928456,0.0,1.293688973012713,-0.9053364951855307,-0.4532011467157569,-1.3810178785227476,1.3810178785227476,0.16534529592071628,False,dl_payload_gb,False,False
SEC_444,Huawei,2600MHz,10,4x4,6.140813111847361,10.146395435075885,45.1851391410375,79.88416588237423,51.51672100740162,-0.11700791278406392,79.83515446135995,8.589090572188114,47.19604764530128,24,4.050074483533484,96.59939788333881,4.419400080784322,55.18515651267462,3,1.1791565217239923,-0.16860818593260604,-0.005044996572176539,-0.8387096774193549,2.203698599290479,-0.29809643315147283,-0.10906188030721008,-1.2325750392778858,2.203698599290479,0.31081724051651083,False,rach_failure_rate_pct,False,False
SEC_445,Ericsson,2600MHz,20,4x4,8.595652316469458,1.9754015770805777,45.39696324780455,257.2708589671407,51.47802404693767,-0.053901504503540115,43.34155019529544,5.125655921808214,71.19054873546801,26,0.7504247398624835,97.98328945998546,1.1417436882060348,110.03455634834538,2,-0.35685421863933636,-0.9444071564187597,0.686342428934434,-0.5925925925925926,-0.10820200549491359,0.38211777911452216,-1.049248567810478,0.3921823781483277,1.049248567810478,0.12447144527071312,False,ta_mean,False,False
SEC_446,Huawei,1800MHz,10,8x8,3.923937215284745,3.512766702232285,39.93453744348333,317.3628437786725,51.47102632955076,-0.1729289130053432,53.222112843155244,10.574478555019521,54.8792611835032,22,1.5508432952730669,98.02400880921982,1.236679540162017,83.29004413411293,1,0.0727272664665854,0.15344103831234393,0.1407817343804167,-1.0,0.5815234193622221,0.07904663339614879,-0.9234496735749218,-0.4735431829847526,1.0,0.11920292202211755,False,connected_users_mean,False,False
SEC_447,Nokia,2600MHz,20,4x4,9.562221906489484,11.801255027316554,44.858564592238125,263.2739470931867,51.40904983780378,-0.160472155881774,42.8020804182136,7.319420545140035,24.73579130230474,34,1.8350866709694658,97.40063114507105,2.3444805913487303,126.34145879389345,3,-0.38548617515660766,-0.47190250294729297,-0.6996576441419218,0.45161290322580644,0.7452900014617124,0.008837673381823962,-0.5235033715507518,0.5177657006048209,0.7452900014617124,0.09494396370262928,False,rach_failure_rate_pct,False,False
SEC_448,Nokia,1800MHz,15,4x4,1.3314500417809694,14.561493097121744,42.17366951223193,251.0191508593885,51.443581741650405,-0.16389635432151528,58.48575469329304,19.277923835388044,31.50027912981646,38,1.0442140430275275,99.07832770407317,5.842607956613405,103.63055155703844,0,0.4444387252556491,2.3417591254066945,-0.6013725808362846,1.28,0.3050858034527277,0.7093153752575477,0.07017855165291664,0.03815696183395813,2.3417591254066945,0.3411348853073873,False,ul_throughput_mbps,False,False
SEC_449,Ericsson,2100MHz,10,8x8,1.021495296575381,3.940134638979776,38.74975425560202,270.949785865861,51.40303537645737,-0.1475058829757471,43.47254506057701,5.606673299758997,48.472661009513374,25,0.41362315095445085,95.31361085707229,9.168547476027046,156.4160415381412,1,-0.36862789686229297,-1.0762792539081751,-0.08008354556622946,-0.5714285714285714,-0.3230877060998357,-0.9026019982981058,0.8860743869577409,1.2621521592660758,1.2621521592660758,0.14958650511684468,False,dl_payload_gb,False,False
SEC_450,Ericsson,2600MHz,10,4x4,6.586921462074436,4.073531471265598,32.88492696676445,167.41988938823198,51.516283421116405,-0.09494831624368334,42.67778848400472,6.361225172649581,41.689228989308724,26,0.6348375839388415,99.07743882790068,6.0325416107360335,62.875534052519555,2,-0.382581899137777,-0.6895150265368478,-0.2899996520431893,-0.5925925925925926,-0.21247181590404574,0.8149317206035958,0.326601911269421,-0.8636044108194391,0.8636044108194391,0.1056093641883131,False,dl_payload_gb,False,False
SEC_451,Ericsson,1800MHz,20,4x4,9.428311414132617,7.093456992163572,37.33756709622144,314.70144557652935,51.42117064717558,-0.17775825053235628,41.30039601288764,12.608653319943372,41.52362117276593,32,1.9513443935567776,97.47377120217851,5.414018139288779,109.95315115327296,0,-0.4106579609739109,0.6439320648632769,-0.2723482383007403,0.32,1.0574664234962161,0.012959005968460748,-0.024625544674640298,0.20405507129627917,1.0574664234962161,0.12536978049299238,False,rach_failure_rate_pct,False,False
SEC_452,Huawei,1800MHz,20,4x4,8.08883461636328,14.757604692831567,38.97399141380188,73.23713104899284,51.574603878805945,-0.02636614093469919,41.93488128209837,9.600934358079733,51.75604688861541,21,0.3546027010638168,95.668803475385,1.333467943241435,76.1435568692605,0,-0.3790877004251933,-0.12175687100097166,0.06353944559500763,-1.44,-0.2668829425526996,-0.7703731929474094,-0.9272435216259944,-0.6830717644353762,1.44,0.17364664701900503,False,connected_users_mean,False,False
SEC_453,Huawei,2600MHz,10,4x4,0.7641685943805143,4.034384187397066,43.82338529176016,45.859109760122145,51.504628604139434,-0.14052769373830554,99.04171987620626,12.547606927786655,55.06375529536744,26,2.5736477858028612,99.42850956770239,4.072092228164648,118.00638097444089,3,1.9906314825518892,0.7769882988911344,0.23827409817276274,-0.5806451612903226,1.2315788531589007,0.7856714389482262,-0.17843266076069333,0.31273500325601755,1.9906314825518892,0.26710345109671924,False,dl_throughput_mbps,False,False
SEC_454,Ericsson,2100MHz,20,8x8,2.7936771393471638,6.104578644513959,37.70133402457064,102.78316084266416,51.53993798181174,-0.16749240250625844,52.59957048928691,11.141173161693702,67.81169421657147,29,0.2611132911105095,98.24614389770481,7.34316039932766,103.5980767081852,1,0.04454527025936042,0.2937194553419222,0.5866227990119007,0.0,-0.444402929582929,0.1594992494003034,0.46964261303251176,0.008481798559685333,0.5866227990119007,0.08215828948834503,False,prb_utilization_pct,False,False
SEC_455,Nokia,2100MHz,20,4x4,9.303188848378237,13.3722002343526,44.36279476284731,191.36786283899752,51.4821714183681,-0.06487573808035135,35.65583813652301,8.253078616206453,40.45799380774908,29,1.3843618901723602,95.8177284341207,4.052480792725303,70.20637528538857,3,-0.6874140081839024,-0.2488735419126664,-0.21342807751724416,-0.1935483870967742,0.4485204698912147,-0.5975360913122386,-0.18234982120488927,-0.8630750745852039,0.8630750745852039,0.10555937562804789,False,dl_payload_gb,False,False
SEC_456,Huawei,2100MHz,20,4x4,2.5305843280078455,0.04381548932043011,40.7895836643755,183.80224634736172,51.51211596180021,-0.19238273988013616,74.73599430800729,5.862722820761104,68.3279769824352,38,0.9957648609055418,95.16824861699513,1.9995697295348922,95.28543261673371,2,0.8600075162555184,-0.7923537190160197,0.5916060142129308,1.1851851851851851,0.113116424762274,-0.731431210114317,-0.8079299959486935,-0.0005686550436455829,1.1851851851851851,0.1400572180658816,False,connected_users_mean,False,False
SEC_457,Huawei,1800MHz,15,8x8,7.8117042378691925,0.5964894748285432,32.191985008858744,295.4155527635712,51.588531835393326,-0.07600628702516717,59.39735602265837,13.213249242184096,40.31667374675796,35,1.3846934078128468,95.70554824166325,3.507111578850935,102.19294231634953,2,0.2654755051830011,0.7240253378712753,-0.3354241772271253,0.7407407407407407,0.46396428086415775,-0.5188909709728282,-0.38383719790858967,0.18336983653555833,0.7407407407407407,0.0945537672048372,False,connected_users_mean,False,False
SEC_458,Huawei,1800MHz,15,2x2,8.251321959287038,9.061075156068288,45.919701909201486,145.64471630544625,51.41654680792473,-0.06036031386470006,44.95516447130507,6.134649443232101,23.32597933647403,22,0.5750931992705915,98.04398980090197,7.944299780210326,82.02073180014325,3,-0.2945186460901647,-0.7549164628872151,-0.7432579133110013,-1.096774193548387,-0.08432418508616274,0.25529363525865284,0.5949966122521333,-0.5724592210302072,1.096774193548387,0.12974381218304817,False,connected_users_mean,False,False
SEC_459,Ericsson,1800MHz,20,8x8,4.954521034609818,13.610702470692704,38.4357225720626,174.36399346494312,51.45078755438474,-0.15701669372265617,26.692487214574665,11.676717883492483,53.25125906028747,26,2.697719683429972,95.89648117630024,4.1611944905499545,121.81501644950731,0,-1.1375077543636403,0.4066849478028045,0.11262099939487953,-0.64,1.6765156076099441,-0.6715640721777693,-0.3017502197728244,0.5152974641427239,1.6765156076099441,0.21023916551349303,False,rach_failure_rate_pct,False,False
SEC_460,Ericsson,1800MHz,20,2x2,3.863489098483155,3.582849906028915,36.26973274254526,4.812365973382429,51.55599766538211,-0.19160718531127316,43.631096307797094,12.756996271770547,55.27413949368887,31,1.0009563234931231,96.12881537437514,8.307833416171391,69.06722149993256,1,-0.36145040826245356,0.6936969836470572,0.15439502476149902,0.2857142857142857,0.14411130095763353,-0.6073522183433743,0.6897167555472146,-0.8111315629888063,0.8111315629888063,0.10075457035691104,False,dl_payload_gb,False,False
SEC_461,Ericsson,2100MHz,15,8x8,4.501244324197597,7.044626620210635,40.54582023151242,147.50612511945806,51.41974744137653,-0.12727092821611008,46.69230373013494,9.619246587910117,76.0724147373116,27,0.3400929097304767,95.12569862878158,3.8756930662672824,162.7302567409949,1,-0.22287198796737392,-0.08301511755010132,0.8714082235466785,-0.2857142857142857,-0.38157794178676174,-0.9706598204470788,-0.32140252526497815,1.4120243566599782,1.4120243566599782,0.16966890038136018,False,dl_payload_gb,False,False
SEC_462,Ericsson,2600MHz,15,8x8,2.2696469436536413,6.756979524867274,31.742293023696625,233.19872386212316,51.41513222078082,-0.1802811539516127,8.330322745763075,0.908755739293659,63.563679563748465,20,1.0173689592199824,98.61465336119302,1.730396742007054,128.61070901880564,4,-1.8594151330550341,-2.7036892172755533,0.43237111056683564,-1.4285714285714286,0.22552761480586958,0.29185892270608166,-0.6279262234393752,0.6092142736325336,2.7036892172755533,0.4264595897415094,False,ul_throughput_mbps,False,False
SEC_463,Ericsson,1800MHz,10,4x4,8.893909161288443,7.094570191432653,40.18461834805367,5.582999025573185,51.472308279750806,-0.1767044300653326,59.10884764489483,7.0488216860169395,75.06635914966637,26,0.33801547288782385,99.05182199879718,4.922635235622474,110.46223357160609,3,0.3034726787919639,-0.536542208078794,0.8568806451926837,-0.5806451612903226,-0.2404226487206353,0.6413710611104934,-0.00854640051188067,0.1271600348621446,0.8568806451926837,0.10497594608314567,False,prb_utilization_pct,False,False
SEC_464,Nokia,1800MHz,10,2x2,4.506196567297579,9.337795435946179,37.97177600798837,101.11750746704774,51.41843359169449,-0.1491477537110271,62.09873143116103,11.388228150112905,74.50083261458057,28,0.34761948544345433,98.98424088386062,5.070470610602251,185.35942824091572,0,0.6242106167494217,0.33324278124403134,0.8101555081349028,-0.32,-0.2726748732220685,0.6684829356121973,-0.1006182810536817,2.182633442427386,2.182633442427386,0.3063229523865544,False,dl_payload_gb,False,False
SEC_465,Nokia,2100MHz,15,4x4,8.824594404560997,7.046156444860257,36.50678511997733,74.86428934418038,51.51701568844124,-0.14090641507464816,25.827988537421792,1.0,56.274446615494526,33,0.5101567002466688,95.63784075682142,1.1449739669440326,90.72103522320205,2,-1.0356871658536786,-1.7955105845378454,0.19269610025499906,0.4444444444444444,-0.3249449709041924,-0.5456740997137809,-1.0483398448127923,-0.12211294640829755,1.7955105845378454,0.23067753740582583,False,ul_throughput_mbps,False,False
SEC_466,Ericsson,2600MHz,20,2x2,1.056934799062741,6.712022119836868,45.248320338862385,15.114754407451763,51.44525505016332,-0.09400593179571588,79.69135847617295,12.147179017170432,51.66572392018685,35,1.9134554691449828,99.51650563694379,1.4373839580498546,118.34127602693042,1,1.2709689208738932,0.5427440750695971,0.029996171366371106,0.8571428571428571,0.8699662581136033,0.6195973180594102,-0.8776622908096241,0.35842167351326787,1.2709689208738932,0.15071155730881708,False,dl_throughput_mbps,False,False
SEC_467,Huawei,2600MHz,20,8x8,9.882752710001313,7.114326306468907,38.360635467712854,172.5336323692335,51.579139592639876,-0.06432162289939738,71.40864393191524,10.358429022927142,53.44645802981599,32,0.6937431068767503,98.3613941473704,1.8650339182687499,106.68041390797623,4,0.0,0.11364464925338882,0.1276199388526327,0.2857142857142857,-0.12094725803512735,0.203743590893638,-0.5841886874173515,0.05665367651547548,0.5841886874173515,0.08197492384576865,False,ta_mean,False,True
SEC_468,Ericsson,2100MHz,20,8x8,4.432730874436182,8.863011619065622,33.50587967151901,65.42038556213635,51.55670001616905,-0.08144581182596305,90.16965914254817,9.331552900840954,78.69984846063487,36,1.136005300843106,99.48764311188432,2.022285856408074,123.92403079623473,0,2.020943598107855,-0.1903345552693574,0.9479916133106375,0.96,0.38121815138879167,0.8869528663280652,-0.7748769530508601,0.5706356976692256,2.020943598107855,0.27307905426668977,False,dl_throughput_mbps,False,False
SEC_469,Nokia,2100MHz,20,2x2,0.47830820394105467,8.055112325270375,37.34341567003678,267.5093542672968,51.5399410412199,-0.17032793254209666,50.970416586445566,10.726906823991543,66.39006150481754,30,0.49752733966442936,97.23580252265332,4.073734678792274,144.88349101199861,1,-0.029205228522881554,0.191172818410699,0.5376125130044163,0.14285714285714285,-0.25634542848621533,-0.2064249602079422,-0.27622261736077813,0.9884192196399374,0.9884192196399374,0.11799236636221261,False,dl_payload_gb,False,False
SEC_470,Nokia,2600MHz,10,4x4,0.38021848237454914,12.812039964757565,44.71019847316276,305.25403815480547,51.5233888054769,-0.16558279350947472,60.990303034619146,5.879330824203613,26.37595428754375,24,0.30598921667776824,97.18477430541849,6.777123990387213,116.46848129834078,3,0.38296393116839467,-0.8159060779287034,-0.648933470017435,-0.8387096774193549,-0.2615096123364507,-0.07385213666752574,0.36186656680192153,0.2749049253763111,0.8387096774193549,0.10328088840458877,False,connected_users_mean,False,False
SEC_471,Huawei,1800MHz,15,4x4,7.462072574818386,0.7424528024049992,32.817527541289515,196.4106657608932,51.572693146068296,-0.024246150041417114,51.65553285075373,2.7610219357723516,66.705704406884,29,3.0931281626957112,98.92268259342448,5.583002844943702,131.25381685945598,2,-0.03460078673638804,-1.432220035123378,0.5379171285645931,-0.14814814814814814,2.0051231281818325,0.7537146164514693,0.2001403121444222,0.9572251997395783,2.0051231281818325,0.2699498810571724,False,rach_failure_rate_pct,False,False
SEC_472,Nokia,2600MHz,20,4x4,6.5903553420368075,12.499756072095188,33.42331261901179,353.41464330761096,51.44461241230855,-0.08832953698717727,74.80721351975777,11.405725209861885,30.23228293389355,40,0.9252841696812709,95.46648927738372,4.653602950385072,83.48836028960226,4,0.10018262381660095,0.42588645139571124,-0.5716379588946376,1.4285714285714286,0.12694134453418235,-0.8034675558763229,0.32169141107062094,-0.5276984688148153,1.4285714285714286,0.17201283293576136,False,connected_users_mean,False,False
SEC_473,Ericsson,2100MHz,10,4x4,8.021305581275875,12.65886918917586,30.20847308411334,162.1722857294143,51.574621768552845,-0.026012433420462194,20.16441039273477,13.949638516554069,46.84103294033754,28,2.7173635144223183,97.60437018317442,4.207478306707253,93.81549554608604,0,-1.4623270939897604,0.9853128724525422,-0.09779987874967867,-0.32,1.6928083462813248,0.06963724206160064,-0.29151223653567254,-0.21937939037369145,1.6928083462813248,0.21295716151829366,False,rach_failure_rate_pct,False,False
SEC_474,Huawei,1800MHz,20,8x8,1.0536753395280596,4.273620322964413,30.227040790332275,184.81255568096958,51.557898459684814,-0.12569069773602515,56.12456695126756,4.781794084189789,32.62758033059205,40,0.22741893048469097,99.18192117815613,3.9113898547883146,149.1486268078901,1,0.204119050749532,-1.280468157839596,-0.6263371098412875,1.5714285714285714,-0.47120538611671553,0.498417925972417,-0.31325889526069095,1.0896551220248851,1.5714285714285714,0.1933213698023087,False,connected_users_mean,False,False
SEC_475,Ericsson,1800MHz,15,8x8,0.3557086703554835,6.942779325237759,43.2702660313362,356.11839142479005,51.549632165277536,-0.07711999851373524,45.34162863982127,6.842559769010761,61.37498393199379,27,0.15887166405576028,99.15096281534785,1.2083209472350753,117.9056849058808,1,-0.28401597284790076,-0.770350459998567,0.36471948362936,-0.2857142857142857,-0.5257318734827795,0.4872054638075305,-0.9299192160129802,0.34808262164701625,0.9299192160129802,0.11203900140807711,False,ta_mean,False,False
SEC_476,Ericsson,2100MHz,10,8x8,5.085792894475785,6.578077328061532,41.71396170948729,83.35743694741757,51.51225113561498,-0.09526731678907785,49.59963177259222,12.25697467908231,72.63858417158214,28,1.9367129233654798,99.78066428171185,5.503002901084201,107.44970934574566,3,-0.09829048972936248,0.7075630880131832,0.7817985455283804,-0.3225806451612903,0.8122035074497638,0.9205738421164359,0.10737541812645043,0.053056354466165426,0.9205738421164359,0.1111126305074871,False,handover_success_rate_pct,False,False
SEC_477,Huawei,2100MHz,15,8x8,3.8759523148276953,3.2776475153119544,35.68065690323133,339.3165382836859,51.44924883219412,-0.1361753020359075,36.89647199164163,11.076669279840557,37.42171312200085,34,1.1423046882911772,98.49136296765273,5.352481060764997,77.40267372749449,1,-0.6663214837091849,0.2777522971370364,-0.4610610738284958,0.7142857142857143,0.25654802132438514,0.24831239371698435,0.015502152164949252,-0.613283928487529,0.7142857142857143,0.09231302875229802,False,connected_users_mean,False,False
SEC_478,Ericsson,2100MHz,15,8x8,4.619469366709557,5.951952706294747,41.17297851564116,15.42151984288077,51.48470958319838,-0.10601692559328094,33.59128654681646,18.889325368920126,24.920644472491258,18,0.20650585268113344,96.03885314719864,2.4204765356301072,128.9978824340485,1,-0.8159445946372142,2.211681111819912,-0.8920310035762238,-1.5714285714285714,-0.4878408660132547,-0.6399346282961293,-0.6533860311383219,0.6113634830155651,2.211681111819912,0.312529750655705,False,ul_throughput_mbps,False,False
SEC_479,Nokia,2600MHz,10,4x4,9.91588408870274,0.6658165825628165,36.323294820959525,160.69928049475013,51.55871413090776,-0.0995018246346136,94.77485251670201,13.226972406477696,37.9095858844978,29,0.31383400690803015,95.1014015744729,5.515241201302232,76.55603737052618,2,1.636722009992032,0.7268563621729348,-0.41508641582379074,-0.14814814814814814,-0.5020453576197637,-0.7578739726834349,0.18107800547297215,-0.49930942553720487,1.636722009992032,0.2037080595050462,False,dl_throughput_mbps,False,False
SEC_480,Ericsson,2600MHz,10,4x4,9.707499576706702,4.167331091726016,45.24634873596524,25.201264367903676,51.406355696871465,-0.1598458050486643,99.94027476996354,12.506273415679145,60.34171147593166,23,1.612763142515363,97.39707899313551,3.803848280959318,67.71502432689682,3,2.0285953132245913,0.7671146946810613,0.40150175952944045,-0.967741935483871,0.5989061055513503,0.007476925354155408,-0.23201132830073892,-0.9243586565054651,2.0285953132245913,0.2746006068952085,False,dl_throughput_mbps,False,False
SEC_481,Huawei,1800MHz,10,4x4,9.423153896731929,12.25023263176077,45.47284290281656,262.5245074489115,51.55641015385275,-0.13699792552465367,56.271479081558525,7.708633900015352,39.725607653267,23,0.6048957094641694,97.56851932811277,4.05094573145416,103.44777253086764,3,0.18359421566977122,-0.37892858364138027,-0.23607807215841617,-0.967741935483871,-0.06470139670933633,0.07315179003245245,-0.18265643217731592,-0.04538542540364506,0.967741935483871,0.11585741769960438,False,connected_users_mean,False,False
SEC_482,Huawei,2100MHz,10,4x4,7.838426767676738,4.268434526443463,36.28470041294949,219.0272169168064,51.44801414809751,-0.04171804989860489,22.838035991605484,11.574417389172048,36.6867300532282,20,1.1103018658471417,96.20131292249465,2.3221801812063427,27.925223994139287,2,-1.151578972349533,0.3859420282970778,-0.4555566597759385,-1.4814814814814814,0.21643890635339433,-0.32278075800386496,-0.7171751229158821,-1.7942882016393782,1.7942882016393782,0.23046067814253882,False,dl_payload_gb,False,False
SEC_483,Huawei,1800MHz,10,8x8,3.548413602568904,12.273100031223713,43.66755050145389,254.3883348483347,51.42886184014432,-0.016842352109174563,57.24595038891985,14.486240987426111,31.066111435055895,29,0.3832419158856255,95.62348723561801,5.969447442739112,118.33230149112924,3,0.22476550522046312,1.240082394627785,-0.5038842584679228,-0.1935483870967742,-0.21064432084764606,-0.6719454444455353,0.20054239275371927,0.32075217025365993,1.240082394627785,0.14680065944679452,False,ul_throughput_mbps,False,False
SEC_484,Ericsson,1800MHz,10,8x8,4.121309302627716,7.9739919690664625,42.36942466715946,134.8129439884861,51.42314026363606,-0.1280411812909401,23.06095172994971,9.506827704781283,49.85098561246601,18,0.48002156606833646,97.93104083095254,7.7753532347992875,111.30832590223865,3,-1.2195463667109339,0.05061763723343321,0.07706241406210901,-1.6129032258064515,-0.1469219504035664,0.21202547250123882,0.5612514676443098,0.14797266604912748,1.6129032258064515,0.19987164481326566,False,connected_users_mean,False,False
SEC_485,Huawei,1800MHz,10,8x8,5.4961604371892445,13.1979401604174,34.95999899474863,133.0134962512969,51.40545000239016,-0.13860554355819638,40.08236547757602,9.648356278788604,36.55692968943126,38,4.679092181001791,98.82127837012071,3.537994174164745,89.41589324092419,0,-0.4712638461253759,-0.10968445317716158,-0.43538391970109375,1.28,3.31988060734835,0.5977593529498533,-0.43960217154049114,-0.33482015072914895,3.31988060734835,0.579295154969097,False,rach_failure_rate_pct,True,False
SEC_486,Huawei,1800MHz,20,2x2,8.305344564048399,8.621693313966228,33.712637262417694,16.314940425922057,51.50471729704429,-0.1609605670856235,62.983376731358625,10.424060579820798,63.86062094836899,31,0.28450989204004146,99.9657705179508,2.969149164190503,92.13645524319888,0,0.6682281597495585,0.0877901807010782,0.46088191925474886,0.16,-0.3250184366226861,1.0944538575071958,-0.5654307258857313,-0.26343557449863836,1.0944538575071958,0.12948204722066736,False,handover_success_rate_pct,False,False
SEC_487,Ericsson,2100MHz,15,4x4,0.6871283251826776,0.4450233459710973,37.33175440628534,125.98017823067032,51.443651974538746,-0.06430176626988376,59.86397722556737,8.006503955583295,24.597344119532163,44,0.7061440289524259,98.79151308605259,5.697414676581193,96.42037286000804,1,0.3733991736403576,-0.48223011073071154,-0.9031766691435961,2.142857142857143,-0.09039956564709387,0.35702039830968,0.0941930333234323,-0.16188588980842789,2.142857142857143,0.2979366301210704,False,connected_users_mean,False,False
SEC_488,Nokia,1800MHz,10,4x4,4.242968858848881,10.131303113206338,42.501581449830496,334.5438248143414,51.59788635315593,-0.13538005966673256,56.85451046800205,10.806890542369942,59.84198198667905,19,1.8604817264163516,98.9681620712779,2.3980897225901523,76.32617867357975,3,0.20822721804457286,0.36117208209133084,0.3860469749402758,-1.4838709677419355,0.7620108010056178,0.6093228595040661,-0.5127955593155844,-0.7125368812416396,1.4838709677419355,0.18003224652354563,False,connected_users_mean,False,False
SEC_489,Ericsson,2100MHz,20,8x8,0.8261766345926869,0.6728035203535299,45.362684555659925,136.52155338496163,51.514887351174444,-0.002450092180162289,69.69353980879676,10.731916414827044,34.253600874066194,31,0.2734152803955608,98.08230439114399,6.999520479348565,105.5371788249488,1,0.8183756378406388,0.19241288221948336,-0.5702806254688972,0.2857142857142857,-0.434617210935428,0.10016005631042618,0.39124686711369405,0.054507707698668036,0.8183756378406388,0.10141280674923873,False,dl_throughput_mbps,False,False
SEC_490,Huawei,2100MHz,20,4x4,5.146575865735116,6.758955284747009,42.21726510186516,299.2923742399092,51.427577053871204,-0.13486303958720935,58.4002272111189,14.43995923954197,49.35675566309619,32,0.5365088945652714,99.92961329485009,6.448092651498074,92.51815208843455,1,0.3071363770624452,1.110294174193661,-0.049604694403383144,0.42857142857142855,-0.22533722974186385,0.7692161468387123,0.2654477577222054,-0.2545077569705631,1.110294174193661,0.13127801463011032,False,ul_throughput_mbps,False,False
SEC_491,Huawei,2600MHz,20,4x4,8.989008240062354,13.941400417096709,43.68331176029392,303.23718170997626,51.53775250816227,-0.12117279064347437,29.57206743658014,9.43182267246789,37.165395321875636,32,0.9547490828613032,98.19978192557285,1.2486169124260003,103.37356459865856,4,-1.2332535487282201,-0.16261457937105883,-0.3627985935829895,0.2857142857142857,0.15848657484691822,0.14751458214921437,-0.7844347245537197,-0.026666434759743764,1.2332535487282201,0.14594740627028416,False,dl_throughput_mbps,False,False
SEC_492,Ericsson,2100MHz,15,8x8,7.8248492456393794,2.4780590900677524,39.64902889872826,134.36681629652418,51.579548713301946,-0.07933316075759306,44.457037306154604,12.02418563819052,63.36612056064774,28,0.6562139884720007,99.30126643199853,1.3286834144323647,95.3281424399577,2,-0.3136174734337313,0.4787271043804379,0.4273940648478232,-0.2962962962962963,-0.1931884134352293,0.9034714669896232,-0.9966597845563722,0.0005686550436455829,0.9966597845563722,0.11885266665762959,False,ta_mean,False,False
SEC_493,Nokia,2600MHz,10,2x2,2.2784241754310997,5.848085294123162,43.36652529347401,227.51592494262806,51.54903589907392,-0.03966314136173901,74.06380970105113,9.521304154023847,76.7184224150982,20,0.6152648353812642,99.72892323120477,4.607818511308084,89.42413982526257,3,0.9353179351708865,0.054075720587601225,0.9079728509640639,-1.3548387096774193,-0.05787408041274921,0.9007530310405837,-0.07142744884053338,-0.390346235041597,1.3548387096774193,0.1617639878592935,False,connected_users_mean,False,False
SEC_494,Huawei,2100MHz,20,2x2,9.759908495987924,10.947904632727177,42.55073372805468,34.333776818301104,51.415287972207885,-0.10609626693087326,47.618874098459415,11.919278325346733,75.02460676818879,34,0.4502162668850818,99.6492925025028,3.648643965898667,108.35477870312911,0,-0.0962676841421057,0.4684346820569197,0.8273488200851097,0.64,-0.18758034409460442,0.9571065708663345,-0.4151264301902915,0.16211552354230718,0.9571065708663345,0.1147724326226219,False,handover_success_rate_pct,False,False
SEC_495,Huawei,2100MHz,15,2x2,6.673503980464284,13.233878341422715,36.03176867082048,37.32428906433954,51.57917683623853,-0.11546879324220834,40.742972373464156,9.249824632624307,55.00557290864547,28,0.8834517032656397,96.90707671891678,1.778011778560587,123.43299528794532,0,-0.43839384451066327,-0.2111404987482181,0.17020777614894728,-0.32,0.17174833017876848,-0.2329789291521301,-0.8289103954483907,0.5577514621164004,0.8289103954483907,0.10237685992975193,False,ta_mean,False,False
SEC_496,Huawei,2100MHz,15,8x8,0.10427699397403067,10.064145071137618,38.83184483393154,17.516758918216794,51.55878587717199,-0.0008724332810383373,34.54765799804608,11.72041896083562,47.7566181954187,29,0.9791578450554992,95.3933102915713,7.834858344608379,84.25692564496308,1,-0.7726504212468016,0.43710476873238263,-0.10476886887247748,0.0,0.12677152183805554,-0.8737365541072389,0.5818153407801404,-0.45059359194370663,0.8737365541072389,0.10657023763359105,False,handover_success_rate_pct,False,False
SEC_497,Ericsson,2600MHz,15,4x4,2.554134846852195,3.872598812867538,42.876049951835114,209.1654336150394,51.43166078002112,-0.1979012717720111,129.01676181283466,12.184707487265344,69.09803056636291,26,1.0592652591700813,95.85936851269624,2.6784772190111577,111.86419874937873,1,3.503890618676392,0.5520337953465415,0.6309687906902453,-0.42857142857142855,0.19049362384449378,-0.7049401547834203,-0.5945274560855383,0.2046838338783333,3.503890618676392,0.6233732044726779,False,dl_throughput_mbps,False,True
SEC_498,Huawei,2600MHz,20,8x8,2.607132999199165,10.119117793743243,30.736907747039304,153.38555194539492,51.41035717774656,-0.020986942229750838,66.25324143286991,6.800031600826573,60.9995817576638,32,0.07296658614297037,95.29611652698304,3.595477162720808,115.58291231542572,4,-0.1519703321752177,-0.9472590737585501,0.35513529951205963,0.2857142857142857,-0.7855525870797275,-0.8627445756805018,-0.022045854065149452,0.28096300801301693,0.9472590737585501,0.11377571877642077,False,ul_throughput_mbps,False,False
SEC_499,Nokia,1800MHz,10,8x8,0.6925430628585993,4.4509146165613505,42.92926851769328,197.29164839912644,51.51146211506286,-0.17017183481205253,85.2740308006168,13.307126262011803,31.01384685301597,27,21.143547355654746,77.32145523809241,3.1313163470839234,61.48408353980289,1,1.523692047735928,0.8298750296045514,-0.6819700019532594,-0.2857142857142857,16.166701152497076,-7.418979023527029,-0.4912197227213496,-0.9911225060773645,16.166701152497076,0.9999980867421069,True,rach_failure_rate_pct,True,False
