sector_id,vendor,layer,bandwidth_mhz,mimo_config,antenna_tilt_mechanical,antenna_tilt_electrical,transmit_power_dbm,azimuth,latitude,longitude,dl_throughput_mbps,ul_throughput_mbps,prb_utilization_pct,connected_users_mean,rach_failure_rate_pct,handover_success_rate_pct,ta_mean,dl_payload_gb,cluster_id
SEC_000,Nokia,2100MHz,20,8x8,4.7018259269666505,14.397397771138936,41.49486767709976,64.03972465764843,31.304214638101676,48.631207162268,57.92776826592389,6.576128785731838,23.425660274476623,36,0.2647054995546189,99.76618589390617,2.6618612130432786,56.21784779864353,1
SEC_001,Ericsson,2100MHz,20,8x8,7.4427906559495565,7.1738294186388565,45.26453004136065,185.28610216371803,31.270040598218145,48.76691819051905,69.22088823474255,11.971180206277023,40.58310395117904,24,0.9357179835514793,97.70493117764042,4.069848849286616,128.08005241835565,3
SEC_002,Nokia,2600MHz,20,2x2,8.718327789731212,13.43721896057823,41.54229521770061,290.97915824013756,31.335494682964693,48.671666931334336,93.91887208574977,10.688924249169608,60.0161591122344,26,0.5152875772480657,98.57633541254623,4.124299773422978,92.73068998039076,1
SEC_003,Nokia,2100MHz,20,2x2,4.336553339563888,4.8332325516694254,43.806088046598596,91.37558813641014,31.351700376183278,48.782578488947316,44.66475634613172,7.234151418804817,26.151751893668084,25,0.23299658519318883,97.78366153879608,7.405138534195774,68.29994221356662,0
SEC_004,Ericsson,1800MHz,10,2x2,0.4366165770736119,1.8785035564924069,30.033661490814133,88.49067815021509,31.202925651775534,48.7131376344282,21.029347088104423,8.597328670537948,20.715078978694525,22,1.6788249342560173,99.27370309295989,2.8983460249586073,120.55142878785057,4
SEC_005,Ericsson,1800MHz,20,4x4,1.6167254414680265,7.115041648593208,41.48115399570551,144.99518344641066,31.241448459953777,48.636534476847935,63.053734908669654,9.95460979191709,28.38154235617632,34,1.3580228976898665,99.64791547298785,7.052701638143255,31.242079697831798,2
SEC_006,Nokia,1800MHz,15,2x2,0.208611392915381,1.7093495207147575,43.27340090984401,322.0714071279484,31.342647173616665,48.62791977347196,45.54654723019243,7.4676501485016225,62.94415558464772,15,1.0835002507689706,95.9210994964818,7.338331670521777,108.42652075416964,2
SEC_007,Huawei,2600MHz,15,8x8,6.532630192373301,7.290232544663099,30.648939800714903,0.15940131739483832,31.277324034526767,48.71529448751155,76.54939532883907,9.23157821789372,78.36762209938664,39,0.2696281500710809,97.18430018278563,4.2193207222569935,134.53867565613243,1
SEC_008,Nokia,2100MHz,20,2x2,3.323146253551089,13.804457718291117,43.94556363661169,324.4979147910966,31.33249678938832,48.75237672237249,47.338693426872545,2.905292723828155,78.98388197688922,29,0.10298223791085198,96.9619105046636,9.132560828188396,105.38630673588338,1
SEC_009,Nokia,1800MHz,20,8x8,5.424786357193675,7.811522127513191,34.107107652960735,55.3705288709788,31.26939253194691,48.75630112954843,29.66705750635598,12.134547970806217,49.638748948411276,34,0.8583976722638136,97.0260756164964,1.9989533252962959,84.80468659647751,1
SEC_010,Nokia,2600MHz,15,4x4,4.932768467837995,9.247495903426252,40.644673631648885,356.43109538429354,31.278151030465928,48.65515148088826,83.19562977501725,13.681455022368379,72.16113805954085,25,0.8067142414044702,95.62762090613938,1.8158651828952428,62.73454114571883,2
SEC_011,Nokia,2100MHz,15,8x8,0.815264895524267,2.3495765546071246,42.805678064374504,343.7449174938485,31.231735774737935,48.640849351782435,53.396885466701704,11.363091122495979,64.20958734509024,28,0.2087292006920273,99.0680786299036,4.857983419505364,132.47543906267524,2
SEC_012,Ericsson,2600MHz,10,8x8,4.032613611238318,0.6560343881995423,40.602632208949686,178.083068252862,31.25164620393323,48.60335126089848,65.41975103441703,16.792774383813338,50.0624142190762,37,0.05789047571263706,95.17883121507468,1.4982902319757048,127.82265572926903,0
SEC_013,Nokia,1800MHz,15,2x2,2.2056112492232325,1.6621194326971056,31.476556673172116,184.57928921254614,31.321082351501516,48.73583983024023,57.06658699793731,12.04628868279968,54.365631977305206,34,0.08415196449321787,97.64113303863579,6.096665293516787,80.63914507326936,4
SEC_014,Huawei,1800MHz,15,2x2,4.1839978866765275,8.977973635265485,39.5411443017659,173.35776249930754,31.28663262226303,48.61531365168671,29.39000678865041,13.42842891633268,28.233628797012265,31,30.662162202870068,82.30744666986783,4.58560419948482,81.44087459171416,2
SEC_015,Ericsson,1800MHz,20,8x8,2.0357828034224266,1.42517548488457,38.793338507554296,228.75971243742813,31.35486053658892,48.684152240353185,45.96495836175337,13.715088497530333,76.25968763699552,25,1.530552311224964,96.03734719029438,3.561362150823266,135.60301300679953,0
SEC_016,Huawei,2600MHz,15,2x2,8.404524062769335,5.639893349119671,44.405140289188346,32.659812804575175,31.370516990987667,48.720336432803656,75.58786814105525,1.7469599302430954,41.115786243906605,24,2.5508859006325837,99.52925096049398,1.7709358220111147,115.94839440365634,3
SEC_017,Huawei,2600MHz,10,4x4,1.7419333657825364,8.25137910687234,36.467835674307345,11.742461402963942,31.30832928364335,48.787421788983934,35.9641282769611,11.271019596248689,46.76895538743017,32,0.2169809818075487,99.19274603512396,2.8126309015937245,46.40246980867762,4
SEC_018,Huawei,1800MHz,15,4x4,9.607805514869769,5.829791979447705,35.1372975533928,20.773054229723588,31.35165345841121,48.66236042739116,49.1435508374592,5.851195149049657,60.29961385987392,33,3.2331912108948053,97.35541864741963,6.471634157491078,94.12892785891023,0
SEC_019,Huawei,2600MHz,20,2x2,4.159073661469408,2.4552570219795222,41.997612230983464,159.97152572694517,31.261380902638912,48.6499544324893,91.50701580032916,6.457289645287584,40.03414829159324,37,0.15391411786226888,97.0557446617007,4.327446828603293,93.02330656666508,0
SEC_020,Ericsson,1800MHz,20,4x4,8.462452920190493,4.106869612711598,36.60280521733435,99.19725811901402,31.282994243080015,48.730832030857215,45.45153613935698,6.979080184594255,35.255549659335834,34,0.7114778220346201,96.1828396260555,2.4726160018921046,107.42903417888814,0
SEC_021,Ericsson,1800MHz,15,2x2,6.287648182059451,13.924762992728654,40.337538800081006,223.93424245355777,31.342555535243363,48.72384780641072,49.48827646228484,9.061852599947871,57.862963596213234,34,1.770168350572119,98.64996612322481,2.124278296665701,100.18138047805917,1
SEC_022,Huawei,2100MHz,20,8x8,7.353502986657526,10.139734133795331,40.34320144199371,357.27922417492044,31.277242398563406,48.66642195666162,58.4351605885125,11.951379882213091,21.499044936910966,33,0.43048043032524,95.65871899815983,1.2400908634798529,84.61866514683345,1
SEC_023,Huawei,2600MHz,10,8x8,7.677238880667803,7.4407175801982985,44.20862502976188,139.07634230752774,31.317700987031795,48.785620367101956,66.27449755050887,11.301969475020112,63.24350672160073,34,0.553087079467907,98.40118876921892,0.7782812409017732,105.35078957079635,3
SEC_024,Ericsson,1800MHz,10,4x4,5.0484488189301775,0.19072334980340278,39.57907843710556,206.5828514776248,31.237074555816502,48.768972465497924,45.533039006835665,9.962255851547207,50.841402192590586,33,0.1371781600613605,99.21228493059206,8.918293921477167,86.56667011459841,0
SEC_025,Ericsson,1800MHz,15,2x2,5.433005233632883,14.886231007342053,38.03445775939179,149.61740252664077,31.3199542629941,48.64479650917302,32.34944728201299,12.168050323617884,56.345223831256064,33,0.13115921417904214,96.14235787958512,1.4057997040485093,202.42561077940178,1
SEC_026,Ericsson,2600MHz,15,2x2,5.1399586780872495,10.071824023419648,32.22194122234427,305.01780037986936,31.372302741445377,48.64782850908691,74.66392251028279,12.350458964776308,57.91280955481311,40,0.966448420723349,99.33213701449378,5.306692992201452,103.68183703040609,1
SEC_027,Nokia,2100MHz,15,4x4,5.880583780900793,4.753837160174174,31.851801706859284,324.80510524640573,31.373727927964683,48.702460069377416,44.977272745928296,11.327872567700036,51.62300938955382,19,1.1255694970276267,95.16661599719754,8.847865866204614,99.55901592612994,0
SEC_028,Nokia,2100MHz,20,8x8,0.2939444575650729,13.189029899967574,32.46914504452927,315.8480203938936,31.344868881265906,48.75471442034614,57.486346925799836,4.826485641775642,54.95202664644416,25,1.5020757148487824,99.56393692693263,1.8825206370621181,155.28422674934689,2
SEC_029,Nokia,1800MHz,10,4x4,3.9551516984901527,3.8764743043772714,32.74957570123351,350.77400592453273,31.349150675815224,48.6088080758777,58.45189931274859,7.782001631929829,61.02729205339247,32,0.8134680523338784,95.59181113925649,4.926712814497159,59.0696981966709,0
SEC_030,Huawei,2600MHz,10,8x8,6.061887135611715,8.160248687741273,40.20603348261814,9.906906650549505,31.31158548903014,48.73866703074694,92.80220337778982,10.078983501827947,65.18713083078045,29,1.0377786315565265,98.22879588969016,6.762508793997943,96.70081377749554,3
SEC_031,Nokia,2100MHz,20,2x2,5.977235652558644,9.541061455947377,41.855700004393256,302.33381837239114,31.316933618033165,48.729647179476416,42.37609473657304,12.200358649423254,63.647143477167226,28,0.013609461731244802,96.25041234456971,8.507247944712265,71.5119073898718,4
SEC_032,Huawei,2600MHz,10,8x8,7.9295609460563155,3.315950571805927,38.479864366822696,270.6379822940736,31.226730116282102,48.6462960191826,26.02692557345739,6.0142610268280405,72.1769874639357,38,0.17694093092345814,99.18276195584806,3.7851354007044864,119.05030169530266,0
SEC_033,Huawei,2600MHz,15,4x4,6.550093388321086,14.675959182008938,43.26428372072786,82.32998738413133,31.28877183768426,48.73627060264827,91.68689429545744,9.965964430674159,31.366605990044164,38,4.194038895513922,97.56150180457733,5.504198010586783,85.16951553465601,3
SEC_034,Nokia,1800MHz,15,2x2,9.921333163406723,11.222878589684964,45.86021162773813,344.2752336195099,31.290155256777272,48.78803663825041,56.46681446146114,5.303126630831644,44.068878169507855,27,0.0790361795684289,95.67620595623251,8.500398619884976,117.40281205599243,3
SEC_035,Huawei,2100MHz,15,4x4,2.8385452860864504,8.367198382666048,43.120202065909695,53.34405416278037,31.391699567133546,48.60935716899436,40.47062592970865,13.077753957157833,76.86776396086742,30,1.135654629649793,97.8549578566299,4.132242668698474,115.24152995303628,2
SEC_036,Nokia,1800MHz,10,4x4,3.5915102966623147,2.708918972629513,41.11811797881535,244.63797376820702,31.286217372524657,48.66393041105841,58.32410299351006,10.727041835094173,43.79543446317979,22,0.19368503690680294,97.03941305098492,9.029376251829648,123.41116785970223,0
SEC_037,Nokia,2100MHz,15,8x8,3.838471518677963,0.8078731049703919,38.51988319099435,80.9604780537285,31.30986852898055,48.68763534333327,2.827115296225638,0.5961591892132172,27.49220461435536,25,1.2613144788428918,98.30723908306551,5.234259877094411,115.73556377565869,0
SEC_038,Ericsson,2100MHz,20,4x4,4.658128070202485,4.800897487814752,37.18164914679533,155.29703355866687,31.30665027985582,48.77985207178494,65.45360319305412,5.9418143865871205,51.526707581730776,28,1.2241428691898093,99.4095164238173,5.75026627202947,93.2788181843495,4
SEC_039,Nokia,2100MHz,20,8x8,8.359980637812095,11.297810038701043,31.350278088712678,258.8975629000448,31.327352343408865,48.79245228932183,44.99563172308925,11.16229561475278,26.56945835326773,26,0.26683301218844324,97.04694565591709,9.99736874039648,58.0704187969304,1
SEC_040,Ericsson,2100MHz,10,2x2,2.3579209395920984,4.039969474530376,36.38989997431506,202.7968711318968,31.34964656626638,48.688823049299266,3.7566085804926574,1.4124396743689498,32.17119432367191,22,0.314210047222284,96.4494033976693,8.589726695369452,130.27254823039792,2
SEC_041,Nokia,2100MHz,20,8x8,7.760002070354295,8.093343307432576,44.56215418851415,153.9006592781202,31.245008375234175,48.75000568242844,4.0674476656416685,0.6709642487651959,79.8991253942574,32,1.0635464844435807,95.07257547263805,4.25593005195682,142.2708227399547,3
SEC_042,Nokia,2600MHz,20,2x2,4.053101830857434,10.919207650961148,42.92836207850485,117.4818351355154,31.305744883819685,48.7063322047529,6.979158781499523,1.2359812325848232,52.48175830376792,39,0.4944373789435472,97.87419518929937,0.7651772577780096,71.86395066125188,4
SEC_043,Ericsson,1800MHz,10,8x8,6.018553836620085,1.6191557196969653,33.456821840187,302.2774760551645,31.365183541463203,48.70755658694827,49.819818900508054,8.37328684591651,37.04350334242574,43,0.21635163083851652,97.01137383715717,6.635566664145052,122.07632084838063,0
SEC_044,Ericsson,2600MHz,15,4x4,6.3254053322630615,10.279470241738101,37.465724555155454,51.773166113332934,31.2926229427675,48.655619903013275,76.08630630898665,12.46958230807866,79.68649727443437,30,1.3155734856321255,96.87324609507414,5.134654584607079,64.88911757243241,1
SEC_045,Nokia,2100MHz,15,8x8,3.7284863718893444,1.3780633156506705,43.067571240936715,154.83703555072802,31.255691509274715,48.64339124917278,43.555888340628144,12.049572731095939,77.99353511330858,30,0.16741031322978708,95.91467660642107,6.857224211290417,106.10296524285692,0
SEC_046,Huawei,1800MHz,15,8x8,5.1261520520580515,14.476946131904947,31.07815287656836,325.3527258390512,31.33094181507126,48.65760106918481,53.003593601922184,10.465899524447318,46.44434246505581,35,1.9354704815257058,97.15027672595637,9.710761160468918,112.28261458624992,1
SEC_047,Ericsson,2100MHz,10,2x2,4.13031174647697,7.325911950974094,36.19828137069855,304.5058381655884,31.364753479159823,48.711265601451416,50.124189115001506,4.496826081158251,35.6241865272745,38,0.7229252263803715,99.92220976791684,8.7667392459893,87.21340678585977,2
SEC_048,Huawei,1800MHz,20,4x4,0.6913278618661944,2.260141615648161,43.62945978998316,144.3390344902968,31.212628058585477,48.60583103720442,4.028640506638402,1.204355695037234,70.3039782855314,22,0.11171466488383654,96.48877076836122,5.039485238625836,102.85214310679228,2
SEC_049,Huawei,2600MHz,15,8x8,4.371653888168265,5.135754540503197,36.46236582672198,274.719010896471,31.355358096681446,48.78144978887128,57.040710950521564,11.506057812990594,62.93724301830714,30,1.1844065890610629,97.9985220670405,1.096002171076,125.44609514491647,4
SEC_050,Huawei,1800MHz,15,4x4,0.9739339255355217,6.201246739428922,31.241834315703052,296.3378990551893,31.36432958659235,48.63125674190996,59.125483143422564,11.231289259583507,61.21648610021062,28,0.7322270259506,98.88243440657834,5.2845289255179715,96.71750484246968,2
SEC_051,Ericsson,1800MHz,10,8x8,4.050207990803215,11.37277516614806,38.68054989651603,319.9994726413067,31.29230458551772,48.64401773537428,57.86489053996858,10.587022189692934,73.58682447934835,36,0.3539038894231376,98.74578911588266,7.2031961796582085,79.74587486319406,1
SEC_052,Huawei,1800MHz,15,8x8,5.929183998317819,11.151356791149139,43.787879918692724,196.02207685772208,31.396661131363693,48.70365523528953,50.85704532741895,7.3636393350036755,61.365028032279476,17,0.5491150297751091,96.64387143746295,6.469388274043041,63.286623616829836,3
SEC_053,Ericsson,1800MHz,10,4x4,5.794148993435008,9.179107580059965,39.44456868725055,73.60591897969624,31.357341668141462,48.74202295326745,63.86293198985302,13.248888313057334,37.02787658249295,43,0.3543031069513786,98.05430041758426,5.843233609397964,88.2770690123677,3
SEC_054,Huawei,1800MHz,20,8x8,6.626212790083203,1.5889606883773943,33.62046573142771,91.91126754141538,31.354732512979133,48.61914581094888,20.58008515748548,12.694419162449908,61.631789712543934,28,0.3052024426891834,99.35632342635078,5.219370622137172,64.75835256372733,0
SEC_055,Nokia,2100MHz,10,4x4,0.9526150795462629,2.2735405738151035,36.1478339221981,106.45008265497752,31.34956771488241,48.66353893950943,41.534080377399455,6.773731669466004,38.34881067701984,30,0.178658379440694,95.0772371386654,3.643856857246477,88.6784793508168,2
SEC_056,Nokia,1800MHz,10,8x8,6.521232455304379,1.4063538096833494,37.20197377891091,213.7688930914616,31.230121620643654,48.79373492111487,32.65524331498034,13.942885031553255,65.55433877941971,30,0.45062012214066505,97.17867178421653,3.496120855521663,86.04272609711234,0
SEC_057,Ericsson,1800MHz,10,2x2,3.121480566964471,8.657591749313251,39.26826166112843,11.811464686299038,31.2434461772906,48.65246859335619,83.84408397706775,10.395008303906163,57.18487126949396,47,0.2889992145908643,96.12136709120952,5.502083310332217,124.12314909887561,2
SEC_058,Nokia,2600MHz,10,4x4,3.9904594613711106,13.15707662267106,42.14961641204181,228.97528876078857,31.292798026292886,48.662610029012626,91.04744595890969,10.387410859435517,24.644693119085034,28,1.1502250668870284,96.9431614519942,1.7117998225067885,102.20425048630932,3
SEC_059,Nokia,1800MHz,20,8x8,8.579862539227058,6.507007683821577,31.581977882250165,131.1675258341635,31.25280086999189,48.7672996981236,48.81407024512586,9.470933990743951,50.77012174610852,28,1.1516230818389082,97.07994803987621,4.066168812173214,176.41779069151573,1
SEC_060,Huawei,2600MHz,20,8x8,0.09030404129550251,2.412722609366193,44.23443252828106,106.28704889627117,31.283048194466808,48.61004288633809,92.66228802403852,9.766019810244833,40.59805815174445,25,0.6968344553211392,98.73335482393318,2.741069430673627,39.59232290477095,2
SEC_061,Ericsson,2100MHz,15,2x2,5.884126333406055,8.370634877234505,30.19695524825721,316.6187654621255,31.37769282198458,48.692922633761796,66.74413495632672,14.11269756492931,39.714237963937656,34,1.5048280520639155,95.46910936197722,6.284195214257808,109.4011429515634,1
SEC_062,Huawei,1800MHz,20,4x4,5.987139801001076,12.176283252985648,35.920837354788084,165.6008624090876,31.364865378375853,48.67592335289034,66.58447537286106,13.099224953795545,56.13537814263543,29,1.8409899600651505,97.56291951566256,1.6001407032672212,86.45331143501465,1
SEC_063,Huawei,2600MHz,20,8x8,3.9665977634356198,11.12568092269395,30.43872495956252,34.2190963917694,31.326007975695994,48.66331735198173,95.73832841475794,13.035541250918245,39.339489468165496,24,0.8669446685173902,97.82097395899373,5.926912685670098,71.31878138546662,1
SEC_064,Huawei,2600MHz,15,2x2,2.370278571083362,13.221761695125322,36.287587605524664,297.62883648944893,31.371624078850218,48.65713991880895,69.0928427261536,10.553693057636135,66.61362489229236,21,0.9647857418598825,97.47078801775902,4.242983796421733,99.10691516271488,2
SEC_065,Huawei,2100MHz,20,8x8,2.346740382615511,4.168531458733018,38.41300158197318,17.150852677142375,31.35675447780345,48.61827482097208,42.479518707740716,12.667515170603188,24.247486160670466,38,0.3325203294041529,98.6593662653136,7.037440126983418,96.86149202917119,2
SEC_066,Huawei,1800MHz,10,4x4,8.837096696607526,2.909308009016623,38.18690218530419,261.6297207005508,31.285796986368176,48.66296516587033,35.56716230028972,7.497060777878284,59.62329514374952,27,2.2525499965080495,96.91895627953424,7.327845133834895,132.33438452038095,0
SEC_067,Huawei,1800MHz,10,8x8,4.420243737828575,13.19724728912908,32.65005355245225,278.60623983743943,31.24021303040999,48.608610480543135,57.53670900093511,11.7503289354942,68.55168821940447,28,0.024503825944784806,99.72483531820038,3.6233572315828284,102.73775340409007,1
SEC_068,Huawei,2600MHz,15,8x8,3.3088936298917195,9.863404691670347,40.3318481615298,126.93693813438894,31.302840208001868,48.75619277272889,71.42394595510243,9.539535904093098,60.3699013952258,39,0.42863517712484656,97.4090172126947,3.6633408745246587,79.21595236843694,2
SEC_069,Ericsson,1800MHz,15,8x8,4.48777573831403,4.663933950113313,30.71645520807469,296.9236282600032,31.34724577650571,48.6796455587916,43.72293454224206,3.8205850377750323,49.833751701199745,29,1.2794165147702043,97.85606954807399,9.606213602827005,110.02631691100962,0
SEC_070,Nokia,2600MHz,15,8x8,6.693904014593613,11.135220758587637,42.19050912211865,185.63738610832323,31.287283919745917,48.688780766463985,64.41011936112444,5.24169502353411,77.01842082417087,24,0.08347890679316118,99.12765411673375,5.530242999379934,93.11045308865447,3
SEC_071,Huawei,1800MHz,10,2x2,1.457565682447517,12.226775767205519,45.14631094389674,166.78571517820686,31.333354381956777,48.77871891729002,71.75288945952033,8.01106365973234,37.99630938788381,38,0.20232370556545035,96.37618052965561,9.726011877008668,66.2356436463788,3
SEC_072,Huawei,2600MHz,20,2x2,4.494338352137377,9.224673605116985,35.43630123441788,16.345181328729318,31.21886548525821,48.73161099677224,96.43530928893759,11.24546195304613,21.150073251498668,37,0.8898575078633768,95.37601014381401,5.4014023744216155,92.54363891461671,1
SEC_073,Huawei,1800MHz,10,4x4,5.878843711103869,10.318261648198726,38.275830107429314,104.41050971360612,31.34960094727428,48.601611820668424,77.45590784192248,8.013760634998093,45.91936228780645,33,0.8209661691358968,98.53891989181241,2.5804012573766566,106.92826232220067,1
SEC_074,Huawei,2100MHz,15,2x2,9.485833548514337,5.628898566639995,36.06256444894103,335.1635895187079,31.36254272397861,48.788634964592255,57.93524449838163,8.226649787845874,21.980716154019635,29,1.3429601819225188,97.41505927774189,1.5808229546020862,102.1684729069644,4
SEC_075,Huawei,1800MHz,20,2x2,2.5252778207541926,8.080435010145587,30.10736624486496,141.05662678206,31.341367571156105,48.647428893195546,50.85431660382347,12.289782765624526,77.23620515158453,32,1.6745773558929118,99.48252125479497,6.198952930476973,109.90939163895646,1
SEC_076,Huawei,1800MHz,20,4x4,3.592507479162456,7.862387560892434,36.17399204632186,196.81218740043658,31.393452717505273,48.621522836951975,49.618963238826126,8.334963641650939,32.595082744883086,37,0.1376307303102216,99.91340024361217,4.220319517323486,84.20544372978425,2
SEC_077,Nokia,2100MHz,10,2x2,3.7935858992242375,12.720716866961578,42.66752414818154,191.52780443433065,31.365330411492128,48.75362563567617,34.69547679107791,13.992421726103233,67.33562143693277,35,0.018552019203325647,96.99554675287365,3.4791211912435323,109.5283588430183,3
SEC_078,Nokia,1800MHz,15,2x2,6.055381576448829,12.59945970423274,39.53582147493571,212.5551923361696,31.380618745575305,48.70009546317334,31.07871512372899,13.495371219460404,66.4743249904619,19,1.1700175952129825,97.0771950812983,8.264898967828756,103.60347438452247,1
SEC_079,Huawei,2100MHz,10,4x4,3.567320530400017,12.490207040205648,31.620158633842543,22.07914403158174,31.386714216691527,48.686754113203605,57.61011532839312,10.065643961713954,33.06373398097601,29,0.3586652028569482,97.03981301102863,4.302939403737526,103.8468815132063,1
SEC_080,Nokia,1800MHz,20,4x4,5.3351192529969556,0.1654742139369869,43.55423183510056,130.3834517275422,31.36026959837476,48.64990061593655,35.97981934275118,12.260384354974986,57.27359182881004,22,0.9834564715779854,96.62277054865463,3.853008727608735,100.9706965848006,0
SEC_081,Ericsson,2600MHz,10,4x4,7.817903298450294,11.243182267033324,38.49736551816389,260.3261785977195,31.3348517684013,48.70949429797246,79.75779946201281,11.851721363069146,22.884738109187012,21,0.16315982666640907,98.90843548883198,6.054921836964766,165.2827963070789,1
SEC_082,Huawei,2600MHz,10,8x8,7.053855941122036,11.380145851665073,43.467573787914816,72.20169038627385,31.201143716272156,48.65487692104052,100.09800036964225,9.26300417212179,49.014475142232044,33,0.6330686780342614,98.79497881245364,6.031610219864698,133.30378731400208,3
SEC_083,Ericsson,1800MHz,15,8x8,4.463686465125855,10.175682342827127,39.28354430056047,73.28821591668975,31.293165150644622,48.780316601057415,40.018191004536554,12.58490398891644,20.878827636349204,33,0.7020360619980572,97.39322435275263,4.207299739795509,108.86175270785897,1
SEC_084,Ericsson,1800MHz,15,4x4,8.64216177674169,11.343969868371788,38.95501511740704,3.632618408048902,31.314232459724472,48.64304089594664,80.15722451887368,13.026706166171582,75.2686328108505,28,0.8796642856665625,95.22330608189449,8.492488308873696,75.99378169455349,1
SEC_085,Huawei,1800MHz,20,4x4,5.581402495938629,12.62955557245063,31.684146963152198,157.4934935789555,31.2608060544896,48.77687103009115,35.13957318583851,7.142694307628799,78.5651614519743,33,0.719840326360804,96.54779650756537,8.657006412993944,91.23002500730608,1
SEC_086,Nokia,2600MHz,10,4x4,5.399058395022125,7.054785811526784,32.677755730218045,317.7843770424319,31.263620889380693,48.71188108514547,97.27938202102153,10.460645914962225,33.336965998315115,32,0.6845656479228069,96.46151523277419,3.370762370686897,148.47364453445016,2
SEC_087,Ericsson,1800MHz,10,8x8,0.34187765939158177,7.530753202326707,45.552404103945456,18.684339691431244,31.39223188314203,48.765697626779044,56.37134271698543,10.427511467728497,32.48636207578237,31,0.4045667427349859,99.0554362310013,1.5982581718825442,83.11187611499489,3
SEC_088,Huawei,2600MHz,10,8x8,9.866929803571615,1.8707108536708572,33.65578794807633,68.80273541856094,31.378342173040547,48.74256919917219,101.8671431237884,12.548858402352113,65.22321059372777,32,49.854782306003635,75.9866394933614,0.7099832601379426,95.02811100593604,0
SEC_089,Ericsson,2100MHz,20,2x2,1.2297080852962672,5.780638245710427,45.63923388784589,111.63043380339182,31.36983580110034,48.739339022287346,33.25703582960465,8.66842494865199,35.20276392976007,38,0.0937835621547811,99.02837689521353,5.709632166000955,93.35790023156774,4
SEC_090,Ericsson,2600MHz,20,2x2,2.311309124276466,9.650477698676765,38.51060330438821,263.42090516311663,31.281202360341222,48.66486916153901,126.90797063145624,8.206719001670713,73.7045935497107,34,0.5687695361594386,98.34591826099572,2.8676756082332404,111.03661831475549,2
SEC_091,Ericsson,2600MHz,15,4x4,0.5169683724152696,11.705996642209119,32.172624753022994,230.62881340893114,31.202739710081783,48.64677938629444,70.97756061488462,10.50699898093346,54.43574816737893,27,0.43973537436949717,98.66220729565225,6.981930933197706,86.90060568143707,2
SEC_092,Ericsson,2100MHz,15,8x8,6.400029668369137,3.258136465368158,31.588835244059087,149.73980564946783,31.216044449291143,48.64217724553616,60.149719089489224,13.54407766976072,41.046657380618726,31,0.725948933114724,97.16106593792512,7.951698996645558,105.30574024444766,0
SEC_093,Nokia,2600MHz,15,8x8,2.2470117697268,2.067343487388531,33.34182513129184,273.26481813301524,31.26243927364352,48.771438331411915,107.50096850129628,6.401868653770199,69.9616247809652,21,0.3636106105317137,98.3986289800088,5.496035375007598,87.57049316045128,0
SEC_094,Ericsson,1800MHz,10,8x8,1.800104374727235,9.945630067507384,44.810197280405376,219.4671641964847,31.203148582599134,48.7640853640518,40.930068987571765,6.925581539988617,49.60440202480371,33,1.1644639642727748,98.04514472353458,9.597184914586093,139.43532098595196,4
SEC_095,Ericsson,1800MHz,10,4x4,0.8855558422324139,0.028198252873659624,36.62640358925163,322.5746878765989,31.20342995638304,48.68811470560246,62.38589544420768,8.438485276088235,74.69797482250854,20,1.9947682573027945,98.84490097614315,8.989519581039886,79.41167126698019,4
SEC_096,Ericsson,2600MHz,15,2x2,1.0330895712401567,2.675588764609947,36.32694828788663,294.4896296899295,31.38332066032848,48.626480922699294,57.64193298251641,8.972268783755343,75.68085420376286,29,0.3550522452079815,97.23384917234127,2.7045811205752486,129.32934534365307,2
SEC_097,Nokia,1800MHz,10,4x4,5.8467070044258875,0.436070705159306,35.011300177122784,91.0128981921122,31.34123170042381,48.67645045039549,70.95442370686759,4.703251592687455,29.92520912770456,27,0.2144117942282741,97.36412812448151,2.4938849944348873,82.44592431029002,0
SEC_098,Ericsson,2600MHz,15,2x2,6.882078658665955,2.503276767823064,32.35298960906542,97.71788794831207,31.26179119801363,48.72386869082738,57.895933547353486,14.494585860745444,20.139404367915816,37,0.12350250672855356,98.21788111369911,5.399121269912538,74.38761016357773,0
SEC_099,Ericsson,1800MHz,20,2x2,3.97378988464401,2.7197891988825784,37.8056191550785,45.128331285258824,31.22652891552019,48.69088063089599,50.57760473743639,9.609080225952663,79.03585640854413,26,42.66293301866082,74.00607912023632,4.404465043145857,78.97621760530234,0
SEC_100,Nokia,1800MHz,15,4x4,4.7989708159207325,5.815103921255913,32.08076452017822,121.30730125828434,31.302327143579014,48.7560378536966,54.591810515179404,9.159686427460086,74.36825216764876,21,0.5867280095285444,97.18122224182159,5.258553864678608,48.65692818895737,0
SEC_101,Nokia,2600MHz,20,2x2,6.859677359829841,6.0349068702983395,43.36768378211724,359.83581073887393,31.201069232170873,48.79952456445027,92.64674481875886,14.867912614106253,23.326714142230486,29,0.20827429516085708,99.85975422629903,4.671505707031409,113.1579533915292,4
SEC_102,Nokia,1800MHz,10,2x2,0.17379790185479638,13.113937059153567,35.9263517804049,146.07042070142197,31.387682748771628,48.63822641768978,79.52714462639818,12.153380485371438,69.9820558364642,38,1.05882462075979,95.18776160030023,9.170854092417166,65.08071671430687,2
SEC_103,Ericsson,2600MHz,15,8x8,3.2313065707027855,7.651645687482378,35.99685708450874,79.3758364880783,31.282963023877787,48.691930163931914,19.449209320102195,8.393734367999954,96.81313185347884,22,0.1607360292274255,96.58002361433196,3.3402528481270854,89.26241417222181,2
SEC_104,Nokia,1800MHz,10,2x2,9.730977480703464,10.851071484184294,37.58410285573049,274.4938384111991,31.280466991047465,48.686196780384165,67.08102161410409,10.493823535924466,35.537696301498514,32,0.8081107827148669,96.57054909544685,8.049852011974252,122.8486479279629,1
SEC_105,Nokia,1800MHz,20,4x4,5.801122296954681,1.5620603688043118,37.10604341065203,195.2895612465562,31.278118721516357,48.66089850654979,79.55387672951206,9.874788602870563,72.72479142061579,29,0.7489736429300146,98.16732059617887,3.415058121471917,121.88058039233904,0
SEC_106,Ericsson,2100MHz,20,4x4,2.5422457989749327,3.3815813319554078,45.91772756894915,53.85652182970291,31.213865666077552,48.63961910334406,52.48600041297376,14.34505257078783,31.800033943418434,24,1.3251157325529117,95.5290017971207,7.2817461183125225,57.05023252008203,2
SEC_107,Nokia,2100MHz,20,2x2,5.217300466362131,10.544151614680151,38.72609793949284,137.04828521791168,31.327664447958362,48.61313842329793,41.74800874819563,9.497727394949221,76.837999965204,23,0.05668637932059755,98.14272015439431,1.0142147897012068,109.31630739792813,1
SEC_108,Ericsson,2600MHz,10,8x8,3.4265348812091534,0.7920594070279213,31.41122726063793,149.20909759416358,31.34660072392567,48.77742386344474,36.07424086270594,5.673821374425371,32.337289261960464,29,2.18812251374613,95.4752012032581,6.190495444990998,134.2148194692477,0
SEC_109,Huawei,2100MHz,10,8x8,5.322449888262991,7.298964933656297,39.71003746523088,271.3786922049187,31.335225079517656,48.68396973953726,78.24913651116593,4.368327679584112,56.820991263724615,27,1.21399528247595,95.47476823709165,1.2734162195901626,80.89471269430408,3
SEC_110,Nokia,2600MHz,10,2x2,1.2574151180664883,8.990534484944007,32.42534868591808,7.4416928010856065,31.22768709866588,48.69937910370001,69.50000257670182,14.425484042220063,33.38518007173849,31,0.243506983726859,98.64091678594241,5.19034865500428,115.40719984005487,2
SEC_111,Huawei,2100MHz,10,2x2,1.3271465381927738,9.032184660787216,30.49500231570147,96.84707284739177,31.315768033607117,48.78338840964018,34.979622511541734,7.63415590671211,52.74011989811809,26,0.20261244997084246,96.62067586916397,1.416323703351555,65.70161182616383,2
SEC_112,Ericsson,1800MHz,20,4x4,1.4354236203939286,0.34399216902063046,45.53187445883597,186.33466847358793,31.31389689683445,48.75525809550319,29.625048736853557,12.01063496689993,61.038507794908476,32,0.5650358245843813,99.88711473856874,3.396211294546031,111.5697085971097,0
SEC_113,Nokia,2600MHz,20,2x2,9.398197919268418,4.831620063437782,42.37662226455302,96.7848272830236,31.373682157588274,48.626100252823434,52.42768071622407,10.215290292145156,31.413675849208254,32,1.7013631401535647,95.18676468217778,3.8323751424062844,103.93814083988974,0
SEC_114,Ericsson,2600MHz,15,8x8,7.328989183413418,9.54735976573731,45.68174387862027,226.2362570708396,31.275825531675128,48.71308399352155,95.69336909761121,8.750035636365228,51.25314696204075,32,1.8511910093114405,97.22553331858997,3.3456137176939,119.83440867476358,3
SEC_115,Huawei,1800MHz,15,2x2,1.623818946623209,2.2349960422386514,37.64605516835588,173.47229253886198,31.274297188731886,48.68845045530391,65.86802791512108,9.220457748990624,48.14358466340714,30,0.7349198187557949,95.56567968837012,2.7265250314090954,117.97438260666117,4
SEC_116,Ericsson,2600MHz,10,4x4,1.8834908376560144,10.431234724920799,38.516120498383614,130.21569174944904,31.323705411743635,48.75944221451575,89.67274210774957,14.7501336445886,24.262245284200475,31,1.9719215706694813,96.75689483379054,2.8030339437681953,59.395491713465425,2
SEC_117,Nokia,2600MHz,20,4x4,7.3082947487087635,11.188878132205119,32.69339129470608,341.7151056733844,31.326614530699903,48.74484650952239,77.9776011154507,5.655809714070625,69.09846906051817,18,0.00545858016998045,99.99111225304526,5.284550131384092,104.09659722232577,1
SEC_118,Nokia,2100MHz,20,4x4,1.5616384479217393,14.729537856692179,33.95051882668137,227.57741970712468,31.293857045465156,48.738081144382214,31.317191157479964,8.840634307732223,40.1409440385705,24,0.035808159337066645,99.44421255869266,7.023313833216834,143.58740932821615,1
SEC_119,Huawei,2600MHz,20,4x4,2.3456129333482867,3.147629922846141,43.416787438445255,46.77889401645884,31.288611872466085,48.66810896709598,58.57632871720393,12.719697282051104,54.47493185311277,32,2.4283931717575333,95.24162204427698,1.1524318777126688,34.440735346527106,2
SEC_120,Ericsson,1800MHz,15,4x4,9.63346832820399,12.376960014991727,35.698970353881506,201.63301107962238,31.298829534127574,48.76099274607985,33.40070883978087,6.150564974661232,50.88705409598806,34,1.4931312099588576,97.81627921912842,7.725842430155977,129.00778341586198,1
SEC_121,Nokia,2100MHz,15,2x2,2.5530652472843185,7.804448653779811,43.22903958074271,281.06346715232434,31.372209059900662,48.61047825911897,58.592315082893975,13.951848423332754,50.79563027422654,36,0.5991215677320408,98.23911152412218,1.477412930773255,148.05115298887262,4
SEC_122,Huawei,2100MHz,20,2x2,6.616323503711468,5.601938942162602,41.34421958859251,255.05629109740704,31.29223338025078,48.631924980286435,34.050312817074435,12.676749147260876,26.433343652509247,32,1.4008401661794525,96.04767311975063,5.88633750189806,55.46093438545595,0
SEC_123,Nokia,1800MHz,20,2x2,9.786312874005304,1.8356513598776691,32.83473480434985,61.95212254629338,31.387986358393963,48.66712465459558,39.286308334196114,10.81538705539701,45.40892055495996,32,3.1154049822954484,95.72552786698225,3.3405647323797156,79.87902786557564,0
SEC_124,Nokia,1800MHz,20,2x2,3.7429676713979267,11.032584097313064,38.11914185791588,350.0711996544372,31.300800752719265,48.61536148821386,47.2476913550224,8.490529287177198,47.14200555239421,29,1.4788023757364706,99.52190567332762,6.28921114803837,115.53229965851595,1
SEC_125,Ericsson,2100MHz,15,4x4,0.17515990862062236,3.5378639871553066,40.83819714429947,161.57291246877816,31.389840138636178,48.646998855506936,24.952997703554793,5.765301534448128,64.01857042186691,37,1.8475132260829819,99.84408220741689,3.351955563468117,73.41624652559078,2
SEC_126,Nokia,2600MHz,20,8x8,2.4414729042237426,5.571330028095686,33.7605954368612,57.24900134649407,31.366566380373815,48.76603019659958,76.05235719391905,12.121137682402212,70.40112991524191,39,1.429646977422711,99.9594642865982,6.905235208642735,140.9373755093609,4
SEC_127,Ericsson,2100MHz,20,2x2,8.308771913417054,0.9381334034605265,43.29101616832123,64.87047148613325,31.272486264523163,48.78965030755801,14.517812035340086,18.24593480345166,99.47477234395625,31,0.18417658721973545,98.94880886867317,3.7875536535477865,131.76688797268213,4
SEC_128,Nokia,1800MHz,10,8x8,8.646088359550367,12.020503737292785,38.71724252072299,35.36459718806898,31.37272828425932,48.66092047115484,67.76313718942536,10.437677607750574,25.20697724389943,33,1.7932051716267705,98.31751034702629,3.177645721070464,58.45110281370645,1
SEC_129,Huawei,2100MHz,10,2x2,7.685193645237912,11.49882785957465,32.64387280708165,289.26651903657637,31.22201265684022,48.65290316079777,37.70201682449372,4.521863767804297,34.21096823579278,27,0.21704819085553242,96.728651260965,3.5061876182381138,77.70825700206962,1
SEC_130,Nokia,1800MHz,15,2x2,1.1310981907657303,11.004237450634687,39.32775081863364,43.930977955865515,31.3850094350686,48.65597853044929,30.512067225314965,11.372549470380243,29.896041611163863,25,2.231300577741668,95.85699156162376,9.068255715333658,123.09510465505065,2
SEC_131,Ericsson,2100MHz,20,8x8,7.9551037169640315,4.4916526573782996,45.99542086649463,45.045092571028896,31.32632870301658,48.65554381747017,44.389105256130726,12.580788914203586,27.476903791347485,24,0.6136890709571694,95.39490299683116,6.725969458024103,121.91978208241984,3
SEC_132,Ericsson,2600MHz,20,4x4,9.186777969935044,2.6022011139893584,32.408343866614615,306.1697813139016,31.210878149704463,48.6071860364372,50.292945897689634,7.246442704312189,41.95395791706845,27,1.1300309840802423,98.46648734275746,5.303309813750891,166.55320105909115,0
SEC_133,Huawei,2100MHz,10,2x2,6.006095425462361,9.563298967053447,43.068110881912446,124.05747040112146,31.32885134473016,48.78538326926622,50.587318877196864,8.063464221731813,33.76361012926292,35,0.6876440463789939,98.92361707589679,9.262094590849154,73.60353383651555,3
SEC_134,Nokia,2100MHz,15,2x2,9.408753563380648,7.442495761698292,33.31694405100093,11.108845550906082,31.39484953082895,48.64273962831407,22.10097707260091,7.757865313761124,33.09818670869074,35,0.09870596130781956,99.1322682622749,9.206852363605067,143.77653518415974,1
SEC_135,Nokia,1800MHz,10,2x2,8.268388837118774,2.6737870035696236,42.5182132713614,18.682307826627916,31.213960130922924,48.68400081481628,40.91981894934078,8.405908399408933,23.28159047457606,38,0.3435081614599298,99.56882501651899,7.6505126192085475,72.5825816570929,3
SEC_136,Huawei,1800MHz,10,8x8,6.669715169909073,10.288669065747955,41.75324676994261,51.1813608134024,31.310937541956015,48.60193737654819,36.0744249526667,9.483510657165862,21.060202687726033,27,4.118546316119184,99.39964781819187,2.7804198595719063,115.00962797367615,3
SEC_137,Nokia,1800MHz,10,4x4,5.771852367117481,14.866896477319555,34.807830169606916,76.82160527124823,31.349558869951874,48.77159101818301,58.51635615629103,7.417296674519491,26.166094558986906,22,3.2369061911274772,99.99870636129046,8.59035988607505,126.77027324678453,1
SEC_138,Nokia,2100MHz,10,8x8,3.485736672419705,11.208293816130565,35.2131698810312,239.45262992582593,31.362051717339906,48.74623146889098,37.84152935561952,6.292486775943325,30.331848765417984,28,0.38637876324504833,96.22032005483625,2.8339843077195734,10.182997214007017,1
SEC_139,Ericsson,2600MHz,20,8x8,1.5928744524280514,11.099795800284177,42.68034227140671,56.63746080065817,31.282765493064158,48.78935120703474,35.93784543153377,10.523126157025052,45.85902373089219,30,5.598559114614748,98.81653807606105,5.380262528820121,127.33618894248347,4
SEC_140,Nokia,1800MHz,20,4x4,6.0495392269054085,14.254691293958876,37.383128190197,42.79478082374592,31.240833311833647,48.75632309583928,46.97269854598177,9.452013880408899,50.63121567793068,34,1.8678925999964808,97.932297561874,7.170427598903869,141.53709073148158,1
SEC_141,Nokia,1800MHz,10,8x8,3.1811155361811947,3.0440455136235327,41.69308845938894,275.2988909314605,31.208468455754478,48.66274130241041,54.798292104117635,8.69127468964955,28.435515090401935,30,0.9440718262131971,96.3062256622679,7.8299996512640195,132.87645260421226,2
SEC_142,Huawei,2100MHz,15,4x4,8.664386675276454,8.483249473821605,32.367746357853356,241.5799021895692,31.315945231419445,48.64957467174568,4.593192210108912,1.0249569150164544,45.48700049145118,32,0.040951815718547134,99.90952661143471,5.794171126424342,161.6001643023303,1
SEC_143,Huawei,1800MHz,15,2x2,9.933369373586284,14.694700725508252,43.64092451042485,156.71671972388503,31.290582214053522,48.739543261510654,40.83015831171338,5.439472883324667,40.50493053955564,28,2.3171590748037736,99.48949052387127,6.748535640242976,128.9553185051767,3
SEC_144,Ericsson,2600MHz,15,4x4,7.524277626155725,2.479411664552618,41.3741554669171,197.7515177328374,31.38974887902994,48.6728225550021,59.889852736854095,10.78960876899028,31.00541860987736,37,0.8151550064325539,95.64257834222059,6.705916506735808,83.88384695942457,0
SEC_145,Nokia,2600MHz,15,2x2,0.9048169528705075,10.503779391667814,44.51108494135734,112.31424731751065,31.21212098154298,48.713243003150524,77.54133072994576,8.752935399131312,20.410444888901814,34,2.0285670841332393,95.13079171161709,1.336858143297554,137.17033403245833,4
SEC_146,Nokia,1800MHz,10,8x8,2.8868559553063813,8.78715218957853,32.11795806455956,173.70015128472983,31.3370790686892,48.60125149420529,36.658268761406774,10.718468404338338,48.0210719913045,33,1.7983558973349336,98.44165381166339,3.7796254730345797,82.18101158333754,2
SEC_147,Nokia,1800MHz,20,8x8,1.0910963176574973,8.797186382830605,39.48823200576956,182.4021536337885,31.20499324442401,48.61237714033609,13.521826628652597,11.198947316256902,94.64849803704053,32,1.789798684030914,98.02065314428268,6.502213117885442,102.47253774837935,2
SEC_148,Ericsson,2100MHz,15,2x2,6.5051164779171575,10.465059412801127,39.5859293606452,139.40541762411453,31.234286835342107,48.70707358823633,61.25669856331061,13.393453834858533,33.57664004862842,26,1.1979041251163083,99.67907812055573,9.676487171183403,124.95349820203708,1
SEC_149,Ericsson,2600MHz,10,8x8,7.651908645557847,13.944253843135263,35.655371848748516,326.3659958419786,31.290715799984564,48.713214329289634,45.72023072462298,10.308863250966734,27.90840979380076,18,0.34448545098452754,96.17002643580184,1.3021190202743873,113.44242472440129,1
SEC_150,Huawei,2600MHz,15,4x4,9.256748308807119,11.738729097770069,37.33546279310812,5.782271393162213,31.290974488560572,48.750290588891865,74.01749205584389,13.200156490162978,73.2225646668177,32,0.4097145106606696,95.42193973947494,0.8420600956395444,140.5339597555049,1
SEC_151,Ericsson,1800MHz,15,2x2,4.381723464119877,0.84204155124315,30.607705012637656,281.5816547128486,31.337140108586727,48.626393063924795,23.16515880804493,9.034260576609729,36.501486349267864,34,0.36884760621143087,96.29607666885994,1.501746386232952,174.66024087516305,0
SEC_152,Nokia,2100MHz,10,8x8,9.013756495884444,12.790920298135669,41.933760618032196,44.77781924687675,31.38204260697355,48.702636616751356,53.4189450501493,9.17746745990673,33.41675718755989,42,0.02024964671769126,95.09463820255732,1.4716511781507893,65.87908174145801,3
SEC_153,Nokia,2600MHz,20,2x2,8.778911590413275,3.383119948885989,38.789159670450786,287.1170497933918,31.32780643178298,48.63888952888634,52.97679275702112,9.727215481528974,71.42581637659495,33,0.873635800325333,95.17946375594467,6.4192399039976475,90.14991643570937,0
SEC_154,Ericsson,2600MHz,20,4x4,3.1719571676539857,5.653712471045579,30.923856829906782,221.72828964361963,31.3907070195703,48.61863922391254,97.9408157931929,12.322374702034637,69.02642595000567,28,1.2000925769745374,99.5742890296038,5.2439248199830955,109.49135087686929,2
SEC_155,Nokia,2100MHz,10,4x4,8.68900625540571,6.925992204185732,40.89209428736777,303.58011273710486,31.3763231279756,48.68209915881211,27.845790355319767,11.89287723106874,46.90078823147802,42,1.923231225675797,96.76008291250939,7.093957295766504,86.10427170079777,3
SEC_156,Nokia,2100MHz,20,8x8,3.7567225188172646,7.213590011296045,37.46851323569901,35.10515723072309,31.316899959106156,48.63266732961781,56.63118555201512,10.405215639585382,49.354331685666466,25,0.1510152726375113,97.05404500504841,5.703155382356286,97.72881194506303,2
SEC_157,Ericsson,2600MHz,10,4x4,2.968692745602808,6.527705988830352,30.5513801508,201.23302827591866,31.366758390183765,48.64435639563846,102.4754492668461,6.316793975186435,33.064922290041316,35,0.7856641926406871,95.09185827269052,5.626301486924557,123.27458818825205,2
SEC_158,Ericsson,2600MHz,10,2x2,6.490746587943931,14.060299413237967,45.513723629569526,180.39163689439096,31.328515522064727,48.6635109159739,51.809488468039454,11.839177527298977,24.69810022877345,32,0.008040378055314205,96.35260890085924,1.680582354398022,119.28724994100301,3
SEC_159,Nokia,2100MHz,10,4x4,3.2838122788508106,10.590285114960368,45.185794289431044,254.2295458668091,31.215711566184744,48.65187768014864,37.07172606507591,7.415786095651088,54.405909521339666,32,0.09992381876984509,99.02362991870716,4.527470708095937,107.41998190917651,3
SEC_160,Nokia,2600MHz,20,2x2,6.302087483291442,9.467559689350596,38.20643865835516,192.34459868172328,31.348112944651902,48.61751825948119,53.75559800152656,7.2523078186008405,25.90069529541279,34,0.05573656606873388,98.07745479833359,3.787026779815364,104.43191509792692,1
SEC_161,Nokia,1800MHz,10,2x2,6.098318054986946,0.7476304167441233,31.498758731294565,194.6644441679175,31.218981688253468,48.61798324897194,42.71205967393544,6.584544730186952,46.95647281739899,32,1.2927239994326205,98.76890300543208,1.9936854790905363,93.2838959651915,0
SEC_162,Huawei,1800MHz,15,4x4,5.634389273484588,13.55869995390562,42.07393954557747,154.65453968738328,31.31881655611394,48.63864988304683,57.76132698784198,9.750493867593894,76.42983191078065,22,0.08453397252195277,97.23606870396893,4.775623384037653,142.13568518343155,1
SEC_163,Huawei,2100MHz,20,8x8,3.804197042327977,13.640852880125943,37.87089760169167,111.1803926426427,31.340528041171645,48.61011183759191,41.487425991693144,13.635172895412063,77.17006335023507,30,1.26037731968509,96.54864610875666,3.848516013363583,149.90166509778993,1
SEC_164,Huawei,2100MHz,20,4x4,5.484997216514768,11.703195951451535,34.83915965263008,173.61517005078917,31.21330552164217,48.72529140393539,33.185626621904646,7.103918366859359,34.359937192841514,24,0.2871818034879464,97.41405046664185,1.3202393121411637,130.56442010825413,1
SEC_165,Ericsson,2100MHz,20,2x2,5.964854749854216,0.10543805720428734,37.86269084045691,42.65724915662421,31.246158930785306,48.65746534330178,19.718694401250644,15.035727859522265,57.44680520273926,25,2.101384216532187,96.61535534202875,2.230618624563117,65.51870236402137,0
SEC_166,Huawei,1800MHz,20,2x2,5.456868884954734,0.8592037661643503,38.359106326487435,346.14480203391054,31.383134446452328,48.655949193553816,74.02921259768594,12.729430667360717,48.44457584647146,29,1.6774490607750996,99.19485548337033,7.876331408507246,92.13368709896585,0
SEC_167,Ericsson,2600MHz,15,4x4,4.444194527512016,3.3783555340273463,39.00338718435743,257.18787490557537,31.32326289844658,48.66639965884755,112.81115168432957,5.6061938102481275,72.54110765516636,28,3.1660513683457294,96.48836857796422,0.8136388298792601,105.98997879318654,0
SEC_168,Ericsson,1800MHz,20,8x8,0.1466705704626381,1.9702411221736005,37.05957941848523,342.8881620076248,31.249257203762106,48.732559254841945,58.40355559232685,8.851674453465037,36.2858518565632,36,2.152115598635327,98.29881820226542,9.40827969186725,71.77916416233296,4
SEC_169,Huawei,2600MHz,20,8x8,5.870617077011509,5.982540445555942,39.69208485022491,81.62185763878678,31.3381359542296,48.7741267762967,56.76636687543784,6.879249199027584,20.22214440994501,33,2.7079914895709747,95.68491111154763,1.2444751844175956,102.37251114186785,0
SEC_170,Huawei,1800MHz,10,2x2,1.6844438514271964,13.839345871316844,44.69975536970204,316.5627672635501,31.319355283992337,48.75181738651113,61.2155317269747,11.994866373207149,29.753672355884905,31,1.9571700804100876,98.43433246867455,8.193142847831123,100.66665377602729,3
SEC_171,Huawei,2600MHz,20,2x2,6.425759689471896,7.080906512954974,35.79628939357746,291.16439444287386,31.30031513998359,48.74550584604502,96.34590564359398,7.035509956988772,40.971368070163884,27,1.1821522817194428,99.56649855800016,6.361284207943865,132.52414523761692,4
SEC_172,Nokia,1800MHz,15,8x8,7.59344327922866,0.20103939648248415,41.61146341151918,243.77486848476252,31.395237394997615,48.69687823712017,46.18627802880899,5.136641568831461,38.94326778622931,25,0.18664185842231845,98.04291577319954,9.470220263654024,85.05128680964106,0
SEC_173,Huawei,2100MHz,15,4x4,5.004453091307415,4.24118534368143,44.31124090918772,225.01050699067406,31.336690755481502,48.73876111139348,50.62052815998336,9.022822669788734,67.48177514737316,37,0.3170525516535099,97.79927690017239,8.807293211463753,134.89908664821087,4
SEC_174,Nokia,1800MHz,15,2x2,5.423636649797383,0.6689236255944231,37.29566841215899,113.9578794964332,31.275088221933583,48.71055247360672,68.47652344234238,13.508182221088774,60.83363996833027,34,0.23918016078218618,99.80559134010821,3.587950354828989,71.2789589149184,0
SEC_175,Ericsson,2600MHz,15,2x2,9.514785596659912,0.5443143392025324,37.09529338211047,293.90788258741105,31.360014686415372,48.64325010563731,38.089619466230815,9.42245132847234,37.973379176893836,31,0.9252956236327139,98.13698277657923,2.7984489274324047,75.46482407015938,0
SEC_176,Nokia,1800MHz,20,8x8,8.471673613725741,4.135797796433284,39.633871765676474,180.54556613270418,31.376916658584236,48.64171767354821,64.97634234683261,11.195331590070046,47.4646290299728,32,0.7004133915945089,96.29775216636541,4.838911287490683,88.61913076804038,0
SEC_177,Huawei,1800MHz,20,4x4,9.1423651595147,4.1341850801841815,39.46250815075981,25.52096732086273,31.225044111903365,48.659278401375055,45.3626928296523,11.311693292641122,25.733546237500114,39,2.018007814117649,96.4619551192387,2.2536702046639077,101.43615659994424,0
SEC_178,Ericsson,1800MHz,15,8x8,8.137662883195864,11.80689903902406,42.90542947722043,112.6307379078468,31.240110595569053,48.78216053419396,33.311325469834244,5.463173221776776,73.88878668920604,34,3.0506715010027645,98.52653321267964,1.2004520956050149,27.504627957922068,3
SEC_179,Ericsson,2100MHz,15,4x4,1.0891834184673144,14.622519791716678,37.62373414045268,336.70695547631794,31.243245401825554,48.709482968075946,34.54540290058492,7.301877618536038,76.12548946691206,28,0.5189584215241135,98.67718296946093,8.822094528529313,113.77892696232817,2
SEC_180,Ericsson,1800MHz,20,4x4,1.489918559701947,5.5681064083499745,45.93796719423106,306.24489381774464,31.338242361877306,48.74678107540037,37.02916798221368,10.019392561592792,78.7882121228563,25,0.705929635721037,96.51748115894507,5.987158445894107,151.28027595237253,4
SEC_181,Nokia,2100MHz,15,4x4,5.266237972689596,6.433303182915579,30.95154510187649,353.4860513075541,31.320607911010654,48.669311751963306,3.1848939198481956,0.8327935049033836,72.11316984715026,27,3.558425279416603,96.72671988963165,6.478506479603947,119.5380870393206,0
SEC_182,Huawei,2100MHz,10,2x2,2.4606965879799825,12.671841544290322,30.050685577291226,226.07761773747532,31.323798312939715,48.681543154133045,76.57083461583524,15.113363651182473,30.437653261773534,30,0.3232939709344826,99.95528254369543,9.342896273360157,93.67990219584512,1
SEC_183,Ericsson,1800MHz,15,8x8,4.766954750411592,4.022085301432701,40.24317298495398,89.10362633054831,31.3881546599379,48.62511311572745,57.368044077515016,6.31503281475733,22.77178899209773,34,1.5720976939897995,95.50976274790139,6.986081603022541,67.46226753191222,0
SEC_184,Ericsson,1800MHz,15,8x8,3.943653238183502,2.3457270660517193,34.774958597790025,58.61341788367096,31.35518230656146,48.63425899156434,65.96724130412852,7.2722196903014495,54.77580364476044,27,0.2552018489500321,97.0232251422005,7.21768153905832,45.60933292752959,0
SEC_185,Ericsson,1800MHz,10,4x4,5.494142384304533,12.796344351054756,33.84611821919174,67.28919861904619,31.225587384902354,48.765471310965225,58.43552437425017,10.871632778439238,74.75630161298662,33,1.1440075855157974,95.31223765598753,8.08271783593068,50.70929125854048,1
SEC_186,Nokia,2600MHz,10,2x2,7.468757161358227,0.6975087966009824,34.99038528006849,7.126437005011579,31.269501416485035,48.71696772633778,76.3776211905789,8.116319986650131,30.64108169958457,34,0.2925145670188946,99.1053918099912,1.4329952341016436,96.07480374979369,0
SEC_187,Nokia,1800MHz,20,2x2,7.154909070992744,9.295491602991236,34.09676104167927,140.6455599549381,31.287078729235144,48.66750649317677,51.12132985048448,1.324502203149379,20.42257487744851,27,2.151869352949712,95.46172919472716,4.241459378924124,163.20730055353806,1
SEC_188,Huawei,2100MHz,20,8x8,5.212341324853344,8.429892712002102,30.492640794567166,68.9139649798353,31.27919231774952,48.76057024179911,44.03731041635207,15.804043688241451,68.32976276193466,26,0.824345169088636,98.37003678231356,9.713871349330297,18.487798281057792,1
SEC_189,Nokia,1800MHz,10,2x2,8.223934188170581,5.188806712525414,45.54452867824942,148.19596576441288,31.333861721832374,48.649303981127595,45.263264353397446,6.777083841320539,24.607741057204038,31,0.2057133940350154,95.28241712001741,9.30637070290546,121.00653667705188,3
SEC_190,Ericsson,2600MHz,10,2x2,4.308620915380334,4.7278428164603845,33.53192781524451,336.5979954619555,31.37837862065131,48.79520653972004,43.31767408920994,11.682678168045417,44.82236191460183,26,0.254078613879483,98.36427518904846,6.269674366754163,79.66853762842175,4
SEC_191,Huawei,1800MHz,20,4x4,8.967142898401224,11.577865892724319,41.7444762014289,154.99447542258838,31.261210292704558,48.66896352154924,66.22739226560395,6.2398264863275354,60.7332402313271,31,0.6809206219000145,99.21518473463851,5.068796593050752,89.93515122914971,1
SEC_192,Ericsson,2600MHz,15,2x2,0.7128027005516391,1.2963691614381974,42.201542315106806,316.07441891454056,31.310375427284235,48.66746219083024,34.202251064931474,7.410895278751029,34.207855127370806,28,3.2597505701255547,96.99410763462029,6.100315607596875,71.86903340367964,2
SEC_193,Ericsson,2600MHz,10,4x4,9.546600300333075,3.5517646396707807,44.86811836811567,217.98171598171552,31.357881884382717,48.66238238110734,51.18126171309302,5.131200991956286,25.0377538068036,22,1.4681213698747375,97.61063246716088,1.0048940562583233,58.97683625539287,3
SEC_194,Nokia,1800MHz,20,8x8,6.546930814313482,10.986730977571346,30.48879131349408,88.96735967810109,31.28324361176907,48.62442230318486,80.18051196440916,7.77641979921076,66.20127370734971,27,0.6700356080346912,97.00770869002642,2.336656818314057,103.76911716016963,1
SEC_195,Huawei,2100MHz,15,2x2,3.800745089372053,8.224808755896364,43.95277341515212,128.1077133333161,31.233623625679858,48.622227429466406,52.0425932459724,8.067154547654352,57.81050509322249,31,0.41206556008779166,96.5024437931632,4.725709286356487,107.88410459409008,3
SEC_196,Nokia,2600MHz,10,8x8,1.9715412657287734,1.9198231280037958,38.4356188934368,30.211032895714588,31.294990193052747,48.729621006906825,78.99848501317948,9.60230296796531,79.30942906920828,24,0.7968834456903356,99.01631700313564,3.7453700200973965,120.05020176157872,4
SEC_197,Nokia,1800MHz,15,8x8,4.7918322944359995,13.232034214230902,40.120705759453244,120.04653369456378,31.211044504148607,48.77502360891161,59.56007821651593,8.882293472870652,40.65848199919756,19,1.3797590962736315,96.36001286865495,3.371564381687712,49.442688816754284,1
SEC_198,Huawei,1800MHz,20,2x2,1.9455832318530097,5.901717698453873,40.31152443393654,243.91474038127225,31.388476690800452,48.75810410205433,26.894937603179066,5.675440519108516,23.705743177411982,40,1.532146316922275,98.61471712194724,4.208290037630087,126.21917000434263,4
SEC_199,Ericsson,2100MHz,10,2x2,1.6633160774314215,12.418025629832593,43.11676487975564,25.959993454596667,31.214964241038995,48.628221518804274,29.093099502949652,8.42830051496822,64.06100212011773,37,0.39246319761380466,96.03098539627601,2.4649849092283187,126.75422662765551,3
SEC_200,Ericsson,2600MHz,15,8x8,6.173517574129742,11.81569523291563,35.334517154545765,73.94450705209056,31.287691343050113,48.70911642435841,64.98987720265094,14.341032000324422,51.30400513119474,29,1.277114513973025,96.24926898039165,3.781544399810215,112.73481059294414,1
SEC_201,Huawei,2600MHz,10,2x2,5.230847245817847,9.366381697075921,41.72881903775989,137.31877490879214,31.305976252217704,48.62111830919533,54.67437845517697,13.985171636235439,32.792235883348106,34,1.0723271303239292,96.68230581288606,5.701212745067526,87.37115148794618,3
SEC_202,Ericsson,1800MHz,15,4x4,6.700960346109417,7.417216969426395,38.457249755555154,353.53783332574653,31.397060766457457,48.60905892872262,48.87566052485899,11.36706108674407,66.90373934028557,26,3.196925798910615,97.94578188696894,6.952243542951751,109.25292601566834,1
SEC_203,Huawei,1800MHz,20,4x4,9.296058774219892,14.693262605726353,42.694304228885564,282.5502562651969,31.23320436472857,48.731277171876954,57.28323942953204,11.98929774022052,32.22532915099663,24,2.6749581893818086,97.27211159579771,1.9701302262898714,95.18652829569034,1
SEC_204,Huawei,2100MHz,20,2x2,5.322602133390402,2.174476085697256,45.848736524322135,264.0552287371574,31.222886303722472,48.70703046673607,70.83744571805894,16.182468403406038,35.63969928997619,32,1.5576965150766746,98.7257240491391,5.388234430570445,129.0554898995502,4
SEC_205,Nokia,2100MHz,10,8x8,5.809320532627977,10.877335913266721,33.21041627846018,41.82874434916055,31.20174122941251,48.616404737042295,62.16632509684386,11.713742978765492,25.551713262003148,28,1.2851636583990527,96.06783650168096,7.278817445017524,89.0036710621965,1
SEC_206,Huawei,2600MHz,15,2x2,0.8962633915494211,2.867860521971835,45.914378264959964,281.1585217013969,31.23111428737386,48.6069878492812,52.62877398699853,11.932569581612652,43.965936741851266,38,43.051997868463395,71.33809838225446,4.03834036828983,103.24073290230005,2
SEC_207,Nokia,2600MHz,10,2x2,7.176357859086295,5.0739465799852255,31.436994468524382,282.69677214576546,31.241454595813533,48.797951282681865,66.56330824617466,5.306250921659372,45.13575343624514,25,1.8705770922647769,98.8827873589261,3.1675562581739585,47.85033985086578,4
SEC_208,Ericsson,1800MHz,10,8x8,3.999052068041562,4.630481150597928,30.037080766477022,216.39697042475817,31.326116188316618,48.606004266429814,40.29582243125578,6.662108316285584,50.8737074208979,30,0.5577525064214783,99.10824666940036,6.597229791554904,109.15899367570665,0
SEC_209,Ericsson,2600MHz,15,8x8,9.767252386625788,14.205539816080845,30.7065909788453,356.5302415194139,31.243941358078278,48.68890565061003,52.127380222222136,9.90192904899639,62.53785602742665,35,0.31778470091497085,95.29740081554195,6.802423591391735,77.5133664728579,1
SEC_210,Ericsson,2100MHz,15,4x4,8.231740155956603,14.510342666824128,35.46851847578819,117.0914061328387,31.204104162945864,48.70092380492154,31.337373309832515,7.577673324777258,74.36605572082556,21,0.48476932021106994,98.05453761079198,1.854171187894702,115.37398652081708,1
SEC_211,Ericsson,2100MHz,15,8x8,5.2248104051611834,2.745231663520907,40.12650129085495,338.8580813670666,31.365323669100498,48.62345602956009,74.96468581586811,7.006134138930484,28.26404593326852,19,1.8074955749432893,96.89103391936538,4.510144546728046,123.65274685743502,0
SEC_212,Nokia,1800MHz,20,4x4,1.2322265417216605,0.3305274044625628,31.104472654205594,329.3032013843413,31.27311914020079,48.633812355687944,50.15963364848975,7.352622855303254,23.260885900919423,30,0.16091223924302958,98.96947827597259,4.659452677414861,81.70081173716044,0
SEC_213,Ericsson,2100MHz,10,8x8,8.594157932805892,10.800120594946696,30.090653032473078,4.133037509776023,31.270739337316147,48.67036100128207,46.63654690092878,5.729288073456617,21.111874015659996,31,0.6090978782382137,99.3720727709824,6.192705794215339,100.9356490740315,1
SEC_214,Huawei,2100MHz,10,2x2,7.997810954240217,6.269849008057265,44.99345645534072,162.041949530932,31.260495805833585,48.75233517524273,57.263863498914525,7.6258465417538455,28.617282684128973,25,0.6779780055152126,99.25501883398624,2.3695714169372613,105.23484734059774,3
SEC_215,Huawei,2100MHz,20,4x4,1.8458512953703299,1.3326036763134659,43.15082617503887,351.75752389856643,31.395074655429283,48.70141648481205,58.006191556123596,11.018306664432696,59.47696914689756,30,32.94952562553144,70.78368375551241,2.589787268834226,111.04191195799963,4
SEC_216,Huawei,2100MHz,15,4x4,2.9527828922031008,10.256311583655638,42.946930738224495,37.123690466907284,31.234023083461857,48.72758037491059,66.78238480559632,15.388971779454055,63.6486246797898,35,0.21784017603734518,96.34526114371081,3.568252473980692,123.69573476931747,3
SEC_217,Nokia,1800MHz,20,4x4,7.9340725814783735,8.176582923910495,44.15078840803163,197.20248997799501,31.379647612790645,48.79703491101813,38.84507579949852,12.390946548140857,67.19034281168733,20,1.7529759395631834,99.05944821784158,9.602830389416676,119.77033529090389,3
SEC_218,Ericsson,1800MHz,20,2x2,1.8522844654740966,14.70775233001659,41.20054836435367,352.42470253479746,31.355360666427977,48.75360108706264,56.0408332530923,11.908466455118306,34.62249271426056,34,1.7764811115800996,97.66739237953146,7.606977231078123,88.60329078255602,1
SEC_219,Ericsson,2600MHz,20,2x2,9.177524891713773,3.411142437920684,31.6704660759693,199.97835267810967,31.21529599109986,48.68687229962824,54.498585532106354,5.129399846804782,38.3536887956912,36,0.3458976338884537,95.26378307416046,4.86866780065647,147.94965787462314,0
SEC_220,Ericsson,2100MHz,10,2x2,4.245274251963619,6.0596681448982235,36.38560300917957,68.33350906997616,31.397345820300167,48.68928838435931,47.147630843919075,10.357890115066052,48.98807873392997,20,2.078619756221431,97.28469424949124,8.35261918654836,122.55962428362403,4
SEC_221,Nokia,2600MHz,20,2x2,0.8703896258765864,8.138187050931343,41.570391783434076,209.5859628333323,31.2542731927078,48.7237544154082,76.27670776114621,9.799120290108581,23.790985811613588,32,1.47745808128282,99.71078958514997,1.5037317541751654,142.1543317675608,2
SEC_222,Huawei,1800MHz,10,2x2,8.15748643504281,11.875499826800274,34.48535137266433,73.59860662183686,31.21971658540448,48.73307304168378,52.31725993578592,10.872223290853537,56.66849139267477,28,0.5411258813330638,99.43929674867776,8.733995377513764,110.40120170115758,1
SEC_223,Huawei,1800MHz,10,4x4,3.735096830383876,8.232579850800882,40.998501826179805,187.09353464201433,31.365862846825152,48.70014218516734,51.654816587707856,8.917937591567622,79.02410202054546,25,1.3799399707100257,95.51132140498558,6.353494424987536,112.17416365835622,3
SEC_224,Ericsson,1800MHz,10,2x2,5.26499194153781,9.193502412929238,30.391975172282436,26.65519844844528,31.34133510673554,48.728972244562996,62.02746473817379,14.986230223044005,41.64837868268015,33,3.2528109424901315,98.72063342857186,4.017961067130419,96.48426845786369,1
SEC_225,Huawei,1800MHz,15,4x4,1.1230434441121917,3.392205773849111,34.89819745407349,217.97376091718567,31.32344376117558,48.60470649888282,41.04517413536342,10.158326548893468,65.17084850548304,30,0.6142800277009378,99.02896432979118,8.342697301711214,86.68676564686913,2
SEC_226,Huawei,1800MHz,10,2x2,0.025840148449823852,12.703780921328397,38.78608538043476,186.04437808613696,31.231196172739786,48.68592457277937,52.72511409355207,10.450670064810618,50.00203493417648,34,0.2723694827928729,96.35694094118382,8.223080809137617,129.26014543313107,2
SEC_227,Nokia,1800MHz,10,8x8,6.379852057932976,6.429458204557136,40.11343727209987,266.4580927541267,31.29569922325119,48.6557876152147,38.616427407193996,4.112679325459449,27.668710661622963,38,2.844153470456596,97.35804285370546,8.611377235450544,107.93771873744248,3
SEC_228,Nokia,1800MHz,15,4x4,5.151751703337316,2.114394412826539,39.23265063139057,227.0521696171626,31.35611120537744,48.625834889048626,93.81128848828821,9.679972954167036,54.934246928155176,25,0.9256955401740349,98.55493970731841,2.0396611009628396,96.05308463459815,0
SEC_229,Nokia,2100MHz,10,8x8,5.935385691231472,9.96281871758126,41.16410041717487,197.8582566710724,31.260724787628767,48.61990930256176,36.307035233545555,13.447778050091904,37.9924561066439,28,0.11122787553203296,97.19520744410573,9.724251204961984,69.32125042385793,3
SEC_230,Nokia,2600MHz,20,4x4,7.937438503805163,3.2413567977796127,30.097419971837425,248.32038572932362,31.262337965703008,48.720638433122936,5.923531527724752,1.1666726824423106,22.064192507207494,31,0.8502287214999927,95.56398459433288,6.745644768875305,146.6534661312436,0
SEC_231,Ericsson,1800MHz,20,8x8,6.466059134228601,1.4634376535894962,31.615059199640342,51.81908888600311,31.200628181209623,48.70472010943052,63.2397211551968,3.533227180770675,58.09578380706463,23,0.6943096348447969,98.52941222340861,4.217226809515674,103.3787630389771,0
SEC_232,Nokia,2100MHz,10,2x2,1.7477344282737717,12.929803626064084,43.90310803646632,214.32947805309746,31.234848680329076,48.65071682339927,43.558022847482626,8.650974780561327,71.53594095948365,34,1.935091144646849,99.55819344867652,1.5930461639072768,63.19832268344347,3
SEC_233,Huawei,2100MHz,15,2x2,3.607725191105998,6.902433967326595,40.90797830544258,61.95981701619996,31.375081125024366,48.6941900117545,63.24569191551544,15.19569840208901,40.68618601399245,28,0.7565028064229183,98.26242364203078,2.5035010252190713,102.4426739747357,2
SEC_234,Ericsson,2600MHz,20,2x2,9.058911047877604,11.239255690436647,31.80690628297618,333.18799482667714,31.28834929832754,48.69844646303648,78.4430083588324,9.548077839155427,43.417732832766234,28,0.29468310169076856,98.86900374284517,6.95483420030159,93.97238686598314,1
SEC_235,Huawei,1800MHz,15,4x4,7.69944700251679,4.358813397095326,43.47319099837727,24.600277744417514,31.396846899846885,48.639001796087726,43.95216100169315,10.967247948133382,73.46130097803268,27,1.1259137978561644,96.79181267828915,6.0671164885449675,92.74160799564555,0
SEC_236,Huawei,2600MHz,15,8x8,5.566370579367172,11.804552023764995,33.87569948519307,154.93490988868558,31.27914159271476,48.730418612376326,58.06300464469251,14.857027861861905,68.81652880204135,40,0.7821433314429879,95.91599122563318,2.946717332604128,117.28779405914096,1
SEC_237,Huawei,1800MHz,20,2x2,2.556449978092723,1.6790389053229549,37.65215814712357,250.48709195596015,31.343037290956048,48.756183871277216,38.167451575446904,9.536157575359281,62.89716941310663,35,0.26532666479256206,98.21386830809146,3.5938242446503494,94.01381435709293,0
SEC_238,Nokia,2100MHz,15,8x8,3.0206050183479505,5.339600606922791,32.323144206154566,164.88799620057316,31.256383808580946,48.758292708177905,44.11518496230887,12.37308957987371,34.927823825188874,32,0.8524427411515327,96.6388560292061,3.312925617798528,90.83502843758524,2
SEC_239,Nokia,2100MHz,20,8x8,7.319580675856345,14.670927269602927,41.36176090274731,33.154291163844846,31.272761928228185,48.72049396614069,47.38405522482803,11.234187631475084,74.61299929799867,31,1.7233660135371045,99.30036759494897,6.977374885490338,140.87214210816575,1
SEC_240,Ericsson,2100MHz,15,2x2,8.511742608527708,11.90984574552009,40.669670736228284,199.21644580561465,31.23814519751818,48.7023277165038,37.52178134864189,11.875446590531176,29.26494545235278,30,0.028987011001048363,95.61314024989004,4.774490483677173,47.812990742140556,1
SEC_241,Ericsson,2100MHz,20,2x2,6.714246695306144,7.458838954720322,33.37779953865818,230.98748717784764,31.269412473699877,48.61220142860108,48.36151354720183,11.137646970500409,57.60623116503331,17,0.996555027093576,97.16731849866562,9.688696294317504,98.4585307631717,1
SEC_242,Nokia,2600MHz,10,8x8,8.095299757684417,5.096662073428276,43.81441226971203,253.36523195658276,31.309447504084126,48.65756625977032,50.38240591496983,8.357110364455641,21.728070832791122,37,0.4301449592984657,96.98363800234193,5.008211093065777,127.86555581976441,3
SEC_243,Huawei,1800MHz,20,2x2,7.666561352004059,13.082035500337149,36.4208963875154,134.3735332065932,31.39835457619585,48.61865428935563,61.33851824894528,8.656607345731992,58.62318837949675,30,0.3462600049922031,99.69026926776965,8.128401319440652,118.807973466774,1
SEC_244,Ericsson,1800MHz,20,2x2,1.4970396795695773,8.172716386267735,34.68024145713187,202.91758957035438,31.332840342614357,48.79276463217569,64.21043599189947,7.436271458895025,36.62866111240159,27,0.4985475592394891,95.76567400302201,3.634673937248439,130.60145779829855,4
SEC_245,Nokia,2600MHz,20,2x2,4.23944812913302,11.376375268036666,32.437273431432565,162.24713097800873,31.23984919088166,48.627016029245155,59.15268322030805,5.080872643389133,46.980618631023205,25,0.41858479239590185,95.04923412506005,1.1988743773843427,160.6471563965201,1
SEC_246,Nokia,1800MHz,20,4x4,1.5298380082856267,11.311615204742461,34.2586882002486,241.94017395081121,31.20899228831831,48.63035508197022,38.5974041732717,13.733589732029928,40.71587312342319,35,1.7852155675841086,96.19042606403559,5.390405536436929,150.96855231675977,2
SEC_247,Nokia,2100MHz,15,8x8,2.3523558480198483,0.26918517852737744,30.352430739581074,210.08050823693466,31.2252712962629,48.77791532366609,52.66875210514809,10.03024890064363,30.365405374772592,26,0.32130478130828743,99.10138429884327,3.8312339189160456,65.33395858351376,0
SEC_248,Huawei,1800MHz,10,8x8,8.692596246510526,1.8938067418892017,39.33211987929785,189.27223904128854,31.31251104025461,48.78878565669529,68.98049139547348,13.582480547573372,57.31884740563245,30,1.3210799051274584,96.04660908023509,2.818748485071313,51.678897516775116,0
SEC_249,Nokia,2100MHz,20,4x4,4.728919656331821,9.894440495921133,43.475691941503165,89.82877206176951,31.35303206576335,48.75316580784698,72.2999549637976,14.696118023753948,72.91853330843645,28,0.09878200186139069,96.20439031852742,9.573779177207753,109.80557220095547,3
SEC_250,Nokia,2600MHz,15,8x8,5.353581018426609,2.4242971692880717,38.78368719106627,0.72666638936421,31.388083841460148,48.60108098473454,43.43828872718399,10.160252442728632,77.5450545369442,28,3.02405711062277,95.64949402268405,3.497125750354791,59.376469553271384,0
SEC_251,Nokia,1800MHz,10,2x2,1.7844596522777212,3.83240016983407,33.508383390782015,62.66940311211454,31.203164634399364,48.60026925419131,65.09457244477287,6.059532604928126,31.540781789234906,11,0.9736990990783627,98.5771810163827,2.572377328439071,42.205920394147704,4
SEC_252,Nokia,2600MHz,10,8x8,3.12271786048796,14.199569312994107,30.538706851421964,42.143774912700714,31.304552028312372,48.67562015395749,73.61504989645812,9.411435562442602,63.042366443778405,25,1.2266226430359006,95.34587095252708,1.9514991118911764,109.48728573584759,1
SEC_253,Ericsson,1800MHz,10,2x2,2.3024616842786996,8.402733875623678,33.434049172140845,161.67050820394084,31.294173471244633,48.62867907400218,49.367154493091974,7.986569179710635,59.860361996340934,26,0.353877905150562,96.65604151164261,3.5263876821813462,117.01135976455701,2
SEC_254,Ericsson,2100MHz,10,4x4,2.061861645184264,11.260942604990207,36.65794284913748,220.41293427426407,31.33121100439514,48.60367722843032,57.570685484758414,4.059548622835038,40.60266737447435,25,0.531192577067937,96.41249363310482,9.993846413707415,151.3342193664704,2
SEC_255,Nokia,2600MHz,20,2x2,6.379607933159701,8.369711081739599,42.153782859196745,76.71060312653094,31.311915770893066,48.6928133378809,64.17845691563744,8.494813285213365,21.14595196122355,30,0.2533172148681169,97.77579864895077,2.388472453273463,123.0529320997127,1
SEC_256,Huawei,1800MHz,20,8x8,2.568838476457148,8.287704221740878,33.005485640604384,338.0605545481874,31.337407830116494,48.78861237948139,66.45050948162458,9.785388363806462,61.387474838771965,25,2.6961624285329684,98.65208132509868,3.9592162412060827,157.58680257908932,4
SEC_257,Ericsson,2100MHz,15,8x8,6.320154860204185,1.4122786518854684,41.51666325367498,2.4055665205996,31.331616516949836,48.66476391498048,71.3594340765471,8.070026812706036,76.72969163357001,33,0.6696346729979797,97.66438217348373,6.933953151856013,110.66662556007934,0
SEC_258,Nokia,2600MHz,15,8x8,0.584546141085539,5.154947889136546,43.87093549363014,278.02836545952346,31.22340234497159,48.73222813568574,107.87889624454282,7.685364739145539,57.92720731493908,29,0.9954641307464899,99.65512996487534,2.5519566713848794,65.91189283961927,4
SEC_259,Ericsson,2600MHz,15,4x4,1.4177439352710186,4.236463480297676,37.26314956973371,225.07371703095922,31.359943582723744,48.73044707062649,33.5119172640312,6.167392533601136,46.11756345125805,34,1.3252821646534962,99.75721319443666,2.059566781676068,124.66561168514872,4
SEC_260,Ericsson,1800MHz,10,4x4,2.745402540001254,5.8609254842041985,43.142911866281494,134.4797283771655,31.224646515143263,48.65021602073303,46.555140969073555,10.587766445062833,51.5092336466977,31,0.4637927028024302,96.80732664249258,2.427734679846388,140.02939298559463,3
SEC_261,Huawei,1800MHz,10,8x8,5.9704691689569165,11.975162823364924,38.87451756856153,18.17601998846685,31.339706125041825,48.730085049764774,20.971541227883638,15.607807849648722,31.977728459595053,37,1.2733287936576974,98.88840188137446,3.8141439852501295,111.73253193734715,1
SEC_262,Nokia,1800MHz,20,2x2,6.7584124508737595,5.578990018752973,40.193453393294476,225.89516584234056,31.28322907352812,48.64246679485738,38.52079907084987,13.835871664153442,65.03264982522425,29,1.126988583694072,98.69400691634095,1.9532412066589617,143.5165139606722,0
SEC_263,Nokia,2100MHz,10,4x4,4.427169667795271,6.775452288475241,38.42045536541124,138.8208646316333,31.302770146915318,48.62440148271538,14.03751693305513,11.960880663960895,64.78518980059094,33,1.2230174541310663,99.46482295852414,1.167819277733046,96.30247860891468,2
SEC_264,Huawei,1800MHz,10,8x8,4.457909145772289,5.960720857279748,37.41076346802147,337.05617018875887,31.38065960287514,48.740276657111934,56.7539995195923,12.026227356793123,28.731038023245496,29,0.6718356925680102,97.23971820103851,8.241775276012095,116.37697351345972,0
SEC_265,Huawei,2600MHz,10,8x8,7.245168513986181,1.401119579629434,33.75445506841359,195.11642696031572,31.377976745294696,48.62268816342078,79.93446680055392,9.602070567222626,72.67870294997954,32,0.48278477285447285,97.65236593598897,1.5687381372118323,94.77003755974393,0
SEC_266,Nokia,2600MHz,15,4x4,0.1582109176558244,6.616082373761756,34.85110495137674,338.27454406566295,31.363571261131003,48.79938184371787,65.26647510247277,4.586460462138879,36.15138436839831,29,0.2511344007555347,97.07887156790787,5.588654153836026,171.37130774191309,4
SEC_267,Nokia,1800MHz,15,4x4,3.4109002447422054,2.9341390956677253,34.639521903097744,79.37412965038948,31.302029676091262,48.636690480230044,38.13277834174548,8.891704931617902,78.9353636561969,22,1.7408364543505914,99.25188459649853,8.177882310879937,125.23782058981635,0
SEC_268,Huawei,1800MHz,20,4x4,8.187070571192328,2.8008494365956222,39.01262289526103,261.2613277310772,31.347247962026767,48.71882837255129,54.71047436530505,7.092166938003549,42.974180842234745,31,0.9373868139782383,96.14851157681068,5.841275736963188,66.49884607446378,0
SEC_269,Ericsson,2600MHz,10,2x2,6.032194102133722,1.4105415665139953,31.91925908838224,222.20964750554126,31.30257941110376,48.682274914282516,52.243003394150335,10.464090248035971,30.67304352406998,44,0.5876206316618913,96.19854539121222,2.650996337371594,155.5779240542386,0
SEC_270,Ericsson,2100MHz,10,2x2,3.372271327554204,5.350064612126471,44.668667051237364,266.18696273927225,31.373921216494953,48.625277284481136,33.808068278490104,13.699644111816264,41.103206680739135,29,2.8823304964648893,96.8630255178854,2.305294603748996,78.00460724927835,3
SEC_271,Huawei,1800MHz,20,8x8,9.055247923296738,11.36222827184126,41.530482324529814,77.28043103011325,31.28055516664658,48.60556878151549,31.963756970979365,15.920228770745382,46.41081972183159,32,0.049020943929423154,96.15171416051176,7.631245960488991,100.41087878699618,1
SEC_272,Ericsson,1800MHz,10,4x4,7.726227274493826,4.146625358750941,36.423130094611096,239.39802584559854,31.394047068882973,48.72454645645857,46.94238603892027,10.193863093541596,24.15846638229769,31,1.8982669437587918,97.8050341820746,6.4124828738360735,114.04902387476982,0
SEC_273,Huawei,2600MHz,10,2x2,2.6489544723673344,4.6852365282827035,32.53798631242205,179.29454150047283,31.386464551645773,48.76135151275783,61.89807968551284,4.998530988467933,54.69310287339737,30,6.0250597785206725,95.67245053247751,4.829356775909454,116.49975924530962,4
SEC_274,Ericsson,1800MHz,15,4x4,6.452898375257169,9.640119865086355,44.11187471554617,267.41699096627383,31.348320523890354,48.768403132301344,44.23642972304494,10.188028150485934,55.857946392134025,26,44.679088146716616,74.07038552786706,1.0780218086061795,114.51166670465194,3
SEC_275,Ericsson,2100MHz,20,8x8,5.957507281889567,2.937612188803783,43.18044944161864,117.7360718946544,31.255883176835212,48.69654269461539,57.82713110028098,10.269568488740147,64.33582732096833,30,1.6630316698885266,99.56722349237795,9.34765314137042,66.00863483981638,0
SEC_276,Nokia,2600MHz,20,2x2,4.011879140389826,13.454368956353015,41.54754484347487,320.42052916749094,31.22633071775865,48.755491093436476,96.67417360933874,12.036531611578596,21.7501935374446,18,0.46889383474564633,97.04612740095898,1.1176281809132664,114.61103905486331,4
SEC_277,Nokia,1800MHz,20,2x2,3.6695607920480064,7.802857848773317,34.34475275857988,30.348473260086134,31.37094069001864,48.73456942669771,71.75721177343829,9.942413348797508,52.474292866029806,35,0.26307295246850276,98.74116858246755,4.301252966260051,133.0193781140711,1
SEC_278,Ericsson,2600MHz,20,2x2,3.4356047477570395,6.714044104803254,36.4391461989387,290.5881547648277,31.23306045722759,48.744850905499824,76.35308200428658,10.199554821882039,23.174445996239864,31,1.3274615384392092,95.56731095853287,3.2370833928057117,132.15592089982474,4
SEC_279,Ericsson,1800MHz,15,8x8,6.171557833956468,8.367302878938021,31.643972039238776,310.0750652934327,31.370852157799465,48.69851980104436,5.521383653844155,0.8103817726338823,62.068653197999204,29,0.36323263623447316,96.23782254070892,1.0121997204815396,60.945622196438876,1
SEC_280,Nokia,1800MHz,15,4x4,4.424099364806695,2.490514701242932,33.02463239564051,294.2108320920556,31.29815300134247,48.72668234804843,52.83269535696371,9.064294050673364,23.343679142059067,32,0.1936329081873584,99.03672810600185,5.473803784157174,80.33041355556917,0
SEC_281,Nokia,1800MHz,10,2x2,8.31863113251422,9.202097079587645,42.52826619706772,184.58150193423936,31.28131135676162,48.76110518271521,24.88721451779145,11.539697280445548,74.70367090049797,28,1.5442397047356482,98.81496468144847,7.77528095059909,68.6643506139736,3
SEC_282,Nokia,2100MHz,10,8x8,6.696026161339619,5.446511049510157,41.44061950161094,157.81859281107407,31.380638155766885,48.679576835111405,44.4545441604337,3.974548851569498,62.1249540130698,41,0.37475694561975537,96.9307795929691,8.409417878032949,110.19438976001348,3
SEC_283,Huawei,2100MHz,10,4x4,0.6993160570943413,13.457795114469283,39.495772207614955,358.65442314895563,31.320770196508054,48.761195780173516,44.52352665889005,9.048134303008526,50.44338590510942,31,2.4585576087092402,99.77198451016737,8.91457293975296,53.45056652657317,2
SEC_284,Ericsson,2600MHz,10,8x8,6.40168223828166,2.532813100165292,44.331627614818764,82.50190243709837,31.315322801425943,48.71840336855781,63.50671142018375,12.06369990398773,46.490235396870496,27,1.836543331712474,99.55321507917273,3.772628870386827,66.31771683155596,3
SEC_285,Nokia,1800MHz,15,4x4,2.7114743650018482,7.605766557981616,39.332264285008726,196.87534771537605,31.31175318892488,48.63318020487416,49.38591007071743,14.9221868230166,27.840357824795742,22,1.881511300075931,99.8115037455612,6.6757257147668545,80.04595031046307,2
SEC_286,Ericsson,1800MHz,20,8x8,5.928119916534227,8.97168944053527,37.471487999417775,241.4431891376372,31.274233903203907,48.60493683144492,46.70779170178507,8.804990667609289,37.45996337387979,26,1.476524262067283,97.13957345093893,1.7156774196684887,46.09629663307833,1
SEC_287,Huawei,2100MHz,15,4x4,6.801319311034514,0.5007540267957183,35.4459319408922,252.3123489101155,31.357128620705826,48.67255072007983,35.20509854112414,13.556109342471363,72.13754630125378,23,2.1276358431185183,95.98736791842842,5.392344018535749,99.1660268842271,0
SEC_288,Huawei,1800MHz,10,2x2,2.3082918915401205,5.455396871342104,45.04717609177876,73.44887966588833,31.250559688803154,48.70933926565927,47.734610692294204,15.07007153625383,74.26716869374962,31,1.6385932907793275,98.1332931954567,2.393341793845617,36.80514282975714,3
SEC_289,Nokia,2100MHz,15,4x4,4.5685864488036865,10.989528520512492,31.323447384389656,235.43787324232844,31.387778992008254,48.7679640704407,40.41424404372454,8.843852796811966,20.044862502231865,28,0.9225889329057643,98.423865791396,4.326788058602693,114.56034308630598,1
SEC_290,Huawei,1800MHz,20,8x8,1.903248628190678,12.305662611734599,44.89419795297293,294.6130439332814,31.378797041009392,48.62549713602805,10.711359096246618,8.32537440150454,55.648183488653075,31,0.3507251343292612,95.6272089222526,3.9637478157813937,88.08935083993379,2
SEC_291,Ericsson,2600MHz,20,8x8,0.5233887578650831,4.697429922259236,43.22743455889629,18.0066876556004,31.267496065134978,48.760041269536714,43.565949293014576,9.453776589724221,63.15803654150682,22,2.1911259507490155,98.93241517147953,3.368305636621501,81.28050378290672,2
SEC_292,Nokia,1800MHz,15,4x4,3.7847642348586907,11.978899085741268,32.07887879257122,328.1476655971139,31.345892753966332,48.77260180921344,51.33371488719618,9.754144644810713,57.124818947456376,33,1.8363612404450997,95.0903010987998,6.144729561767193,86.17754135292225,1
SEC_293,Ericsson,1800MHz,15,2x2,3.62944271845992,14.516338156550832,39.03974972280406,10.621459852274135,31.314644638889916,48.63013749740017,66.37836971231164,13.272468003566559,24.900785891981236,30,0.6403257665421911,97.41364193738391,9.125889823566963,98.18841723113856,1
SEC_294,Ericsson,2100MHz,15,2x2,9.95480490704257,12.853109041126412,43.86476770798539,128.14957169582198,31.267529860399847,48.770318863860844,13.591951134826026,7.678824461471213,33.06349392793413,32,0.03986275265857526,96.65508129747448,4.550361682127548,117.78598548229348,3
SEC_295,Huawei,1800MHz,10,4x4,4.463523511976422,1.764659822389878,39.14894661771446,5.692750643866344,31.397704329599087,48.798290713568555,36.94412549369514,14.614196308316409,35.02041604288316,35,1.0176142057008333,98.70151529949543,9.830180761403957,139.51291820791351,0
SEC_296,Huawei,1800MHz,15,4x4,3.335695494722004,11.095954981283109,44.51519714496996,27.772260674249473,31.205047469169653,48.74536776620965,56.4718075099214,7.597727341821345,69.90347787830538,25,0.051921758857962574,96.56380363710907,7.8312524324608255,130.41717445644863,3
SEC_297,Huawei,2100MHz,15,8x8,5.804750067166746,4.795002486608171,45.087741069056676,328.02058266482845,31.250529206124256,48.756953936364994,63.17293195629752,6.20672524114731,47.791966178535226,30,2.607480628660399,99.13403556390516,5.603329421095449,166.95064968329848,3
SEC_298,Huawei,2600MHz,15,2x2,0.8876739410776846,14.826239841181149,36.75815235494889,127.74989906861322,31.304014812222228,48.79888305351177,65.5474448645396,11.571331634676037,49.20969271647421,44,3.2605121254630425,97.97476744390406,4.757366553805247,120.25891628132348,4
SEC_299,Huawei,2600MHz,20,4x4,9.616657359548132,7.2803847473983065,36.037018582501176,152.91775095301904,31.30439060069571,48.72109625010519,59.637396935525935,13.691681286607619,76.09358279327051,37,0.2100917798292404,98.96946680881037,1.3440122781312502,104.20945307121798,1
SEC_300,Nokia,2100MHz,20,2x2,6.349600455910331,1.8365084753841154,44.98113846350651,77.52397729771894,31.31778661498911,48.66157727640325,68.2956612483529,10.535966443038738,58.22515333128293,27,1.1282142700315307,99.94670318919812,8.600693781822894,86.28904542005112,0
SEC_301,Ericsson,2100MHz,10,4x4,7.548378199408478,10.877783220410862,40.80224097839469,214.95447726721912,31.350335234404582,48.76750616681521,61.94139058997853,11.305253193898821,73.92006209315983,28,0.09680720480634168,98.39579172871778,6.241217095575693,87.28603129172407,3
SEC_302,Ericsson,2100MHz,10,4x4,1.7047793817391754,4.845167975793208,31.85636290157071,214.12915728400426,31.32469556610386,48.722897155502324,62.87927597114023,15.862891714075936,47.390531320491974,22,1.307545765179374,99.92475158180822,9.874607321886415,116.17114079697765,4
SEC_303,Ericsson,2100MHz,20,2x2,4.094778530052039,14.956172356224926,30.6766679875629,133.99214105707892,31.320056292105605,48.71623908474419,42.97903996263882,13.733958344605902,28.966175511097653,26,0.426618776863575,95.14418163460853,6.727858693775642,70.01667574665387,1
SEC_304,Ericsson,2100MHz,20,4x4,4.226891133961895,14.696736867817828,39.034064815956214,119.89255384994341,31.210702892582606,48.65072711110281,66.70541356525518,10.092776253347498,75.79613564444514,31,1.1427212786013208,96.69069994241904,8.507004249396925,106.86928417575808,1
SEC_305,Huawei,2600MHz,20,4x4,8.218064439010869,9.84201027030871,44.882735447014795,318.5871509450116,31.27530605755786,48.751266853916576,31.23595351056649,8.706559350454187,47.522306940052296,34,0.4666118027218601,95.53926632281154,5.73850527961001,99.43405312588347,3
SEC_306,Ericsson,2600MHz,15,8x8,0.012366797594094425,1.9473967342757637,43.50797923849309,137.9823262711925,31.24641114794023,48.61633345517202,100.45267706232781,13.285176599444156,30.89788531272931,27,0.15731778461863402,96.3115246569222,2.876405254250094,78.15708830493136,2
SEC_307,Nokia,2100MHz,15,4x4,3.0085310835325507,10.302914965125435,40.813563943429386,177.66035717558697,31.253074022320394,48.78485741415893,4.900201769837166,1.2487851740277662,38.143744418235336,27,0.5210611291235151,99.19443949562887,3.336495627098905,68.46429121101455,4
SEC_308,Nokia,1800MHz,20,4x4,9.812363743443038,1.3954572969004082,32.2258535822574,101.98971447297502,31.310867494868067,48.6651646921541,51.934012868717225,11.255730047980249,23.048155381336535,28,0.11954229971845128,95.16161632663045,4.87444225088359,175.74152505195525,0
SEC_309,Ericsson,2100MHz,15,4x4,4.748865435062186,0.44046238653588476,34.06770213997913,283.23702120856586,31.239901062985922,48.625554930557996,35.82121012883785,9.018958942019536,48.09803548738311,29,0.8601071923208867,97.60091467866197,5.205172099679534,58.102865013451265,0
SEC_310,Ericsson,1800MHz,15,8x8,3.8252628024400828,12.34437669332229,44.00817962484186,143.081336483673,31.25878982020338,48.68847330662048,22.78960477837774,9.7708310911995,71.1876903146142,33,46.06854183802419,84.01054735988515,3.160762317429795,97.96724306960152,3
SEC_311,Nokia,2100MHz,10,2x2,1.1982900201764635,3.1462942152552205,32.92491578651041,184.89997675595683,31.247416941703467,48.60849398185131,51.615562216875965,9.557441306145831,76.01482736040137,22,0.7493359743742407,97.80575573335977,9.051380860158746,136.67751424471618,2
SEC_312,Nokia,2100MHz,20,8x8,9.741646286280156,5.685406893286461,34.45503053200695,91.20858122147811,31.389700588643638,48.73692523885299,58.27091824387096,9.068893649256115,75.95613245021863,32,2.1747958168971087,97.37648536911628,5.882930760705814,115.87170594784834,0
SEC_313,Huawei,2600MHz,20,8x8,0.20026355925824468,14.601860849642597,32.07361041912707,355.5574532428506,31.38893314643422,48.78054110208907,90.81057865842222,8.196555590212052,27.513801537724802,36,1.8193769663599724,98.95301482384878,6.864199670567488,85.79393332133017,1
SEC_314,Nokia,1800MHz,15,2x2,7.371802250072431,5.052607527916549,40.81773170263058,104.93846673254023,31.32198831171921,48.7674526014277,58.921678937368796,10.795595907844906,42.92323295066342,25,2.143717267497228,95.66771544752775,8.29016000241637,64.23558593363985,0
SEC_315,Huawei,1800MHz,20,8x8,7.685998047885084,4.447346719249729,45.10371688581135,277.4673111259986,31.38490449374638,48.62547389468958,55.52242542580186,8.061054112691968,21.693725579042383,27,2.5516723164008805,96.55288507775394,6.001343743527514,103.89359329778573,0
SEC_316,Huawei,2600MHz,10,2x2,2.436567160638666,13.773119994341629,34.303488505526175,153.8984341284333,31.357162529093674,48.62525422742155,54.2148051856584,10.532137512743404,71.30992069828837,23,0.11040420020604808,98.07863026722586,6.666353752309462,20.81454252595357,2
SEC_317,Huawei,2600MHz,10,8x8,6.7155844361303725,1.6612266797843716,37.60650572560118,74.23826583029036,31.31798957656036,48.76268689646485,92.26821163170074,3.7003803033428593,41.52534572127642,29,0.13782310643991774,98.45475683133978,3.8807113351004343,105.09601181187605,0
SEC_318,Huawei,2600MHz,10,2x2,0.9292914437938993,11.393736151719477,40.149435835379265,287.89875502735003,31.20128704229936,48.78485085492062,51.6984971818051,8.200377494197554,57.86702167353409,27,0.8142008731930188,97.02074215888528,6.288771028867623,101.0447976068362,4
SEC_319,Huawei,2600MHz,20,4x4,2.570472664320799,14.82098349979161,45.99145997145009,120.09844405045554,31.354503257215878,48.6921339659667,99.90894531146552,13.294987602082145,62.89390628463732,26,2.244058373053838,99.37685631663616,2.9563121215335744,132.103657855798,3
SEC_320,Ericsson,1800MHz,20,8x8,7.87901988292265,13.519440161619732,31.676929039961152,311.469605063212,31.340497668317692,48.69979422338275,48.740271967907404,7.298712323606532,45.79068018458932,24,3.6631905194428733,97.07746698347957,4.407781450636847,65.69980770746702,1
SEC_321,Nokia,1800MHz,20,8x8,8.646861920335402,9.775018780596389,37.977132792091346,329.4925865704163,31.323050730656483,48.663652408277144,49.239361702017746,11.77630588312943,38.38654019301458,33,0.04736619170662166,97.01388067174166,4.76317614673838,90.29585800461803,1
SEC_322,Huawei,2100MHz,20,8x8,6.084864126597913,4.71091192489098,36.16192191844,309.53658074085934,31.352084862336493,48.77885302365128,62.988899274576525,7.5481487499007685,77.73277460695668,31,0.4397058134633917,95.18103630743693,5.919630813489215,113.10704940512552,0
SEC_323,Nokia,2100MHz,20,8x8,5.068384318204826,3.8148297176747508,43.85312264355768,12.602849330450034,31.30258443295495,48.72898058105847,65.02202938301208,12.327356970379661,77.86929350143126,22,0.23939267448290302,97.75570668097367,5.981412431789416,106.16703276110685,0
SEC_324,Nokia,2600MHz,10,4x4,1.593040206189803,12.288826573071917,37.615483696186494,283.45440420183803,31.340816654264266,48.65765031543347,92.33937027637812,9.108673158404377,37.36618208180131,30,1.4104471000863732,98.54340419255952,3.82731320656563,59.720605092687414,2
SEC_325,Huawei,2600MHz,15,8x8,0.6310903307915017,13.19732870927543,31.77564039336237,148.08220793969178,31.387034417345298,48.65975657421085,56.53969838499745,8.990060186904143,48.777505804667484,30,1.0221899163019341,95.57219081758424,2.627806133573955,80.57494808848352,2
SEC_326,Ericsson,2600MHz,10,4x4,1.1764902847355863,7.881523688185393,40.15078632458534,314.54025126560106,31.275161003169217,48.77824001461272,92.16006488486742,10.16305443564105,78.37064951960134,36,0.1277061426536434,96.52716383043935,6.541400728182235,141.9973468069418,4
SEC_327,Huawei,2100MHz,20,4x4,2.2735730009609876,3.665099111796992,42.33248989222208,229.66353456650594,31.341624366980124,48.60272680478116,37.778155850443284,5.969719098634913,20.292104459330194,30,0.6607227161463488,98.90628476891426,6.297274876143288,107.77979155873346,2
SEC_328,Ericsson,2100MHz,10,4x4,3.416745018969208,1.6941481261676032,30.04610002664983,300.11152829182504,31.29513756360219,48.66454531454533,61.81852102591489,12.916272456269382,44.76069490274895,22,1.1565821026659,96.82959717706788,4.669652945724354,50.07651556068311,0
SEC_329,Nokia,2100MHz,20,4x4,3.809095255109872,1.3076920174774675,43.743306966730074,179.7954371520607,31.334879930362796,48.71087133624327,28.62255205906603,13.910300324547212,26.027452980858108,30,1.5096169846583354,96.2080123102002,6.860592646692564,126.49696440032011,0
SEC_330,Ericsson,2100MHz,20,2x2,3.4632176858900356,10.786161710307834,32.97636800009065,192.60918165561583,31.352578667110873,48.629643492419866,48.59479907092453,8.919905509015127,50.54947793375616,33,0.020256494257897245,98.36100331782556,7.911700820288247,52.02205821841659,1
SEC_331,Ericsson,2100MHz,10,2x2,2.3905533219726562,6.301780917715875,38.83310983445405,51.9795475681202,31.209090500087157,48.61841975083992,37.68663290741493,11.572612512704639,21.48019727242923,32,2.2115529051615765,95.98379388835828,9.646552794054188,90.78938507161746,2
SEC_332,Ericsson,2100MHz,20,8x8,5.097242467516981,13.580398114168055,36.6527600109992,282.23544912816794,31.329320088789732,48.76305526621811,63.049034786720384,12.336732040636171,44.41390588343767,35,0.8423002627587909,99.47826459791588,5.495942460408243,116.89829663729434,1
SEC_333,Nokia,2100MHz,15,2x2,8.252861082328968,11.095069510901455,41.51446106576849,150.9802602001098,31.245348236881387,48.7788808777297,66.7275016113352,9.726227343005114,33.24194448712011,26,1.6708300019030016,95.52799198013071,2.008886593156829,136.41117640056208,3
SEC_334,Nokia,2600MHz,20,2x2,2.797035384714792,2.8689062687188005,35.93858583657187,180.02884257776975,31.33400650756151,48.764721284159634,79.47742156031849,6.6752585418464045,51.99850174752444,28,1.649937198687996,98.53274901141414,3.4768245490502103,29.862272870176028,0
SEC_335,Ericsson,2600MHz,15,8x8,9.423870191022331,9.206661282235485,43.916210826907374,282.63517707445476,31.29366603718676,48.779757577947464,78.7374557386024,14.782246395855534,79.75961894604198,20,0.21053914695757725,97.49774350643187,3.7175145371568696,121.34770322412093,3
SEC_336,Ericsson,2600MHz,15,8x8,8.733366617238477,6.5325818159723905,41.68794177534065,215.58434402859803,31.354710548372974,48.710622394211676,90.84398525582554,8.822434885213603,68.03216630760485,40,0.11672722850230222,99.34964781198497,6.351062692569744,125.85173920151401,3
SEC_337,Huawei,2600MHz,20,8x8,1.617642113521096,8.658745961529196,40.363410737006745,72.39554187936028,31.224680163041118,48.762451624198064,100.22508479885514,8.17259569235857,70.73852549746528,28,1.2775736655010328,95.63097545513118,3.187244841316604,83.2895359552561,4
SEC_338,Ericsson,2100MHz,10,2x2,7.862759567570945,11.071036850077757,42.73984952900567,212.48375729432138,31.325264470331238,48.67680852767822,50.559667619932426,14.916375794001777,58.11589924154485,33,0.17010874034801393,98.38947459248044,9.579918383984246,102.72727268303049,3
SEC_339,Huawei,1800MHz,15,2x2,5.745873823177666,12.092938215056861,42.06436855885411,146.74782887267608,31.255694145785508,48.73325357229581,42.50487012578029,11.83017630266861,22.493590896335512,37,1.896703347722691,97.86027319590691,5.366187169429013,10.0,3
SEC_340,Ericsson,2100MHz,10,8x8,5.6657536217141855,12.656059896100864,30.575018798744853,169.02919513579056,31.370596399066116,48.79776710627783,59.70901229660732,10.77229022817404,32.40786056264865,31,1.2953189587649412,97.40045071120024,9.76402450881036,17.560590555762644,1
SEC_341,Huawei,1800MHz,15,4x4,3.9104276305817445,3.8096231185803706,36.31574966151725,10.192058784960402,31.38567670112726,48.64514554476783,22.119089433594933,7.087718009792348,75.5038733868233,28,1.84405556750969,97.45703631716334,1.0737848901786597,133.25598160024762,0
SEC_342,Nokia,2600MHz,20,8x8,5.0115299918200975,0.46673399876036525,44.89291675706384,75.61056582586137,31.39927965873581,48.677979949258216,95.46715964007358,12.408412174639661,41.96678707572507,32,0.3552654799989323,98.60988480899266,6.362536861279983,83.83314313042094,4
SEC_343,Ericsson,2100MHz,20,4x4,3.9717877742921104,11.089421027471598,32.01158830387562,101.17370929717018,31.359201480485456,48.69600947546201,39.34719575837432,18.68955581655924,26.218203588847736,24,0.38067210115830796,99.68870827467411,9.380084067490156,89.61363305493583,1
SEC_344,Ericsson,2600MHz,15,4x4,5.397326187599428,1.595155893836619,41.79354480691282,256.6656028291701,31.3507468140856,48.62760309740401,69.5948730088699,12.641522991635618,62.14432195197212,29,1.1123711786132895,95.45625829559523,6.754431895320843,107.04029211082079,0
SEC_345,Ericsson,2100MHz,20,8x8,6.279500527726358,4.7237938291945145,45.59346898136528,4.137290387321513,31.243100151773508,48.616207722093016,63.74076984677467,11.488265488877694,37.967463436055276,31,0.0319509949650493,95.0975132380526,1.1176888075715337,89.02203367669382,3
SEC_346,Ericsson,2600MHz,15,8x8,6.743038064090484,0.05725701186520715,30.835178064719546,147.15981404248754,31.26720141179802,48.76594457326432,65.65103588123195,12.163278389458288,36.1314147742503,34,1.2964417608011831,99.02852396240601,1.7817152702669465,86.23923599389154,0
SEC_347,Huawei,1800MHz,20,8x8,5.324811925594261,10.2250422360243,40.91510209002577,332.64967335326384,31.293136508352454,48.795358874565515,17.91333995358661,9.015654000494372,90.3305219487944,31,1.8065669865146323,95.5408469377538,6.883880527839126,111.83467185730149,4
SEC_348,Ericsson,1800MHz,10,2x2,7.214220673287317,2.5069801720683187,37.49046626081649,40.27702195768458,31.354676209556448,48.68094501276593,67.08363131111622,8.987047811220554,71.48833550159927,26,0.5364231060761898,99.93348398040212,1.2292542256159642,55.13391226961835,0
SEC_349,Nokia,1800MHz,20,4x4,1.412780492755058,9.829236145374873,39.26680408599555,185.91277975869997,31.382993173015592,48.61752996723893,51.65049635071259,8.94866354729135,44.47626910207046,23,1.4476542810777497,98.09674124479419,1.5724809655885066,134.7975295558178,2
SEC_350,Nokia,2100MHz,10,2x2,2.1198249090223853,14.876139257517583,31.3654613837492,283.1480576607049,31.237827820004597,48.61316235213812,54.671722337370674,8.27515013383937,78.81567246898994,21,0.19190038804414772,98.2543319762707,2.9897098632409773,93.0924992537694,1
SEC_351,Ericsson,1800MHz,20,2x2,8.187350040742702,1.0900630741502444,30.688111229871033,339.311270707242,31.38447349693402,48.778263641272055,48.20846189084421,8.942665402671947,59.00679340515282,38,0.38899212649297354,95.99445851469008,5.611957918694958,69.83024497777382,0
SEC_352,Nokia,2100MHz,10,8x8,3.225279778464152,1.1561701792719103,40.66986656881475,268.83959023213845,31.33912493047081,48.69276284994554,51.73396995595581,8.928678423253244,64.5213471127856,29,3.6614574228696783,96.20156155148337,5.913123033401268,65.79370946433005,0
SEC_353,Ericsson,1800MHz,20,2x2,0.22893824976120247,5.105701390000124,43.172950877131484,259.4035975119862,31.322154146137006,48.66400546331248,33.25392830074952,9.265946473497607,21.890782584932694,28,4.29241802781688,98.29675151549625,1.3083501051415392,101.27955659365969,2
SEC_354,Ericsson,1800MHz,10,8x8,1.537911496680311,12.99579771377013,42.51224535892747,297.5357124704745,31.239968254256386,48.69529225424788,45.59392870162887,9.1819659052597,27.29631556088343,40,0.7186805051438857,99.54863418967099,2.5333052570337804,90.8092687066487,3
SEC_355,Nokia,2100MHz,15,4x4,2.2361443449631127,3.2329480318699777,38.7008916458598,160.63243955191572,31.21110500656183,48.66366081893847,30.67691589526221,10.729035571029103,57.9851075897743,29,2.722196664094568,99.91195277258784,5.497351060011898,53.534797764437215,2
SEC_356,Ericsson,2100MHz,15,8x8,9.573228878945873,5.405667298955214,31.59786913817885,290.1040317424199,31.313692979701585,48.697807155061525,36.518491632089024,10.236379054623537,73.94143895896903,38,0.739674331196559,95.99015473315546,6.345465588490647,81.94494683865591,0
SEC_357,Nokia,1800MHz,10,2x2,5.730414289308493,1.0275810994046934,41.00871110137622,2.8671857083624053,31.330303136665776,48.77191127938359,19.955764689917558,10.502087360535109,57.424623565255736,29,0.3447296145480976,95.67059811354895,2.335615268375938,75.72402991351552,0
SEC_358,Huawei,2100MHz,20,2x2,9.327307404762548,11.44732936888334,33.87022213686633,332.84197993564976,31.242156289870938,48.71846027421242,53.9589223025733,14.566892690033448,28.041493659139505,20,0.31047218966968454,95.28200678880395,4.589572707522736,137.8556960956261,1
SEC_359,Ericsson,1800MHz,10,8x8,5.751633504966249,6.124595141391767,44.57709924427814,159.59034342618313,31.31129124116509,48.738930754562034,75.3740324806612,10.230202716149535,26.945602774779477,32,2.6522234996464817,99.34148509080664,9.139612928652571,103.91357244915227,3
SEC_360,Huawei,2100MHz,20,8x8,4.793544401378518,11.388730995912642,43.41224575273128,199.21686763166915,31.371298680552513,48.67293413524687,43.15841397289144,16.632672978402343,70.6511537494449,26,0.18928138709095035,96.47357423428234,9.990093583415549,147.08018285111675,1
SEC_361,Nokia,2600MHz,15,2x2,3.1372769119409605,13.554117665201927,41.35012747339825,91.75760960935763,31.367013189091004,48.747701175702105,96.71550578787853,11.058068619467836,28.35814032247486,28,0.86662585086159,95.00906016934626,6.919451065436189,78.70077326898226,1
SEC_362,Huawei,2600MHz,20,4x4,6.063709444333756,3.4914472065193314,45.18153529329808,267.31109982255174,31.38547103611726,48.73332341697587,100.3280883603806,8.658221227351488,51.213917630241525,23,0.8108616217101048,96.11909043028214,6.254549414807296,91.2660433376791,0
SEC_363,Huawei,2600MHz,15,4x4,1.3919802461752984,12.11094045509927,30.502749144180367,27.588890331089573,31.273177161911374,48.62391239955041,48.01941222716391,14.048749717140998,22.226799197738135,30,1.34561964651229,96.70220540049709,3.1863585540846584,111.59659675707142,2
SEC_364,Nokia,2600MHz,20,8x8,8.98261627292706,0.8864083511737991,41.77920680097219,314.1488889168607,31.263609914510184,48.714528570623116,52.864636851956504,9.761418196875404,24.84018604347064,27,0.6916341408316206,99.95493084748342,5.0254180400711395,118.12397831722102,0
SEC_365,Huawei,2600MHz,20,4x4,8.293324051412837,13.48271082270371,35.283884469382485,298.1220584422834,31.34988520119616,48.65134869926195,97.29295698792467,2.818947544797614,60.340896058571886,29,0.3178466988735787,97.6177079692854,3.3245310350404513,121.62973217358896,1
SEC_366,Huawei,1800MHz,20,2x2,3.1753144787673704,9.76152821338121,44.49705417098184,77.7816418481159,31.2862224810194,48.76081913392672,48.614879555122215,9.987990574494448,61.350884625651,28,0.18560273352946927,96.0235697379755,6.8367432414178255,73.36571342699573,3
SEC_367,Nokia,2600MHz,10,8x8,9.527975276012944,13.113400862075274,34.26680314659164,291.35678338269446,31.217509732805556,48.68518754169339,45.95725051161166,9.252472486168127,40.48816439650655,35,0.9697410971353283,96.67409172356726,2.649424567107744,74.20962589028214,1
SEC_368,Huawei,2600MHz,10,2x2,8.252007674155681,0.0028259933487284616,41.59770398904027,283.08878390213334,31.2565602261341,48.79893683303929,18.2011977882319,14.819642158865005,91.06559480467767,33,1.269367716428643,96.6515384377844,4.519074197745091,89.33739185538471,4
SEC_369,Nokia,2600MHz,15,2x2,6.663068858350397,2.536216055339888,44.042352314412504,227.59797519142165,31.283716457106298,48.61850008758779,84.44235550827148,7.307299944998899,68.82261624543847,38,0.8428573841687755,95.09862873231587,3.9996785282829537,144.4272059225679,0
SEC_370,Huawei,2600MHz,15,4x4,1.217619111252748,5.846390811397381,30.66650909412292,134.46726368388752,31.258503285095248,48.75606957254803,57.13642483264124,9.002035545765183,33.02619376819342,29,1.3407524272046678,95.67591527085715,0.8542256746231597,69.97950449705391,2
SEC_371,Nokia,2100MHz,10,8x8,4.782340230480723,5.692543550620779,36.36236127347258,97.73955150547243,31.266441114189462,48.73474034670843,8.381947018484084,13.802918128181377,52.52162417998278,36,0.1525932960374826,98.47598229851606,8.116326133715024,84.19224981530036,0
SEC_372,Nokia,1800MHz,15,8x8,5.0610755484675085,3.40095574385266,42.19694451235102,83.44209250416601,31.25875518123488,48.75349976611814,45.16980234188245,11.183225598172541,78.09253045177434,33,2.1410633175057754,95.60125493285368,1.1070804902064006,121.8957374326956,0
SEC_373,Huawei,2600MHz,10,4x4,2.325513583653801,5.724179098008001,37.27870223212139,114.69922659489858,31.208299833436616,48.66150595909809,69.57765313825809,9.485629525080599,28.871146271743026,28,0.8732204867447858,96.1536713830306,2.546882436195801,120.2906279424646,2
SEC_374,Huawei,2600MHz,20,2x2,0.7996539435930194,1.9327306800038224,34.27604207669752,325.2810396357109,31.327418940164886,48.69841089787648,75.20759476824736,7.730543000580898,76.45257604968253,28,0.13564096122059424,96.75368649202154,0.737321612360215,116.66255103453759,4
SEC_375,Huawei,2600MHz,15,2x2,7.767236304716927,6.191416938990391,33.51688558117104,27.95067935596126,31.319458484070694,48.75930170394474,103.32487589901442,11.055237180625092,30.97358318412012,36,0.6197577028436235,98.78867472251147,3.0700689037597484,102.42530742337907,1
SEC_376,Ericsson,1800MHz,15,2x2,1.2203505212439503,12.035314937388963,32.10429227066204,298.3936594510651,31.330676699695736,48.64650826632417,50.80284196848568,9.912096570345193,54.04659248139377,33,1.862987437249917,97.9120048243397,1.5684447534772539,68.04599135350792,2
SEC_377,Ericsson,2100MHz,10,2x2,5.942907505617747,7.186050946550268,43.714072957700516,125.60042701505648,31.238461979206726,48.64520663935773,53.644060316385605,7.696512204378408,42.620462717524674,32,2.2784994299569785,98.44499992494283,9.22159870148117,79.27672213293593,3
SEC_378,Ericsson,1800MHz,15,8x8,9.364491738836605,0.2700013341782248,39.20568645202489,187.77578256408896,31.259130908322497,48.710210190658984,65.83305460474129,7.8524603760164045,77.89571609010954,38,0.307408029485516,97.83506162710086,4.741113656465817,133.7947052778685,0
SEC_379,Nokia,2100MHz,15,8x8,8.761051925980425,6.321660623688711,31.222159119863296,286.01482811345664,31.323923185388985,48.70471271590597,50.15516023753643,7.556583656664754,36.41252174011622,38,1.2422488228399837,98.41796212610934,5.135461973779691,123.20911999767225,1
SEC_380,Huawei,2600MHz,20,4x4,2.7775262374926113,0.4076252413626624,36.12128517713017,318.37555692826965,31.319925513691985,48.656452494082586,123.07171676902729,7.022333158708362,43.979480125145216,34,0.10534412410747593,95.01421076831986,2.9040564873723858,59.95045276673602,0
SEC_381,Nokia,2600MHz,15,4x4,8.514486375512654,14.493651160601972,35.883738412881755,124.12131122615293,31.30126606187085,48.65961513010497,46.566563385472456,12.802101279917007,78.97160707132522,37,0.03412144282806315,99.65449072185714,4.653288771471127,126.08372889114466,1
SEC_382,Ericsson,1800MHz,20,8x8,0.003325061204894064,1.9118093913430345,32.907827051351404,166.26365325903973,31.27008265000204,48.65556903264131,35.98778430338234,12.398180075861315,52.18822347130839,28,0.8218876766100585,95.55460115437403,8.059673049563834,139.26335316293006,2
SEC_383,Huawei,1800MHz,10,8x8,0.17687809613257222,10.615324894959281,36.96812200755505,149.22578333404522,31.382586200954936,48.754302412399696,59.2093761240622,12.80702336915738,50.15780693727521,34,1.1868783484260317,97.03124547988452,6.833320687440801,101.61492366141015,4
SEC_384,Nokia,2100MHz,15,2x2,6.0255316384286495,14.591644843381287,35.313589846290185,4.770372061407797,31.267954048459767,48.73038017311249,68.81470299407958,10.013498646305573,35.46670929223948,35,1.5885903958156482,98.85519185122428,7.733864065556148,112.78843542038821,1
SEC_385,Huawei,2100MHz,20,2x2,3.647982191445295,12.390585774998579,35.46885928787492,106.53943998911637,31.29112383128745,48.76648343668205,46.988075046970636,9.272113636599531,62.081813618626484,32,0.41584313166865283,97.17615359004712,9.153762971583344,130.34455556728625,1
SEC_386,Nokia,1800MHz,10,4x4,3.8646084115914716,10.489730626893055,41.82442492460734,165.30812414372227,31.33562276619084,48.795094605662804,34.840682438158915,9.32685367032599,20.86237710666666,37,0.0065467939946436725,99.73421275833758,8.771918785042859,79.12850811512794,3
SEC_387,Huawei,2100MHz,15,8x8,5.644410906788825,12.591913642511503,33.57221416808314,147.99369919695832,31.308604286173352,48.6948328592544,76.41484377838027,13.063304718718324,22.97075778213761,31,0.6530023505176108,97.33794474249383,7.066526074783262,169.88793413864443,1
SEC_388,Ericsson,1800MHz,10,4x4,1.9178245559186058,14.726980398909415,40.269759341685685,259.8945219056446,31.269377195272877,48.61333877628109,38.114466577935346,4.5395565340125135,55.96151522814816,20,0.015980557002389973,99.37469702801336,2.9317416661398576,136.692339359396,2
SEC_389,Ericsson,2100MHz,15,8x8,2.1175535066547835,9.320167458802944,39.13039398209496,138.52930219959717,31.2871289580913,48.60961846208241,55.08581676699468,8.456541689927732,40.50047442910724,23,0.0964938417937431,99.05414056681136,6.739325659377359,115.72084441610386,2
SEC_390,Huawei,1800MHz,10,2x2,4.846015870188647,8.387772102439897,39.08948019740588,176.17552162944128,31.3588961635707,48.65913300785432,69.71227717021678,7.337963117486748,77.19898233205762,36,0.3955479795860119,99.90493151399342,5.554747861664598,98.96476467445865,2
SEC_391,Nokia,1800MHz,10,4x4,7.542535443438631,9.423571656949221,40.60811753826842,154.6590931676508,31.255625831097323,48.786508917870485,43.37592164868469,14.079662639765225,74.19144144336714,29,0.5747812917913134,99.63273890375487,7.45497307909378,114.84332333841242,3
SEC_392,Ericsson,1800MHz,20,4x4,6.194977514075877,7.9901383014233245,38.77411257913046,266.6254136019734,31.228451047955364,48.70464261099418,40.66808244114929,8.567627429658645,62.822375520602435,29,0.3277674511590476,99.4906191735644,8.496384835536233,53.19152504006665,1
SEC_393,Ericsson,2100MHz,10,8x8,2.973550482368389,9.526336588645782,44.06808183754215,310.6700636353065,31.262632640365954,48.654357303216024,41.69468386955504,5.0920334936806775,69.08873486766808,29,0.8719515694580864,98.65802170259734,7.684493474677757,162.46263303728855,3
SEC_394,Ericsson,2100MHz,15,2x2,4.303371775089212,6.7476331195883885,40.80928147120416,191.4800684427051,31.369906843097578,48.6798333589022,63.52326884862147,10.670270926740368,60.0399109800616,28,0.056940567330558675,96.8349907363411,8.619050529651567,133.8667472032705,2
SEC_395,Huawei,2100MHz,15,4x4,1.706647585499984,3.2766477432496064,38.75141202194221,284.19558991026884,31.21779794297127,48.719719021480934,65.9022155780399,8.889657415318258,27.53492616260964,29,0.15616236385359533,95.53062709282452,1.5747973600692147,143.92040790406764,4
SEC_396,Huawei,1800MHz,20,2x2,0.7462981433708171,1.8037083976751345,43.27620992460232,106.84320552714621,31.39833921467449,48.73058993162757,50.50588087643191,8.329213576945115,65.93260218135217,29,1.1882910770562722,98.44322526132196,1.2845803441371757,100.92271491051078,4
SEC_397,Nokia,2100MHz,15,4x4,7.826960407441492,1.025114032983906,39.69834503893568,194.89305965661674,31.30820057978553,48.63078390195658,78.246233796046,8.019904129822518,32.61151812313078,28,0.15331535800326682,99.89327040668982,3.3265051092963454,89.19132411761117,0
SEC_398,Nokia,2100MHz,15,2x2,2.6538740918819457,3.9497367562980013,34.658307964562866,124.28278332119008,31.396969148793417,48.79540633530903,50.47949838905192,7.901545662517579,39.406571306011806,40,1.0210270023314059,98.63302218665935,9.105994756977655,79.77078389949172,4
SEC_399,Nokia,1800MHz,15,8x8,1.777663878512482,0.6918534650360075,33.31351869082514,149.1123332058589,31.387799284417195,48.70895444539656,69.38499821252248,12.125680944569934,69.15405272614521,35,0.056236672512893,99.64364684638667,8.412933258855766,124.40723826540419,0
SEC_400,Huawei,2600MHz,10,4x4,6.9161805556931935,8.507561698790784,32.43724457060286,263.66899133256067,31.290562742842184,48.62713766355846,65.27996390435386,10.67136209967353,52.19153650360689,39,0.5232057406771209,99.02152356477758,5.001181976110463,84.62358761031187,1
SEC_401,Huawei,1800MHz,10,4x4,6.18051674287186,4.257426705352804,44.39128340073763,317.3984936397766,31.23969821492107,48.778727050669225,85.00634800558346,9.406102733108412,71.59644285100455,31,0.19529673567754055,95.8155733755834,7.306828006957444,94.37929200445879,3
SEC_402,Nokia,2100MHz,15,2x2,6.3318962601346405,12.368022121305483,41.362166908769055,43.73834079159555,31.232976955313028,48.614927686215886,73.55197123369567,6.705283369460991,32.78211919059585,26,0.11612522843054747,96.24601885295644,7.540034223323913,116.39197380025749,1
SEC_403,Nokia,1800MHz,20,2x2,2.288946048466136,1.1136130948257965,44.99805501062913,228.47013233545698,31.24799787277399,48.7815470866355,48.08038046707227,9.493320029836237,56.46670631641323,29,0.8370932663199478,96.70932800881175,9.483424304362723,80.22015049490983,4
SEC_404,Huawei,2600MHz,10,4x4,2.3264553856268098,3.395272415122289,39.65266889143909,209.57177072800746,31.342026528112907,48.79931313125779,107.27715469613256,10.781883572800078,25.0274583528957,30,2.6357635680869693,95.84130222169001,5.942804259537613,131.3184029194957,4
SEC_405,Nokia,1800MHz,20,8x8,2.2080262978563914,10.953692206352189,37.5744141039186,42.62941410333548,31.254589998946297,48.7400863598313,70.75970736758026,10.89596334477847,58.58365961240178,30,0.05634503076236902,97.90825666336504,6.610513483243428,99.46776766330437,1
SEC_406,Ericsson,2100MHz,15,2x2,1.737525956622945,8.98212444575237,30.95546382353423,76.28195895843928,31.26828505392086,48.7540894442148,73.29561614438973,10.482653148975308,65.75204226653209,29,0.5474105106746417,99.87725262067475,6.991438917314264,54.75642045112084,2
SEC_407,Huawei,2600MHz,15,2x2,6.557236725616563,0.967369068737513,40.74627650473648,111.96089810376489,31.289755760798922,48.667460567293496,19.155307446293133,7.2322219995174155,55.0958536387233,27,1.2294117743353252,98.8072941671808,2.046563650985068,79.89991963695016,0
SEC_408,Nokia,2100MHz,10,2x2,8.480158852494014,13.158591857433006,39.3153401562917,60.09518549430053,31.38264653608429,48.78831537054678,60.79027173936253,2.7904702222239424,35.97389008992862,36,0.6211760343566367,97.1169337453373,6.915869426406452,139.24556349910793,1
SEC_409,Huawei,2600MHz,15,4x4,7.243174696766612,13.158926442392692,45.843342297401946,87.74261370876305,31.23787868357697,48.70594279322167,87.20172230937918,15.398856280155801,21.880560131532004,27,1.6424568163712665,95.02252240490144,3.3754777782362884,71.88992459912852,3
SEC_410,Ericsson,2600MHz,10,4x4,7.920936337605432,4.956120058136608,33.826540444515885,96.33628759021471,31.20100531052196,48.74647768931951,85.59914882122769,6.071089377674406,27.166933037857145,33,0.19801849061389468,96.5663800556909,1.6636597848161856,126.82232461712856,4
SEC_411,Huawei,1800MHz,15,4x4,4.047984290851998,5.10608765024347,38.49179768458937,120.84257989406146,31.212019282075634,48.784821543182254,15.982558950290539,4.1051261239991845,91.35832428413266,25,3.2087820643941396,97.63379643846108,8.257625373219168,103.65020310083717,4
SEC_412,Huawei,1800MHz,15,4x4,6.540757953719981,14.835425375252608,40.415317361889166,269.78056300841723,31.38095326833602,48.7950359951951,53.7171691927179,10.391546839012287,76.06521301055082,33,0.48639748154733,96.62125436925986,5.592223898228311,94.84899094812658,1
SEC_413,Huawei,2100MHz,10,8x8,3.5423624044477453,9.392642573897072,40.313458795877494,205.88839338621625,31.32950329296867,48.76664087131933,69.24710457947121,4.874444490307837,32.39206423832039,35,0.4178965081802671,95.5551746151193,9.796825375204794,175.37782452349825,3
SEC_414,Huawei,1800MHz,10,8x8,5.2550462196864,7.969747808520887,38.980696687174444,355.0488019025045,31.25460812386556,48.66060350139641,58.09210060540058,7.585603754275344,64.10156894630592,27,2.0762928600101644,97.21382478430947,3.5351141902707246,61.47351271211037,4
SEC_415,Ericsson,1800MHz,10,4x4,4.816348465348623,12.572282753278866,42.43084816523561,149.30489770828956,31.23543850020224,48.79330950331041,53.25359665598544,11.646551277426484,71.98706379494249,33,0.8298081094025255,96.26626408482858,5.326031010745691,77.7959918503065,3
SEC_416,Huawei,2600MHz,15,8x8,1.768871451438544,4.279355075359747,33.27969935242906,271.391426581293,31.25885334732742,48.725623906248714,100.63607283380142,15.318061805422138,51.25293070685066,35,0.7265888557250162,99.5461618823075,3.5223713644138694,99.29709793049777,2
SEC_417,Huawei,1800MHz,15,2x2,3.870787603356308,6.437738900945353,41.610035204390655,313.72863169555217,31.222959385450256,48.78612849527039,56.270392676178055,11.16253542481713,60.15594775061947,35,1.2982026062196184,95.50877264250508,2.0870157018932085,172.4724817615025,4
SEC_418,Nokia,2600MHz,20,2x2,9.63822275482351,4.016650132325013,39.915753142929425,244.4322574936951,31.388306582056888,48.73522100516287,86.55528961545106,8.68252218736936,68.90091900056889,21,0.8671059748074327,95.24576314362355,3.3845262566339103,99.36696469623077,0
SEC_419,Huawei,2600MHz,10,2x2,2.4858025771494208,11.83741269883097,44.33720178871317,148.27130655029856,31.356841234873052,48.66144779236954,117.00833494825261,9.845741336779474,35.64050946443562,20,0.17735269576439805,95.02657084577432,2.5115867754518266,108.22758815666356,3
SEC_420,Nokia,2600MHz,15,4x4,1.3380373627948872,8.60024018452827,43.55511102453731,271.29406706847107,31.292478235382507,48.674004904828564,65.22418396763294,4.5742421284752925,37.81374045608258,24,1.1214642865391824,96.64034842242829,1.7100189696116865,89.92493501240094,2
SEC_421,Ericsson,2100MHz,15,2x2,4.185806216239353,9.882376052101058,35.04235262612085,73.32016959816654,31.37299252102304,48.71009435542059,27.26434492398136,8.64774367250455,20.03765099770737,39,0.14325725504398584,98.30193419100445,3.5394002563252536,110.7588573568571,1
SEC_422,Ericsson,2100MHz,10,8x8,7.903377358601481,3.7846087475910983,34.41979719960245,117.91877946484767,31.249891640858646,48.75800296831198,51.085452664861954,8.650655188219167,77.78564785386814,30,1.639163911122611,98.65206876440897,3.099265221397528,91.78547780090615,0
SEC_423,Ericsson,2100MHz,20,4x4,5.821482297799722,3.3033795206597265,45.70645318163916,196.80669183574395,31.343424113694436,48.663596510268064,53.21815017435446,10.45998598641154,75.05269367578069,34,4.579170887217826,97.26630841690861,7.606661779052902,120.85967813299766,0
SEC_424,Ericsson,2600MHz,10,8x8,6.809748272382445,7.32561943474408,38.4362428946441,207.1473794230134,31.37122649980275,48.71594623322684,91.2344031627868,15.826568838081313,65.87409582556582,33,0.47383114480655975,98.42164325227634,0.8938836230327085,123.22561979456484,3
SEC_425,Nokia,2100MHz,20,2x2,1.8969484817467719,11.063486236392402,44.50273542263099,7.970931170146605,31.271353742324653,48.66912499871528,51.60973871992942,4.189614133803283,24.744561258598885,31,0.5883474388700765,96.79957018107682,6.557164731218991,92.97684511515402,2
SEC_426,Huawei,2100MHz,15,2x2,6.189481930077215,7.878596362802402,32.62209638048772,340.24110795216313,31.351492889090142,48.76315388092702,61.32678865958838,8.77696716527654,46.85017338197049,32,0.04754627637567541,98.33903109993308,7.845952078212458,66.23559885711808,1
SEC_427,Ericsson,1800MHz,20,2x2,3.2350039491147378,0.4896851631850291,40.28510263680279,250.7858176382604,31.25901446985286,48.69334561875359,87.56925020407354,4.499471368024462,26.11350523829317,38,0.01382836066323651,95.20297992651187,5.326511108220759,102.80709541077208,0
SEC_428,Huawei,2100MHz,15,4x4,8.343033659547675,13.028272594804331,42.95776299776938,178.45335008348079,31.259771427051806,48.61534456537058,62.02271478315514,8.489907720248477,20.955216035767915,20,2.5436296006006467,96.95376492283502,9.384084820071266,142.06365245263498,3
SEC_429,Nokia,2100MHz,10,8x8,6.292988060107362,0.9703034027269736,45.15832399338315,335.925804386991,31.221411435710838,48.63321050429631,64.65972951577203,7.40619357664602,56.970977912755835,33,0.13768177692533595,98.9542483881659,7.370926257128818,75.20018218662372,3
SEC_430,Nokia,2600MHz,10,4x4,1.988562777752959,14.337367255811284,35.39744225627238,158.07440349029827,31.28801160930188,48.61222093352393,72.08554332624523,5.5169610774958,77.6497650248113,26,0.5901912993265427,99.01503015229501,5.411919003261929,110.01750671179903,2
SEC_431,Nokia,2600MHz,10,4x4,0.6461667984408614,0.37712937415909087,41.599698718784836,352.95680529733386,31.345942381299484,48.69986058920286,43.8317154860857,12.739276091589337,74.172081405929,31,1.6893181791861689,98.58074389437847,1.9406809708774826,63.827787099621474,4
SEC_432,Ericsson,2600MHz,20,2x2,0.42633209287032736,10.416756841960632,38.621008144633905,184.42251260765462,31.388044161114255,48.62126745946965,23.292489289580733,10.766943111551289,61.80528889612426,27,2.201100920009079,96.02119310284932,5.5969621277861625,68.80577996570423,2
SEC_433,Huawei,2600MHz,15,4x4,3.7140856765014076,1.233105955676725,30.970062817063493,41.142877199272604,31.320759398385817,48.622827993861925,63.32968690194634,12.387566888962137,25.798435049892284,26,0.7327151393856399,96.23602559465317,5.942196837323624,139.01097505908965,0
SEC_434,Huawei,2600MHz,10,4x4,2.658511366543135,13.660148691527093,41.039995796943096,275.3283500853398,31.372627107547146,48.78820965200767,16.941637740784806,8.405038525997517,36.44984226033801,30,0.8324840207485279,99.98044363632256,2.9759782469577343,120.7460014794784,4
SEC_435,Huawei,2600MHz,10,2x2,6.46090123462508,6.966498543383142,41.0415449318055,244.40318102802257,31.364498929858044,48.77453101443521,86.55485306293366,9.787850572659751,39.20340361311746,32,1.1077054235824304,95.5168900360098,2.044187328607719,110.46895390115283,4
SEC_436,Nokia,2100MHz,15,4x4,4.993338349786183,2.062856622255231,44.88970887754459,278.2752196700112,31.234668610595055,48.690417319362275,44.25774523362718,14.783921923648943,65.78900346473367,23,3.254048964247799,95.90331349451205,4.46545611283255,30.346802070751153,3
SEC_437,Ericsson,2600MHz,10,2x2,2.660192780053807,5.112235496847699,37.95699913870356,342.51913034124516,31.297163485782526,48.79716106417004,45.44906550430703,9.991839414672661,68.13495075410685,26,0.9229880110270361,95.65013127825067,5.359530204700864,83.4132138568988,4
SEC_438,Nokia,2600MHz,15,2x2,1.4923777795017612,2.4723701302014307,33.68401473136824,279.5361489543665,31.223384707105076,48.60003730563413,77.94466769884407,12.423869647478323,43.10636737939522,36,0.8197886704982812,96.63827481841808,3.331125736972827,118.20442009260061,4
SEC_439,Nokia,1800MHz,15,2x2,1.271997626874496,2.55872867335635,30.713021175178866,220.08117679799287,31.336430632312325,48.72279589125468,38.920517095372944,8.147631091849814,45.07303979705658,35,0.014640790499138552,96.05087917616962,7.629866877023091,56.528034762370304,4
SEC_440,Huawei,2100MHz,15,2x2,8.646603921404177,14.221624802571633,36.650274986974495,308.6312048499027,31.389979933649215,48.723285635474376,56.761643804761526,12.148052030092781,22.67054235657028,32,0.0844144269188769,97.48843979773886,2.022080868797839,89.38343830274209,1
SEC_441,Nokia,2100MHz,15,4x4,2.4347796840486726,6.678691684271822,34.83066720124003,242.36871816763136,31.22741789161575,48.69148861117398,60.61439494733756,8.353241920584095,37.34820310512566,28,0.8607889189690198,97.3801035344006,8.25410539439636,122.99961131857951,2
SEC_442,Huawei,2100MHz,15,2x2,6.5171064791096835,11.832033958580393,42.17741289638201,146.92286045733232,31.34677662616051,48.67938959458686,39.47248755517337,4.310732871820982,47.077110630658396,27,2.7526353268148354,99.50752809725651,3.2788673347812165,54.66583859965582,3
SEC_443,Ericsson,2600MHz,20,2x2,8.106859279862663,9.594083417665228,35.668284237456746,318.82311512703836,31.326447630173572,48.69107662709612,69.66117342546767,9.977251336236876,27.018982783115455,30,2.0150881506732525,95.17369973722391,2.26825262260194,49.6214023915361,1
SEC_444,Huawei,2600MHz,10,4x4,6.140813111847361,10.146395435075885,45.1851391410375,79.88416588237423,31.31672100740162,48.682992087215936,79.83515446135995,8.589090572188114,47.19604764530128,24,4.050074483533484,96.59939788333881,4.419400080784322,55.18515651267462,3
SEC_445,Ericsson,2600MHz,20,4x4,8.595652316469458,1.9754015770805777,45.39696324780455,257.2708589671407,31.278024046937666,48.74609849549646,43.34155019529544,5.125655921808214,71.19054873546801,26,0.7504247398624835,97.98328945998546,1.1417436882060348,110.03455634834538,0
SEC_446,Huawei,1800MHz,10,8x8,3.923937215284745,3.512766702232285,39.93453744348333,317.3628437786725,31.27102632955076,48.62707108699466,53.222112843155244,10.574478555019521,54.8792611835032,22,1.5508432952730669,98.02400880921982,1.236679540162017,83.29004413411293,0
SEC_447,Nokia,2600MHz,20,4x4,9.562221906489484,11.801255027316554,44.858564592238125,263.2739470931867,31.209049837803775,48.63952784411823,42.8020804182136,7.319420545140035,24.73579130230474,34,1.8350866709694658,97.40063114507105,2.3444805913487303,126.34145879389345,3
SEC_448,Nokia,1800MHz,15,4x4,1.3314500417809694,14.561493097121744,42.17366951223193,251.0191508593885,31.243581741650402,48.63610364567849,58.48575469329304,19.277923835388044,31.50027912981646,38,1.0442140430275275,99.07832770407317,5.842607956613405,103.63055155703844,2
SEC_449,Ericsson,2100MHz,10,8x8,1.021495296575381,3.940134638979776,38.74975425560202,270.949785865861,31.203035376457365,48.652494117024254,43.47254506057701,5.606673299758997,48.472661009513374,25,0.41362315095445085,95.31361085707229,9.168547476027046,156.4160415381412,2
SEC_450,Ericsson,2600MHz,10,4x4,6.586921462074436,4.073531471265598,32.88492696676445,167.41988938823198,31.316283421116403,48.70505168375632,42.67778848400472,6.361225172649581,41.689228989308724,26,0.6348375839388415,99.07743882790068,6.0325416107360335,62.875534052519555,0
SEC_451,Ericsson,1800MHz,20,4x4,9.428311414132617,7.093456992163572,37.33756709622144,314.70144557652935,31.22117064717558,48.62224174946765,41.30039601288764,12.608653319943372,41.52362117276593,32,1.9513443935567776,97.47377120217851,5.414018139288779,109.95315115327296,1
SEC_452,Huawei,1800MHz,20,4x4,8.08883461636328,14.757604692831567,38.97399141380188,73.23713104899284,31.374603878805942,48.7736338590653,41.93488128209837,9.600934358079733,51.75604688861541,21,0.3546027010638168,95.668803475385,1.333467943241435,76.1435568692605,1
SEC_453,Huawei,2600MHz,10,4x4,0.7641685943805143,4.034384187397066,43.82338529176016,45.859109760122145,31.30462860413943,48.6594723062617,99.04171987620626,12.547606927786655,55.06375529536744,26,2.5736477858028612,99.42850956770239,4.072092228164648,118.00638097444089,2
SEC_454,Ericsson,2100MHz,20,8x8,2.7936771393471638,6.104578644513959,37.70133402457064,102.78316084266416,31.33993798181174,48.63250759749374,52.59957048928691,11.141173161693702,67.81169421657147,29,0.2611132911105095,98.24614389770481,7.34316039932766,103.5980767081852,2
SEC_455,Nokia,2100MHz,20,4x4,9.303188848378237,13.3722002343526,44.36279476284731,191.36786283899752,31.282171418368097,48.735124261919644,35.65583813652301,8.253078616206453,40.45799380774908,29,1.3843618901723602,95.8177284341207,4.052480792725303,70.20637528538857,3
SEC_456,Huawei,2100MHz,20,4x4,2.5305843280078455,0.04381548932043011,40.7895836643755,183.80224634736172,31.31211596180021,48.607617260119866,74.73599430800729,5.862722820761104,68.3279769824352,38,0.9957648609055418,95.16824861699513,1.9995697295348922,95.28543261673371,0
SEC_457,Huawei,1800MHz,15,8x8,7.8117042378691925,0.5964894748285432,32.191985008858744,295.4155527635712,31.388531835393326,48.72399371297483,59.39735602265837,13.213249242184096,40.31667374675796,35,1.3846934078128468,95.70554824166325,3.507111578850935,102.19294231634953,0
SEC_458,Huawei,1800MHz,15,2x2,8.251321959287038,9.061075156068288,45.919701909201486,145.64471630544625,31.216546807924733,48.7396396861353,44.95516447130507,6.134649443232101,23.32597933647403,22,0.5750931992705915,98.04398980090197,7.944299780210326,82.02073180014325,3
SEC_459,Ericsson,1800MHz,20,8x8,4.954521034609818,13.610702470692704,38.4357225720626,174.36399346494312,31.25078755438474,48.642983306277344,26.692487214574665,11.676717883492483,53.25125906028747,26,2.697719683429972,95.89648117630024,4.1611944905499545,121.81501644950731,1
SEC_460,Ericsson,1800MHz,20,2x2,3.863489098483155,3.582849906028915,36.26973274254526,4.812365973382429,31.35599766538211,48.60839281468873,43.631096307797094,12.756996271770547,55.27413949368887,31,1.0009563234931231,96.12881537437514,8.307833416171391,69.06722149993256,0
SEC_461,Ericsson,2100MHz,15,8x8,4.501244324197597,7.044626620210635,40.54582023151242,147.50612511945806,31.219747441376533,48.67272907178389,46.69230373013494,9.619246587910117,76.0724147373116,27,0.3400929097304767,95.12569862878158,3.8756930662672824,162.7302567409949,2
SEC_462,Ericsson,2600MHz,15,8x8,2.2696469436536413,6.756979524867274,31.742293023696625,233.19872386212316,31.21513222078082,48.619718846048386,8.330322745763075,0.908755739293659,63.563679563748465,20,1.0173689592199824,98.61465336119302,1.730396742007054,128.61070901880564,2
SEC_463,Ericsson,1800MHz,10,4x4,8.893909161288443,7.094570191432653,40.18461834805367,5.582999025573185,31.272308279750806,48.62329556993467,59.10884764489483,7.0488216860169395,75.06635914966637,26,0.33801547288782385,99.05182199879718,4.922635235622474,110.46223357160609,3
SEC_464,Nokia,1800MHz,10,2x2,4.506196567297579,9.337795435946179,37.97177600798837,101.11750746704774,31.218433591694485,48.65085224628897,62.09873143116103,11.388228150112905,74.50083261458057,28,0.34761948544345433,98.98424088386062,5.070470610602251,185.35942824091572,2
SEC_465,Nokia,2100MHz,15,4x4,8.824594404560997,7.046156444860257,36.50678511997733,74.86428934418038,31.317015688441238,48.65909358492535,25.827988537421792,1.0,56.274446615494526,33,0.5101567002466688,95.63784075682142,1.1449739669440326,90.72103522320205,1
SEC_466,Ericsson,2600MHz,20,2x2,1.056934799062741,6.712022119836868,45.248320338862385,15.114754407451763,31.24525505016332,48.705994068204284,79.69135847617295,12.147179017170432,51.66572392018685,35,1.9134554691449828,99.51650563694379,1.4373839580498546,118.34127602693042,2
SEC_467,Huawei,2600MHz,20,8x8,9.882752710001313,7.114326306468907,38.360635467712854,172.5336323692335,31.379139592639874,48.7356783771006,71.40864393191524,10.358429022927142,53.44645802981599,32,0.6937431068767503,98.3613941473704,1.8650339182687499,106.68041390797623,1
SEC_468,Ericsson,2100MHz,20,8x8,4.432730874436182,8.863011619065622,33.50587967151901,65.42038556213635,31.35670001616905,48.71855418817404,90.16965914254817,9.331552900840954,78.69984846063487,36,1.136005300843106,99.48764311188432,2.022285856408074,123.92403079623473,1
SEC_469,Nokia,2100MHz,20,2x2,0.47830820394105467,8.055112325270375,37.34341567003678,267.5093542672968,31.339941041219895,48.6296720674579,50.970416586445566,10.726906823991543,66.39006150481754,30,0.49752733966442936,97.23580252265332,4.073734678792274,144.88349101199861,2
SEC_470,Nokia,2600MHz,10,4x4,0.38021848237454914,12.812039964757565,44.71019847316276,305.25403815480547,31.3233888054769,48.634417206490525,60.990303034619146,5.879330824203613,26.37595428754375,24,0.30598921667776824,97.18477430541849,6.777123990387213,116.46848129834078,3
SEC_471,Huawei,1800MHz,15,4x4,7.462072574818386,0.7424528024049992,32.817527541289515,196.4106657608932,31.37269314606829,48.77575384995858,51.65553285075373,2.7610219357723516,66.705704406884,29,3.0931281626957112,98.92268259342448,5.583002844943702,131.25381685945598,0
SEC_472,Nokia,2600MHz,20,4x4,6.5903553420368075,12.499756072095188,33.42331261901179,353.41464330761096,31.244612412308552,48.71167046301282,74.80721351975777,11.405725209861885,30.23228293389355,40,0.9252841696812709,95.46648927738372,4.653602950385072,83.48836028960226,1
SEC_473,Ericsson,2100MHz,10,4x4,8.021305581275875,12.65886918917586,30.20847308411334,162.1722857294143,31.374621768552846,48.773987566579535,20.16441039273477,13.949638516554069,46.84103294033754,28,2.7173635144223183,97.60437018317442,4.207478306707253,93.81549554608604,1
SEC_474,Huawei,1800MHz,20,8x8,1.0536753395280596,4.273620322964413,30.227040790332275,184.81255568096958,31.357898459684808,48.67430930226397,56.12456695126756,4.781794084189789,32.62758033059205,40,0.22741893048469097,99.18192117815613,3.9113898547883146,149.1486268078901,2
SEC_475,Ericsson,1800MHz,15,8x8,0.3557086703554835,6.942779325237759,43.2702660313362,356.11839142479005,31.349632165277537,48.72288000148627,45.34162863982127,6.842559769010761,61.37498393199379,27,0.15887166405576028,99.15096281534785,1.2083209472350753,117.9056849058808,4
SEC_476,Ericsson,2100MHz,10,8x8,5.085792894475785,6.578077328061532,41.71396170948729,83.35743694741757,31.312251135614982,48.70473268321092,49.59963177259222,12.25697467908231,72.63858417158214,28,1.9367129233654798,99.78066428171185,5.503002901084201,107.44970934574566,3
SEC_477,Huawei,2100MHz,15,8x8,3.8759523148276953,3.2776475153119544,35.68065690323133,339.3165382836859,31.24924883219412,48.663824697964095,36.89647199164163,11.076669279840557,37.42171312200085,34,1.1423046882911772,98.49136296765273,5.352481060764997,77.40267372749449,4
SEC_478,Ericsson,2100MHz,15,8x8,4.619469366709557,5.951952706294747,41.17297851564116,15.42151984288077,31.284709583198378,48.69398307440672,33.59128654681646,18.889325368920126,24.920644472491258,18,0.20650585268113344,96.03885314719864,2.4204765356301072,128.9978824340485,2
SEC_479,Nokia,2600MHz,10,4x4,9.91588408870274,0.6658165825628165,36.323294820959525,160.69928049475013,31.35871413090776,48.70049817536538,94.77485251670201,13.226972406477696,37.9095858844978,29,0.31383400690803015,95.1014015744729,5.515241201302232,76.55603737052618,0
SEC_480,Ericsson,2600MHz,10,4x4,9.707499576706702,4.167331091726016,45.24634873596524,25.201264367903676,31.206355696871466,48.640154194951336,99.94027476996354,12.506273415679145,60.34171147593166,23,1.612763142515363,97.39707899313551,3.803848280959318,67.71502432689682,3
SEC_481,Huawei,1800MHz,10,4x4,9.423153896731929,12.25023263176077,45.47284290281656,262.5245074489115,31.35641015385275,48.663002074475344,56.271479081558525,7.708633900015352,39.725607653267,23,0.6048957094641694,97.56851932811277,4.05094573145416,103.44777253086764,3
SEC_482,Huawei,2100MHz,10,4x4,7.838426767676738,4.268434526443463,36.28470041294949,219.0272169168064,31.24801414809751,48.75828195010139,22.838035991605484,11.574417389172048,36.6867300532282,20,1.1103018658471417,96.20131292249465,2.3221801812063427,27.925223994139287,0
SEC_483,Huawei,1800MHz,10,8x8,3.548413602568904,12.273100031223713,43.66755050145389,254.3883348483347,31.22886184014432,48.783157647890825,57.24595038891985,14.486240987426111,31.066111435055895,29,0.3832419158856255,95.62348723561801,5.969447442739112,118.33230149112924,3
SEC_484,Ericsson,1800MHz,10,8x8,4.121309302627716,7.9739919690664625,42.36942466715946,134.8129439884861,31.22314026363606,48.67195881870906,23.06095172994971,9.506827704781283,49.85098561246601,18,0.48002156606833646,97.93104083095254,7.7753532347992875,111.30832590223865,3
SEC_485,Huawei,1800MHz,10,8x8,5.4961604371892445,13.1979401604174,34.95999899474863,133.0134962512969,31.20545000239016,48.661394456441805,40.08236547757602,9.648356278788604,36.55692968943126,38,4.679092181001791,98.82127837012071,3.537994174164745,89.41589324092419,1
SEC_486,Huawei,1800MHz,20,2x2,8.305344564048399,8.621693313966228,33.712637262417694,16.314940425922057,31.304717297044288,48.63903943291438,62.983376731358625,10.424060579820798,63.86062094836899,31,0.28450989204004146,99.9657705179508,2.969149164190503,92.13645524319888,1
SEC_487,Ericsson,2100MHz,15,4x4,0.6871283251826776,0.4450233459710973,37.33175440628534,125.98017823067032,31.243651974538746,48.73569823373011,59.86397722556737,8.006503955583295,24.597344119532163,44,0.7061440289524259,98.79151308605259,5.697414676581193,96.42037286000804,4
SEC_488,Nokia,1800MHz,10,4x4,4.242968858848881,10.131303113206338,42.501581449830496,334.5438248143414,31.397886353155926,48.66461994033327,56.85451046800205,10.806890542369942,59.84198198667905,19,1.8604817264163516,98.9681620712779,2.3980897225901523,76.32617867357975,4
SEC_489,Ericsson,2100MHz,20,8x8,0.8261766345926869,0.6728035203535299,45.362684555659925,136.52155338496163,31.31488735117444,48.797549907819835,69.69353980879676,10.731916414827044,34.253600874066194,31,0.2734152803955608,98.08230439114399,6.999520479348565,105.5371788249488,4
SEC_490,Huawei,2100MHz,20,4x4,5.146575865735116,6.758955284747009,42.21726510186516,299.2923742399092,31.2275770538712,48.66513696041279,58.4002272111189,14.43995923954197,49.35675566309619,32,0.5365088945652714,99.92961329485009,6.448092651498074,92.51815208843455,4
SEC_491,Huawei,2600MHz,20,4x4,8.989008240062354,13.941400417096709,43.68331176029392,303.23718170997626,31.33775250816227,48.67882720935653,29.57206743658014,9.43182267246789,37.165395321875636,32,0.9547490828613032,98.19978192557285,1.2486169124260003,103.37356459865856,1
SEC_492,Ericsson,2100MHz,15,8x8,7.8248492456393794,2.4780590900677524,39.64902889872826,134.36681629652418,31.379548713301944,48.720666839242405,44.457037306154604,12.02418563819052,63.36612056064774,28,0.6562139884720007,99.30126643199853,1.3286834144323647,95.3281424399577,0
SEC_493,Nokia,2600MHz,10,2x2,2.2784241754310997,5.848085294123162,43.36652529347401,227.51592494262806,31.34903589907392,48.76033685863826,74.06380970105113,9.521304154023847,76.7184224150982,20,0.6152648353812642,99.72892323120477,4.607818511308084,89.42413982526257,3
SEC_494,Huawei,2100MHz,20,2x2,9.759908495987924,10.947904632727177,42.55073372805468,34.333776818301104,31.21528797220789,48.69390373306913,47.618874098459415,11.919278325346733,75.02460676818879,34,0.4502162668850818,99.6492925025028,3.648643965898667,108.35477870312911,1
SEC_495,Huawei,2100MHz,15,2x2,6.673503980464284,13.233878341422715,36.03176867082048,37.32428906433954,31.379176836238532,48.68453120675779,40.742972373464156,9.249824632624307,55.00557290864547,28,0.8834517032656397,96.90707671891678,1.778011778560587,123.43299528794532,1
SEC_496,Huawei,2100MHz,15,8x8,0.10427699397403067,10.064145071137618,38.83184483393154,17.516758918216794,31.358785877171993,48.79912756671896,34.54765799804608,11.72041896083562,47.7566181954187,29,0.9791578450554992,95.3933102915713,7.834858344608379,84.25692564496308,4
SEC_497,Ericsson,2600MHz,15,4x4,2.554134846852195,3.872598812867538,42.876049951835114,209.1654336150394,31.231660780021123,48.60209872822799,129.01676181283466,12.184707487265344,69.09803056636291,26,1.0592652591700813,95.85936851269624,2.6784772190111577,111.86419874937873,2
SEC_498,Huawei,2600MHz,20,8x8,2.607132999199165,10.119117793743243,30.736907747039304,153.38555194539492,31.210357177746562,48.77901305777025,66.25324143286991,6.800031600826573,60.9995817576638,32,0.07296658614297037,95.29611652698304,3.595477162720808,115.58291231542572,4
SEC_499,Nokia,1800MHz,10,8x8,0.6925430628585993,4.4509146165613505,42.92926851769328,197.29164839912644,31.31146211506286,48.629828165187945,85.2740308006168,13.307126262011803,31.01384685301597,27,21.143547355654746,77.32145523809241,3.1313163470839234,61.48408353980289,2
